{
 "type": "FeatureCollection",
 "features": [
  {
   "type": "Feature",
   "geometry": {
    "type": "Point",
    "coordinates": [
     114.208411,
     22.292275
    ]
   },
   "properties": {
    "district_tc": "東區",
    "district_en": "Eastern",
    "location_tc": "北角政府合署 (金偉停車場有限公司)",
    "location_en": "North Point Government Offices (GOLDWAY PARKING LIMITED)",
    "address_en": "Car park on Portions of the Ground Floor and the Basement of North Point Government Office, No. 333 Java Road, North Point, Hong Kong",
    "std": 0,
    "medium": 29,
    "quick": 0,
    "fast": 0,
    "total": 29
   }
  },
  {
   "type": "Feature",
   "geometry": {
    "type": "Point",
    "coordinates": [
     114.272443,
     22.382026
    ]
   },
   "properties": {
    "district_tc": "西貢區",
    "district_en": "Sai Kung",
    "location_tc": "西貢政府合署停車場",
    "location_en": "Sai Kung Government Offices Carpark",
    "address_en": "Man Nin Street No 24 ,Sai Kung",
    "std": 0,
    "medium": 27,
    "quick": 0,
    "fast": 0,
    "total": 27
   }
  },
  {
   "type": "Feature",
   "geometry": {
    "type": "Point",
    "coordinates": [
     114.143553,
     22.289797
    ]
   },
   "properties": {
    "district_tc": "中西區",
    "district_en": "Central & Western",
    "location_tc": "中山紀念公園體育館",
    "location_en": "Sun Yat Sen Memorial Park Sports Centre",
    "address_en": "18,Eastern Street North,Sai Ying Pun,Hong Kong",
    "std": 0,
    "medium": 6,
    "quick": 0,
    "fast": 2,
    "total": 8
   }
  },
  {
   "type": "Feature",
   "geometry": {
    "type": "Point",
    "coordinates": [
     114.118603,
     22.372847
    ]
   },
   "properties": {
    "district_tc": "荃灣區",
    "district_en": "Tsuen Wan",
    "location_tc": "荃灣停車場",
    "location_en": "Tsuen Wan Car Park",
    "address_en": "174-208 Castle Peak Road, Tsuen Wan, New Territories",
    "std": 0,
    "medium": 162,
    "quick": 0,
    "fast": 0,
    "total": 162
   }
  },
  {
   "type": "Feature",
   "geometry": {
    "type": "Point",
    "coordinates": [
     114.204757,
     22.379339
    ]
   },
   "properties": {
    "district_tc": "沙田區",
    "district_en": "Sha Tin",
    "location_tc": "圓州角綜合大樓",
    "location_en": "Yuen Chau Kok Complex",
    "address_en": "35 Ngan Shing Street, Sha Tin",
    "std": 1,
    "medium": 10,
    "quick": 0,
    "fast": 0,
    "total": 11
   }
  },
  {
   "type": "Feature",
   "geometry": {
    "type": "Point",
    "coordinates": [
     114.156618,
     22.250273
    ]
   },
   "properties": {
    "district_tc": "南區",
    "district_en": "Southern",
    "location_tc": "香港仔停車場",
    "location_en": "Aberdeen Car Park",
    "address_en": "18 Aberdeen Reservoir Road, Aberdeen, Hong Kong",
    "std": 0,
    "medium": 40,
    "quick": 0,
    "fast": 0,
    "total": 40
   }
  },
  {
   "type": "Feature",
   "geometry": {
    "type": "Point",
    "coordinates": [
     114.173602,
     22.339622
    ]
   },
   "properties": {
    "district_tc": "深水埗區",
    "district_en": "Sham Shui Po",
    "location_tc": "歌和老街公園",
    "location_en": "Cornwall Street Park",
    "address_en": "17 Cornwall Street, Kowloon Tong",
    "std": 0,
    "medium": 2,
    "quick": 0,
    "fast": 0,
    "total": 2
   }
  },
  {
   "type": "Feature",
   "geometry": {
    "type": "Point",
    "coordinates": [
     114.135684,
     22.495403
    ]
   },
   "properties": {
    "district_tc": "北區",
    "district_en": "North",
    "location_tc": "粉嶺游泳池",
    "location_en": "Fanling Swimming Pool",
    "address_en": "73 San Wan Road, Fanling",
    "std": 0,
    "medium": 5,
    "quick": 0,
    "fast": 0,
    "total": 5
   }
  },
  {
   "type": "Feature",
   "geometry": {
    "type": "Point",
    "coordinates": [
     114.03329,
     22.443072
    ]
   },
   "properties": {
    "district_tc": "元朗區",
    "district_en": "Yuen Long",
    "location_tc": "鳳琴街體育館停車場",
    "location_en": "Fung Kam Street Sports Centre Car Park",
    "address_en": "20 Fung Yau St N ,Yuen Long",
    "std": 0,
    "medium": 16,
    "quick": 2,
    "fast": 0,
    "total": 18
   }
  },
  {
   "type": "Feature",
   "geometry": {
    "type": "Point",
    "coordinates": [
     114.222359,
     22.28487
    ]
   },
   "properties": {
    "district_tc": "東區",
    "district_en": "Eastern",
    "location_tc": "港島東體育館停車場",
    "location_en": "Island East Sports Centre",
    "address_en": "52 Lei King Road, Sai Wan Ho, Hong Kong",
    "std": 0,
    "medium": 19,
    "quick": 0,
    "fast": 0,
    "total": 19
   }
  },
  {
   "type": "Feature",
   "geometry": {
    "type": "Point",
    "coordinates": [
     114.128978,
     22.28179
    ]
   },
   "properties": {
    "district_tc": "中西區",
    "district_en": "Central & Western",
    "location_tc": "堅尼地城停車場",
    "location_en": "Kennedy Town Car Park",
    "address_en": "12 Rock Hill Street, Kennedy Town, Hong Kong",
    "std": 0,
    "medium": 59,
    "quick": 0,
    "fast": 0,
    "total": 59
   }
  },
  {
   "type": "Feature",
   "geometry": {
    "type": "Point",
    "coordinates": [
     114.207161,
     22.327232
    ]
   },
   "properties": {
    "district_tc": "觀塘區",
    "district_en": "Kwun Tong",
    "location_tc": "九龍灣公園停車場",
    "location_en": "Kowloon Bay Park",
    "address_en": "11 Kai Lai Road, Kowloon Bay",
    "std": 0,
    "medium": 10,
    "quick": 2,
    "fast": 0,
    "total": 12
   }
  },
  {
   "type": "Feature",
   "geometry": {
    "type": "Point",
    "coordinates": [
     114.127315,
     22.355485
    ]
   },
   "properties": {
    "district_tc": "葵青區",
    "district_en": "Kwai Tsing",
    "location_tc": "葵芳停車場",
    "location_en": "Kwai Fong Car Park",
    "address_en": "19 Kwai Yi Road, Kwai Fong",
    "std": 0,
    "medium": 94,
    "quick": 0,
    "fast": 0,
    "total": 94
   }
  },
  {
   "type": "Feature",
   "geometry": {
    "type": "Point",
    "coordinates": [
     114.173066,
     22.446042
    ]
   },
   "properties": {
    "district_tc": "大埔區",
    "district_en": "Tai Po",
    "location_tc": "廣福公園停車場",
    "location_en": "Kwong Fuk Park",
    "address_en": "Kwong Chun Street, Tai Po",
    "std": 0,
    "medium": 5,
    "quick": 0,
    "fast": 0,
    "total": 5
   }
  },
  {
   "type": "Feature",
   "geometry": {
    "type": "Point",
    "coordinates": [
     114.138222,
     22.339746
    ]
   },
   "properties": {
    "district_tc": "深水埗區",
    "district_en": "Sham Shui Po",
    "location_tc": "荔枝角公園",
    "location_en": "Lai Chi Kok Park",
    "address_en": "1 Lai Wan Road, Lai Chi Kok, Kowloon",
    "std": 0,
    "medium": 8,
    "quick": 0,
    "fast": 0,
    "total": 8
   }
  },
  {
   "type": "Feature",
   "geometry": {
    "type": "Point",
    "coordinates": [
     114.238831,
     22.292269
    ]
   },
   "properties": {
    "district_tc": "觀塘區",
    "district_en": "Kwun Tong",
    "location_tc": "鯉魚門市政大廈",
    "location_en": "Lei Yue Mun Municipal Services Building",
    "address_en": "6 Lei Yue Mun Path, Yau Tong",
    "std": 0,
    "medium": 6,
    "quick": 0,
    "fast": 0,
    "total": 6
   }
  },
  {
   "type": "Feature",
   "geometry": {
    "type": "Point",
    "coordinates": [
     114.171295,
     22.343042
    ]
   },
   "properties": {
    "district_tc": "深水埗區",
    "district_en": "Sham Shui Po",
    "location_tc": "龍翔道觀景台",
    "location_en": "Lung Cheung Road Lookout",
    "address_en": "Lung Cheung Road",
    "std": 0,
    "medium": 4,
    "quick": 0,
    "fast": 0,
    "total": 4
   }
  },
  {
   "type": "Feature",
   "geometry": {
    "type": "Point",
    "coordinates": [
     114.229124,
     22.420569
    ]
   },
   "properties": {
    "district_tc": "沙田區",
    "district_en": "Sha Tin",
    "location_tc": "馬鞍山運動場",
    "location_en": "Ma On Shan Sports Ground",
    "address_en": "No. 1 Hang Hong Street, Ma On Shan, Sha Tin",
    "std": 0,
    "medium": 15,
    "quick": 0,
    "fast": 0,
    "total": 15
   }
  },
  {
   "type": "Feature",
   "geometry": {
    "type": "Point",
    "coordinates": [
     114.228794,
     22.426812
    ]
   },
   "properties": {
    "district_tc": "沙田區",
    "district_en": "Sha Tin",
    "location_tc": "馬鞍山游泳池",
    "location_en": "Ma On Shan Swimming Pool",
    "address_en": "33 On Chun Street, Ma On Shan, Sha Tin",
    "std": 0,
    "medium": 6,
    "quick": 2,
    "fast": 0,
    "total": 8
   }
  },
  {
   "type": "Feature",
   "geometry": {
    "type": "Point",
    "coordinates": [
     114.138268,
     22.494642
    ]
   },
   "properties": {
    "district_tc": "北區",
    "district_en": "North",
    "location_tc": "北區政府合署停車場",
    "location_en": "Car Park of North District Government Offices",
    "address_en": "No. 3 Pik Fung Road, Fanling, New Territories, Hong Kong",
    "std": 0,
    "medium": 26,
    "quick": 0,
    "fast": 0,
    "total": 26
   }
  },
  {
   "type": "Feature",
   "geometry": {
    "type": "Point",
    "coordinates": [
     114.13047,
     22.506212
    ]
   },
   "properties": {
    "district_tc": "北區",
    "district_en": "North",
    "location_tc": "北區運動場",
    "location_en": "North District Sports Ground",
    "address_en": "26 Tin Ping Road, Sheung Shui",
    "std": 0,
    "medium": 8,
    "quick": 0,
    "fast": 0,
    "total": 8
   }
  },
  {
   "type": "Feature",
   "geometry": {
    "type": "Point",
    "coordinates": [
     114.128764,
     22.497283
    ]
   },
   "properties": {
    "district_tc": "北區",
    "district_en": "North",
    "location_tc": "保榮路體育館",
    "location_en": "Po Wing Road Sports Centre",
    "address_en": "19 Pak Wo Road, Sheung Shui",
    "std": 0,
    "medium": 3,
    "quick": 0,
    "fast": 0,
    "total": 3
   }
  },
  {
   "type": "Feature",
   "geometry": {
    "type": "Point",
    "coordinates": [
     114.163887,
     22.277721
    ]
   },
   "properties": {
    "district_tc": "中西區",
    "district_en": "Central & Western",
    "location_tc": "金鐘道政府合署",
    "location_en": "Queensway Government Offices",
    "address_en": "No. 66 Queensway, Hong kong",
    "std": 0,
    "medium": 48,
    "quick": 0,
    "fast": 0,
    "total": 48
   }
  },
  {
   "type": "Feature",
   "geometry": {
    "type": "Point",
    "coordinates": [
     114.196281,
     22.386976
    ]
   },
   "properties": {
    "district_tc": "沙田區",
    "district_en": "Sha Tin",
    "location_tc": "沙田運動場 & 源禾遊樂場停車場",
    "location_en": "Sha Tin Sports Ground & Yuen Wo Playground Car Park",
    "address_en": "18 Yuen Wo Road, Sha Tin, N.T.",
    "std": 0,
    "medium": 6,
    "quick": 0,
    "fast": 0,
    "total": 6
   }
  },
  {
   "type": "Feature",
   "geometry": {
    "type": "Point",
    "coordinates": [
     114.151231,
     22.33691
    ]
   },
   "properties": {
    "district_tc": "深水埗區",
    "district_en": "Sham Shui Po",
    "location_tc": "深水埗運動場",
    "location_en": "Sham Shui Po Sports Ground",
    "address_en": "3 Hing Wah Street, Cheung Sha Wan, Kowloon",
    "std": 0,
    "medium": 2,
    "quick": 0,
    "fast": 0,
    "total": 2
   }
  },
  {
   "type": "Feature",
   "geometry": {
    "type": "Point",
    "coordinates": [
     114.131584,
     22.505968
    ]
   },
   "properties": {
    "district_tc": "北區",
    "district_en": "North",
    "location_tc": "上水游泳池",
    "location_en": "Sheung Shui Swimming Pool",
    "address_en": "38 Tin Ping Road, Sheung Shui",
    "std": 0,
    "medium": 3,
    "quick": 0,
    "fast": 0,
    "total": 3
   }
  },
  {
   "type": "Feature",
   "geometry": {
    "type": "Point",
    "coordinates": [
     114.225083,
     22.329178
    ]
   },
   "properties": {
    "district_tc": "觀塘區",
    "district_en": "Kwun Tong",
    "location_tc": "順利邨公園",
    "location_en": "Shun Lee Tsuen Park",
    "address_en": "Shun Lee Tsuen Park",
    "std": 0,
    "medium": 4,
    "quick": 0,
    "fast": 0,
    "total": 4
   }
  },
  {
   "type": "Feature",
   "geometry": {
    "type": "Point",
    "coordinates": [
     114.205784,
     22.386974
    ]
   },
   "properties": {
    "district_tc": "沙田區",
    "district_en": "Sha Tin",
    "location_tc": "小瀝源路遊樂場",
    "location_en": "Siu Lek Yuen Road Playground",
    "address_en": "No. 1 Siu Lek Yuen Road, Sha Tin",
    "std": 0,
    "medium": 3,
    "quick": 0,
    "fast": 0,
    "total": 3
   }
  },
  {
   "type": "Feature",
   "geometry": {
    "type": "Point",
    "coordinates": [
     114.144469,
     22.289491
    ]
   },
   "properties": {
    "district_tc": "中西區",
    "district_en": "Central & Western",
    "location_tc": "中山紀念公園",
    "location_en": "Sun Yat Sen Memorial Park",
    "address_en": "16 Eastern Street North, Sai Ying Pun, Hong Kong",
    "std": 0,
    "medium": 12,
    "quick": 0,
    "fast": 2,
    "total": 14
   }
  },
  {
   "type": "Feature",
   "geometry": {
    "type": "Point",
    "coordinates": [
     114.166718,
     22.446348
    ]
   },
   "properties": {
    "district_tc": "大埔區",
    "district_en": "Tai Po",
    "location_tc": "大埔綜合大樓停車場",
    "location_en": "Tai Po Complex Car Park",
    "address_en": "No. 8 Heung Sze Wui Street, Tai Po",
    "std": 0,
    "medium": 5,
    "quick": 0,
    "fast": 0,
    "total": 5
   }
  },
  {
   "type": "Feature",
   "geometry": {
    "type": "Point",
    "coordinates": [
     114.163034,
     22.45551
    ]
   },
   "properties": {
    "district_tc": "大埔區",
    "district_en": "Tai Po",
    "location_tc": "大埔運動場停車場",
    "location_en": "Tai Po Sports Ground",
    "address_en": "21 Tai Po Tau Road, Tai Po",
    "std": 0,
    "medium": 3,
    "quick": 0,
    "fast": 0,
    "total": 3
   }
  },
  {
   "type": "Feature",
   "geometry": {
    "type": "Point",
    "coordinates": [
     114.191665,
     22.282882
    ]
   },
   "properties": {
    "district_tc": "灣仔區",
    "district_en": "Wan Chai",
    "location_tc": "天后停車場",
    "location_en": "Tin Hau Car Park",
    "address_en": "1 King's Road, Causeway Bay",
    "std": 0,
    "medium": 159,
    "quick": 2,
    "fast": 0,
    "total": 161
   }
  },
  {
   "type": "Feature",
   "geometry": {
    "type": "Point",
    "coordinates": [
     114.197938,
     22.33266
    ]
   },
   "properties": {
    "district_tc": "九龍城區",
    "district_en": "Kowloon City",
    "location_tc": "工業貿易大樓停車場",
    "location_en": "Trade and Industry Tower Car Park",
    "address_en": "No. 3 Concords Road, Kai Tak, Kowloon, Hong Kong",
    "std": 0,
    "medium": 20,
    "quick": 0,
    "fast": 0,
    "total": 20
   }
  },
  {
   "type": "Feature",
   "geometry": {
    "type": "Point",
    "coordinates": [
     113.976276,
     22.390317
    ]
   },
   "properties": {
    "district_tc": "屯門區",
    "district_en": "Tuen Mun",
    "location_tc": "屯門政府合署",
    "location_en": "Tuen Mun Government Offices",
    "address_en": "NO. 1 TUEN HI ROAD, TUEN MUN, NEW TERRITORIES, HONG KONG",
    "std": 0,
    "medium": 22,
    "quick": 0,
    "fast": 0,
    "total": 22
   }
  },
  {
   "type": "Feature",
   "geometry": {
    "type": "Point",
    "coordinates": [
     113.965358,
     22.408291
    ]
   },
   "properties": {
    "district_tc": "屯門區",
    "district_en": "Tuen Mun",
    "location_tc": "屯門西北游泳池",
    "location_en": "Tuen Mun North West Swimming Pool",
    "address_en": "95 Ming Kum Road, Tuen Mun",
    "std": 0,
    "medium": 9,
    "quick": 0,
    "fast": 0,
    "total": 9
   }
  },
  {
   "type": "Feature",
   "geometry": {
    "type": "Point",
    "coordinates": [
     114.143127,
     22.484745
    ]
   },
   "properties": {
    "district_tc": "北區",
    "district_en": "North",
    "location_tc": "和興體育館",
    "location_en": "Wo Hing Sports Centre",
    "address_en": "No.8 Wo Ming Lane, Fanling",
    "std": 0,
    "medium": 4,
    "quick": 0,
    "fast": 0,
    "total": 4
   }
  },
  {
   "type": "Feature",
   "geometry": {
    "type": "Point",
    "coordinates": [
     113.971387,
     22.38542
    ]
   },
   "properties": {
    "district_tc": "屯門區",
    "district_en": "Tuen Mun",
    "location_tc": "友愛體育館",
    "location_en": "Yau Oi Sports Centre",
    "address_en": "3 Hing On Lane, Tuen Mun",
    "std": 0,
    "medium": 3,
    "quick": 0,
    "fast": 0,
    "total": 3
   }
  },
  {
   "type": "Feature",
   "geometry": {
    "type": "Point",
    "coordinates": [
     114.160364,
     22.331759
    ]
   },
   "properties": {
    "district_tc": "深水埗區",
    "district_en": "Sham Shui Po",
    "location_tc": "長沙灣政府合署停車場",
    "location_en": "Cheung Sha Wan Government Offices Car Park",
    "address_en": "303 Cheung Sha Wan Road, Kowloon",
    "std": 0,
    "medium": 71,
    "quick": 0,
    "fast": 0,
    "total": 71
   }
  },
  {
   "type": "Feature",
   "geometry": {
    "type": "Point",
    "coordinates": [
     114.128154,
     22.360847
    ]
   },
   "properties": {
    "district_tc": "葵青區",
    "district_en": "Kwai Tsing",
    "location_tc": "興芳路遊樂場",
    "location_en": "Hing Fong Road Playground",
    "address_en": "Hing Fong Road, Kwai Chung",
    "std": 0,
    "medium": 3,
    "quick": 0,
    "fast": 0,
    "total": 3
   }
  },
  {
   "type": "Feature",
   "geometry": {
    "type": "Point",
    "coordinates": [
     114.170559,
     22.302712
    ]
   },
   "properties": {
    "district_tc": "油尖旺區",
    "district_en": "Yau Tsim Mong",
    "location_tc": "九龍公園",
    "location_en": "Kowloon Park",
    "address_en": "22, Austin Road, Tsim Sha Tsui, Kowloon",
    "std": 0,
    "medium": 9,
    "quick": 0,
    "fast": 0,
    "total": 9
   }
  },
  {
   "type": "Feature",
   "geometry": {
    "type": "Point",
    "coordinates": [
     114.124318,
     22.35872
    ]
   },
   "properties": {
    "district_tc": "葵青區",
    "district_en": "Kwai Tsing",
    "location_tc": "葵涌運動場",
    "location_en": "Kwai Chung Sports Ground",
    "address_en": "93 Hing Shing Road, Kwai Chung",
    "std": 0,
    "medium": 3,
    "quick": 0,
    "fast": 0,
    "total": 3
   }
  },
  {
   "type": "Feature",
   "geometry": {
    "type": "Point",
    "coordinates": [
     114.206249,
     22.34472
    ]
   },
   "properties": {
    "district_tc": "黃大仙區",
    "district_en": "Wong Tai Sin",
    "location_tc": "蒲崗村道公園",
    "location_en": "Po Kong Village Road Park",
    "address_en": "140 Po Kong Village Road, Diamond Hill, Kowloon",
    "std": 0,
    "medium": 3,
    "quick": 0,
    "fast": 0,
    "total": 3
   }
  },
  {
   "type": "Feature",
   "geometry": {
    "type": "Point",
    "coordinates": [
     114.153227,
     22.287408
    ]
   },
   "properties": {
    "district_tc": "中西區",
    "district_en": "Central & Western",
    "location_tc": "林士街停車場",
    "location_en": "Rumsey Street Car Park",
    "address_en": "2 Rumsey Street, Sheung Wan, Hong Kong",
    "std": 0,
    "medium": 110,
    "quick": 0,
    "fast": 4,
    "total": 114
   }
  },
  {
   "type": "Feature",
   "geometry": {
    "type": "Point",
    "coordinates": [
     114.189529,
     22.380757
    ]
   },
   "properties": {
    "district_tc": "沙田區",
    "district_en": "Sha Tin",
    "location_tc": "沙田大會堂停車場",
    "location_en": "Sha Tin Town Hall Carpark",
    "address_en": "Yuen Wo Road No1 ,Sha Tin",
    "std": 0,
    "medium": 5,
    "quick": 0,
    "fast": 0,
    "total": 5
   }
  },
  {
   "type": "Feature",
   "geometry": {
    "type": "Point",
    "coordinates": [
     114.186986,
     22.385733
    ]
   },
   "properties": {
    "district_tc": "沙田區",
    "district_en": "Sha Tin",
    "location_tc": "沙田政府合署",
    "location_en": "Shatin Government Offices",
    "address_en": "1 sheung wo che road, shatin",
    "std": 0,
    "medium": 74,
    "quick": 0,
    "fast": 0,
    "total": 74
   }
  },
  {
   "type": "Feature",
   "geometry": {
    "type": "Point",
    "coordinates": [
     114.229296,
     22.278807
    ]
   },
   "properties": {
    "district_tc": "東區",
    "district_en": "Eastern",
    "location_tc": "筲箕灣停車場",
    "location_en": "Shau Kei Wan Car Park",
    "address_en": "1 Po Man Street, Shau Kei Wan, Hong Kong",
    "std": 0,
    "medium": 116,
    "quick": 2,
    "fast": 0,
    "total": 118
   }
  },
  {
   "type": "Feature",
   "geometry": {
    "type": "Point",
    "coordinates": [
     114.197059,
     22.343959
    ]
   },
   "properties": {
    "district_tc": "黃大仙區",
    "district_en": "Wong Tai Sin",
    "location_tc": "雙鳳街停車場",
    "location_en": "Sheung Fung Street Car Park",
    "address_en": "Sheung Fung Street, Wong Tai Sin, Kowloon",
    "std": 0,
    "medium": 82,
    "quick": 0,
    "fast": 0,
    "total": 82
   }
  },
  {
   "type": "Feature",
   "geometry": {
    "type": "Point",
    "coordinates": [
     114.247908,
     22.26751
    ]
   },
   "properties": {
    "district_tc": "東區",
    "district_en": "Eastern",
    "location_tc": "小西灣運動場停車場",
    "location_en": "Siu Sai Wan Sports Ground",
    "address_en": "8 Fu Hong Street, Siu Sai Wan",
    "std": 0,
    "medium": 15,
    "quick": 0,
    "fast": 0,
    "total": 15
   }
  },
  {
   "type": "Feature",
   "geometry": {
    "type": "Point",
    "coordinates": [
     114.254715,
     22.305891
    ]
   },
   "properties": {
    "district_tc": "西貢區",
    "district_en": "Sai Kung",
    "location_tc": "調景嶺體育館",
    "location_en": "Tiu Keng Leng Sports Centre",
    "address_en": "2 Chui Ling Road, Tseung Kwan O",
    "std": 0,
    "medium": 2,
    "quick": 0,
    "fast": 0,
    "total": 2
   }
  },
  {
   "type": "Feature",
   "geometry": {
    "type": "Point",
    "coordinates": [
     114.262627,
     22.311632
    ]
   },
   "properties": {
    "district_tc": "西貢區",
    "district_en": "Sai Kung",
    "location_tc": "將軍澳運動場",
    "location_en": "Tseung Kwan O Sports Ground",
    "address_en": "109 Po Hong Road, Tseung Kwan O",
    "std": 0,
    "medium": 3,
    "quick": 0,
    "fast": 2,
    "total": 5
   }
  },
  {
   "type": "Feature",
   "geometry": {
    "type": "Point",
    "coordinates": [
     114.260124,
     22.317913
    ]
   },
   "properties": {
    "district_tc": "西貢區",
    "district_en": "Sai Kung",
    "location_tc": "將軍澳游泳池",
    "location_en": "Tseung Kwan O Swimming Pool",
    "address_en": "9 Wan Lung Road, Tseung Kwan O",
    "std": 0,
    "medium": 4,
    "quick": 0,
    "fast": 0,
    "total": 4
   }
  },
  {
   "type": "Feature",
   "geometry": {
    "type": "Point",
    "coordinates": [
     114.102234,
     22.3514
    ]
   },
   "properties": {
    "district_tc": "葵青區",
    "district_en": "Kwai Tsing",
    "location_tc": "青衣西南康體大樓",
    "location_en": "Tsing Yi Southwest Leisure Building",
    "address_en": "70 Chung Mei Road, Tsing Yi",
    "std": 6,
    "medium": 3,
    "quick": 0,
    "fast": 0,
    "total": 9
   }
  },
  {
   "type": "Feature",
   "geometry": {
    "type": "Point",
    "coordinates": [
     114.000643,
     22.263359
    ]
   },
   "properties": {
    "district_tc": "離島區",
    "district_en": "Islands",
    "location_tc": "梅窩碼頭路停車場",
    "location_en": "Mui Wo Ferry Pier Road Car Park",
    "address_en": "14 Mui Wo Ferry Pier Road, Mui Wo",
    "std": 0,
    "medium": 9,
    "quick": 0,
    "fast": 0,
    "total": 9
   }
  },
  {
   "type": "Feature",
   "geometry": {
    "type": "Point",
    "coordinates": [
     114.16044,
     22.282755
    ]
   },
   "properties": {
    "district_tc": "中西區",
    "district_en": "Central & Western",
    "location_tc": "天星停車場",
    "location_en": "Star Ferry Car Park",
    "address_en": "9 Edinburgh Place, Central, Hong Kong",
    "std": 0,
    "medium": 35,
    "quick": 0,
    "fast": 0,
    "total": 35
   }
  },
  {
   "type": "Feature",
   "geometry": {
    "type": "Point",
    "coordinates": [
     114.004585,
     22.469225
    ]
   },
   "properties": {
    "district_tc": "元朗區",
    "district_en": "Yuen Long",
    "location_tc": "香港濕地公園停車場",
    "location_en": "Hong Kong Wetland Park Car Park",
    "address_en": "Wetland Park Road, Tin Shui Wai, NT",
    "std": 0,
    "medium": 2,
    "quick": 0,
    "fast": 0,
    "total": 2
   }
  },
  {
   "type": "Feature",
   "geometry": {
    "type": "Point",
    "coordinates": [
     113.863376,
     22.252567
    ]
   },
   "properties": {
    "district_tc": "離島區",
    "district_en": "Islands",
    "location_tc": "大澳停車場",
    "location_en": "Tai O Carpark",
    "address_en": "Tai O Road, Tai O, Lantau",
    "std": 0,
    "medium": 9,
    "quick": 0,
    "fast": 0,
    "total": 9
   }
  },
  {
   "type": "Feature",
   "geometry": {
    "type": "Point",
    "coordinates": [
     114.207493,
     22.291217
    ]
   },
   "properties": {
    "district_tc": "東區",
    "district_en": "Eastern",
    "location_tc": "K11 ATELIER KING'S ROAD",
    "location_en": "K11 ATELIER KING'S ROAD",
    "address_en": "728 KING'S ROAD",
    "std": 0,
    "medium": 10,
    "quick": 10,
    "fast": 0,
    "total": 20
   }
  },
  {
   "type": "Feature",
   "geometry": {
    "type": "Point",
    "coordinates": [
     114.174901,
     22.294438
    ]
   },
   "properties": {
    "district_tc": "油尖旺區",
    "district_en": "Yau Tsim Mong",
    "location_tc": "K11 人文購物藝術館",
    "location_en": "K11 MUSEA",
    "address_en": "18 SALISBURY RD",
    "std": 0,
    "medium": 77,
    "quick": 10,
    "fast": 0,
    "total": 87
   }
  },
  {
   "type": "Feature",
   "geometry": {
    "type": "Point",
    "coordinates": [
     114.178272,
     22.302197
    ]
   },
   "properties": {
    "district_tc": "油尖旺區",
    "district_en": "Yau Tsim Mong",
    "location_tc": "康宏廣場",
    "location_en": "CONCORDIA PLAZA",
    "address_en": "SCIENCE MUSEUM ROAD, YAU TSIM MONG",
    "std": 0,
    "medium": 0,
    "quick": 4,
    "fast": 0,
    "total": 4
   }
  },
  {
   "type": "Feature",
   "geometry": {
    "type": "Point",
    "coordinates": [
     114.146013,
     22.500987
    ]
   },
   "properties": {
    "district_tc": "北區",
    "district_en": "North",
    "location_tc": "逸峯",
    "location_en": "Green Code",
    "address_en": "MA SIK ROAD, NORTH",
    "std": 0,
    "medium": 0,
    "quick": 4,
    "fast": 0,
    "total": 4
   }
  },
  {
   "type": "Feature",
   "geometry": {
    "type": "Point",
    "coordinates": [
     114.172507,
     22.364076
    ]
   },
   "properties": {
    "district_tc": "沙田區",
    "district_en": "Sha Tin",
    "location_tc": "顯徑停車場",
    "location_en": "Hin Keng Car Park",
    "address_en": "Hin Keng Shopping Centre, 69 Che Kung Miu Road, Tai Wai, Sha Tin, New Territories",
    "std": 0,
    "medium": 15,
    "quick": 8,
    "fast": 0,
    "total": 23
   }
  },
  {
   "type": "Feature",
   "geometry": {
    "type": "Point",
    "coordinates": [
     114.031446,
     22.445094
    ]
   },
   "properties": {
    "district_tc": "元朗區",
    "district_en": "Yuen Long",
    "location_tc": "萬金中心",
    "location_en": "Golden Plaza",
    "address_en": "28 Shui Che Kwun Street, Yuen Long",
    "std": 0,
    "medium": 2,
    "quick": 2,
    "fast": 0,
    "total": 4
   }
  },
  {
   "type": "Feature",
   "geometry": {
    "type": "Point",
    "coordinates": [
     113.969645,
     22.396298
    ]
   },
   "properties": {
    "district_tc": "屯門區",
    "district_en": "Tuen Mun",
    "location_tc": "百利中心",
    "location_en": "Parklane Centre",
    "address_en": "25 Kin Wing Street, Tuen Mun",
    "std": 0,
    "medium": 0,
    "quick": 4,
    "fast": 0,
    "total": 4
   }
  },
  {
   "type": "Feature",
   "geometry": {
    "type": "Point",
    "coordinates": [
     113.966837,
     22.373358
    ]
   },
   "properties": {
    "district_tc": "屯門區",
    "district_en": "Tuen Mun",
    "location_tc": "兆禧停車場",
    "location_en": "Siu Hei Car Park",
    "address_en": "Siu Hei Commercial Centre, 201 Wu Chui Road, Tuen Mun, New Territories",
    "std": 0,
    "medium": 0,
    "quick": 2,
    "fast": 0,
    "total": 2
   }
  },
  {
   "type": "Feature",
   "geometry": {
    "type": "Point",
    "coordinates": [
     114.167694,
     22.300291
    ]
   },
   "properties": {
    "district_tc": "油尖旺區",
    "district_en": "Yau Tsim Mong",
    "location_tc": "中港城",
    "location_en": "China Hong Kong City",
    "address_en": "33 Canton Road, Tsim Sha Tsui",
    "std": 0,
    "medium": 40,
    "quick": 3,
    "fast": 1,
    "total": 44
   }
  },
  {
   "type": "Feature",
   "geometry": {
    "type": "Point",
    "coordinates": [
     114.161579,
     22.304932
    ]
   },
   "properties": {
    "district_tc": "油尖旺區",
    "district_en": "Yau Tsim Mong",
    "location_tc": "圓方停車場",
    "location_en": "ELEMENTS Carpark",
    "address_en": "1 Austin Road West, Kowloon",
    "std": 0,
    "medium": 9,
    "quick": 97,
    "fast": 6,
    "total": 112
   }
  },
  {
   "type": "Feature",
   "geometry": {
    "type": "Point",
    "coordinates": [
     114.130171,
     22.262076
    ]
   },
   "properties": {
    "district_tc": "南區",
    "district_en": "Southern",
    "location_tc": "數碼港停車場(一&二)",
    "location_en": "Cyberport Carpark 1 & 2",
    "address_en": "100 Cyberport Rd, Telegraph Bay, Southern District",
    "std": 0,
    "medium": 6,
    "quick": 20,
    "fast": 0,
    "total": 26
   }
  },
  {
   "type": "Feature",
   "geometry": {
    "type": "Point",
    "coordinates": [
     114.238897,
     22.278001
    ]
   },
   "properties": {
    "district_tc": "東區",
    "district_en": "Eastern",
    "location_tc": "杏花新城停車場",
    "location_en": "Paradise Mall Carpark",
    "address_en": "100 SHING TAI ROAD, Eastern District, Hong Kong",
    "std": 0,
    "medium": 4,
    "quick": 15,
    "fast": 2,
    "total": 21
   }
  },
  {
   "type": "Feature",
   "geometry": {
    "type": "Point",
    "coordinates": [
     114.158223,
     22.31969
    ]
   },
   "properties": {
    "district_tc": "油尖旺區",
    "district_en": "Yau Tsim Mong",
    "location_tc": "奧海城一期",
    "location_en": "Olympian City 1",
    "address_en": "11 Hoi Fai Road, West Kowloon",
    "std": 0,
    "medium": 35,
    "quick": 11,
    "fast": 0,
    "total": 46
   }
  },
  {
   "type": "Feature",
   "geometry": {
    "type": "Point",
    "coordinates": [
     114.171673,
     22.274592
    ]
   },
   "properties": {
    "district_tc": "灣仔區",
    "district_en": "Wan Chai",
    "location_tc": "合和中心",
    "location_en": "Hopewell Centre",
    "address_en": "183 Queen’s Road East, Wan Chai, Hong Kong (Entrance on Kennedy Road)",
    "std": 0,
    "medium": 8,
    "quick": 19,
    "fast": 1,
    "total": 28
   }
  },
  {
   "type": "Feature",
   "geometry": {
    "type": "Point",
    "coordinates": [
     114.120427,
     22.368918
    ]
   },
   "properties": {
    "district_tc": "荃灣區",
    "district_en": "Tsuen Wan",
    "location_tc": "悅來坊商場",
    "location_en": "Panda Place",
    "address_en": "3 Tsuen Wah Street, Tsuen Wan, Hong Kong",
    "std": 0,
    "medium": 16,
    "quick": 16,
    "fast": 0,
    "total": 32
   }
  },
  {
   "type": "Feature",
   "geometry": {
    "type": "Point",
    "coordinates": [
     114.18465,
     22.278552
    ]
   },
   "properties": {
    "district_tc": "灣仔區",
    "district_en": "Wan Chai",
    "location_tc": "利園一期停車場",
    "location_en": "LEE GARDEN ONE CAR PARK",
    "address_en": "33 HYSAN AVENUE, Wan Chai District, Hong Kong",
    "std": 0,
    "medium": 33,
    "quick": 3,
    "fast": 0,
    "total": 36
   }
  },
  {
   "type": "Feature",
   "geometry": {
    "type": "Point",
    "coordinates": [
     114.106691,
     22.358198
    ]
   },
   "properties": {
    "district_tc": "葵青區",
    "district_en": "Kwai Tsing",
    "location_tc": "港鐵青衣城停車場",
    "location_en": "MTR Maritime Square Car Park",
    "address_en": "33 TSING KING ROAD, Kwai Tsing District, New Territories",
    "std": 0,
    "medium": 0,
    "quick": 21,
    "fast": 0,
    "total": 21
   }
  },
  {
   "type": "Feature",
   "geometry": {
    "type": "Point",
    "coordinates": [
     114.151955,
     22.33905
    ]
   },
   "properties": {
    "district_tc": "深水埗區",
    "district_en": "Sham Shui Po",
    "location_tc": "麗新商業中心",
    "location_en": "Lai Sun Commercial Centre",
    "address_en": "680 Cheung Sha Wan Road, Kowloon",
    "std": 0,
    "medium": 11,
    "quick": 2,
    "fast": 4,
    "total": 17
   }
  },
  {
   "type": "Feature",
   "geometry": {
    "type": "Point",
    "coordinates": [
     114.148705,
     22.337114
    ]
   },
   "properties": {
    "district_tc": "深水埗區",
    "district_en": "Sham Shui Po",
    "location_tc": "長沙灣廣場",
    "location_en": "Cheung Sha Wan Plaza",
    "address_en": "833 Cheung Sha Wan Road, Kowloon",
    "std": 0,
    "medium": 43,
    "quick": 9,
    "fast": 0,
    "total": 52
   }
  },
  {
   "type": "Feature",
   "geometry": {
    "type": "Point",
    "coordinates": [
     114.165382,
     22.277634
    ]
   },
   "properties": {
    "district_tc": "中西區",
    "district_en": "Central & Western",
    "location_tc": "太古廣場",
    "location_en": "Pacific Place",
    "address_en": "88 Queensway, Hong Kong",
    "std": 0,
    "medium": 0,
    "quick": 27,
    "fast": 0,
    "total": 27
   }
  },
  {
   "type": "Feature",
   "geometry": {
    "type": "Point",
    "coordinates": [
     114.259223,
     22.308019
    ]
   },
   "properties": {
    "district_tc": "西貢區",
    "district_en": "Sai Kung",
    "location_tc": "Popcorn 一期停車場",
    "location_en": "Popcorn I Carpark",
    "address_en": "9 TONG YIN STREET, Sai Kung District, New Territories",
    "std": 0,
    "medium": 0,
    "quick": 3,
    "fast": 0,
    "total": 3
   }
  },
  {
   "type": "Feature",
   "geometry": {
    "type": "Point",
    "coordinates": [
     114.212232,
     22.287686
    ]
   },
   "properties": {
    "district_tc": "東區",
    "district_en": "Eastern",
    "location_tc": "林肯大廈",
    "location_en": "Lincoln House",
    "address_en": "979 King's Road, Quarry Bay, Hong Kong",
    "std": 0,
    "medium": 0,
    "quick": 4,
    "fast": 0,
    "total": 4
   }
  },
  {
   "type": "Feature",
   "geometry": {
    "type": "Point",
    "coordinates": [
     114.198281,
     22.23546
    ]
   },
   "properties": {
    "district_tc": "南區",
    "district_en": "Southern",
    "location_tc": "The Pulse",
    "location_en": "The Pulse",
    "address_en": "BEACH ROAD, SOUTHERN",
    "std": 0,
    "medium": 1,
    "quick": 13,
    "fast": 0,
    "total": 14
   }
  },
  {
   "type": "Feature",
   "geometry": {
    "type": "Point",
    "coordinates": [
     114.187011,
     22.339307
    ]
   },
   "properties": {
    "district_tc": "黃大仙區",
    "district_en": "Wong Tai Sin",
    "location_tc": "樂富街市停車場",
    "location_en": "Lok Fu Market Car Park",
    "address_en": "Lok Fu Place, 198 Junction Road, Wang Tau Hom, Kowloon",
    "std": 0,
    "medium": 6,
    "quick": 4,
    "fast": 0,
    "total": 10
   }
  },
  {
   "type": "Feature",
   "geometry": {
    "type": "Point",
    "coordinates": [
     114.179285,
     22.311276
    ]
   },
   "properties": {
    "district_tc": "九龍城區",
    "district_en": "Kowloon City",
    "location_tc": "愛民停車場",
    "location_en": "Oi Man Car Park",
    "address_en": "Oi Man Plaza, 60 Chung Hau Street, Ho Man Tin, Kowloon",
    "std": 0,
    "medium": 18,
    "quick": 10,
    "fast": 0,
    "total": 28
   }
  },
  {
   "type": "Feature",
   "geometry": {
    "type": "Point",
    "coordinates": [
     114.196907,
     22.333582
    ]
   },
   "properties": {
    "district_tc": "黃大仙區",
    "district_en": "Wong Tai Sin",
    "location_tc": "譽．港灣停車場",
    "location_en": "The Latitude Carpark",
    "address_en": "PRINCE EDWARD ROAD EAST, WONG TAI SIN",
    "std": 0,
    "medium": 0,
    "quick": 10,
    "fast": 0,
    "total": 10
   }
  },
  {
   "type": "Feature",
   "geometry": {
    "type": "Point",
    "coordinates": [
     114.174298,
     22.337508
    ]
   },
   "properties": {
    "district_tc": "深水埗區",
    "district_en": "Sham Shui Po",
    "location_tc": "又一城",
    "location_en": "FESTIVAL WALK",
    "address_en": "TAT CHEE AVENUE, SHAM SHUI PO",
    "std": 0,
    "medium": 30,
    "quick": 8,
    "fast": 2,
    "total": 40
   }
  },
  {
   "type": "Feature",
   "geometry": {
    "type": "Point",
    "coordinates": [
     114.213428,
     22.316533
    ]
   },
   "properties": {
    "district_tc": "觀塘區",
    "district_en": "Kwun Tong",
    "location_tc": "海濱匯停車場",
    "location_en": "The Quayside Car Park",
    "address_en": "The Quayside,77 Hoi Bun Road,Kwun Tong,Kowloon,Hong Kong",
    "std": 312,
    "medium": 94,
    "quick": 16,
    "fast": 0,
    "total": 422
   }
  },
  {
   "type": "Feature",
   "geometry": {
    "type": "Point",
    "coordinates": [
     114.00317,
     22.448488
    ]
   },
   "properties": {
    "district_tc": "元朗區",
    "district_en": "Yuen Long",
    "location_tc": "天盛A停車場",
    "location_en": "Tin Shing Car Park A",
    "address_en": "Tin Shing Shopping Centre, 3 Tin Ching Street, Tin Shui Wai, Yuen Long, New Territories",
    "std": 0,
    "medium": 53,
    "quick": 7,
    "fast": 0,
    "total": 60
   }
  },
  {
   "type": "Feature",
   "geometry": {
    "type": "Point",
    "coordinates": [
     114.213299,
     22.329574
    ]
   },
   "properties": {
    "district_tc": "觀塘區",
    "district_en": "Kwun Tong",
    "location_tc": "彩德邨停車場",
    "location_en": "Choi Tak Estate Carpark",
    "address_en": "CHOI WING ROAD",
    "std": 0,
    "medium": 35,
    "quick": 0,
    "fast": 0,
    "total": 35
   }
  },
  {
   "type": "Feature",
   "geometry": {
    "type": "Point",
    "coordinates": [
     114.237106,
     22.298485
    ]
   },
   "properties": {
    "district_tc": "觀塘區",
    "district_en": "Kwun Tong",
    "location_tc": "油麗商場停車場",
    "location_en": "Yau Lai Shopping Centre Carpark",
    "address_en": "YAU TONG ROAD",
    "std": 0,
    "medium": 10,
    "quick": 0,
    "fast": 0,
    "total": 10
   }
  },
  {
   "type": "Feature",
   "geometry": {
    "type": "Point",
    "coordinates": [
     114.238602,
     22.296053
    ]
   },
   "properties": {
    "district_tc": "觀塘區",
    "district_en": "Kwun Tong",
    "location_tc": "大本型停車場",
    "location_en": "Domain Carpark",
    "address_en": "Ko Chiu Road",
    "std": 0,
    "medium": 33,
    "quick": 0,
    "fast": 0,
    "total": 33
   }
  },
  {
   "type": "Feature",
   "geometry": {
    "type": "Point",
    "coordinates": [
     114.213564,
     22.323767
    ]
   },
   "properties": {
    "district_tc": "觀塘區",
    "district_en": "Kwun Tong",
    "location_tc": "德福廣場一期停車場",
    "location_en": "Telford Plaza Phase I Car Park",
    "address_en": "33 WAI YIP STREET, Kwun Tong District, Kowloon",
    "std": 0,
    "medium": 0,
    "quick": 8,
    "fast": 0,
    "total": 8
   }
  },
  {
   "type": "Feature",
   "geometry": {
    "type": "Point",
    "coordinates": [
     114.213165,
     22.321148
    ]
   },
   "properties": {
    "district_tc": "觀塘區",
    "district_en": "Kwun Tong",
    "location_tc": "德福廣場二期停車場",
    "location_en": "Telford Plaza Phase II Car Park",
    "address_en": "33 WAI YIP STREET, Kwun Tong District, Kowloon",
    "std": 0,
    "medium": 0,
    "quick": 41,
    "fast": 0,
    "total": 41
   }
  },
  {
   "type": "Feature",
   "geometry": {
    "type": "Point",
    "coordinates": [
     114.21203,
     22.322331
    ]
   },
   "properties": {
    "district_tc": "觀塘區",
    "district_en": "Kwun Tong",
    "location_tc": "德福廣場D座停車場",
    "location_en": "Telford Plaza Car Park D",
    "address_en": "33 Wai Yip Street, Kwun Tong District, Kowloon",
    "std": 0,
    "medium": 0,
    "quick": 16,
    "fast": 0,
    "total": 16
   }
  },
  {
   "type": "Feature",
   "geometry": {
    "type": "Point",
    "coordinates": [
     114.2104,
     22.324273
    ]
   },
   "properties": {
    "district_tc": "觀塘區",
    "district_en": "Kwun Tong",
    "location_tc": "美羅中心一期",
    "location_en": "Metro Centre I",
    "address_en": "LAM HING STREET",
    "std": 1,
    "medium": 0,
    "quick": 6,
    "fast": 0,
    "total": 7
   }
  },
  {
   "type": "Feature",
   "geometry": {
    "type": "Point",
    "coordinates": [
     114.205295,
     22.326225
    ]
   },
   "properties": {
    "district_tc": "觀塘區",
    "district_en": "Kwun Tong",
    "location_tc": "宏天廣埸",
    "location_en": "Skyline Tower",
    "address_en": "WANG KWONG ROAD",
    "std": 1,
    "medium": 65,
    "quick": 6,
    "fast": 4,
    "total": 76
   }
  },
  {
   "type": "Feature",
   "geometry": {
    "type": "Point",
    "coordinates": [
     114.212378,
     22.316272
    ]
   },
   "properties": {
    "district_tc": "觀塘區",
    "district_en": "Kwun Tong",
    "location_tc": "太平洋貿易中心",
    "location_en": "Pacific Trade Centre",
    "address_en": "KAI HING ROAD",
    "std": 2,
    "medium": 0,
    "quick": 0,
    "fast": 0,
    "total": 2
   }
  },
  {
   "type": "Feature",
   "geometry": {
    "type": "Point",
    "coordinates": [
     114.221519,
     22.309198
    ]
   },
   "properties": {
    "district_tc": "觀塘區",
    "district_en": "Kwun Tong",
    "location_tc": "觀塘碼頭廣場",
    "location_en": "Kwun Tong Harbour Plaza",
    "address_en": "WAI YIP STREET",
    "std": 0,
    "medium": 20,
    "quick": 0,
    "fast": 0,
    "total": 20
   }
  },
  {
   "type": "Feature",
   "geometry": {
    "type": "Point",
    "coordinates": [
     114.219773,
     22.314561
    ]
   },
   "properties": {
    "district_tc": "觀塘區",
    "district_en": "Kwun Tong",
    "location_tc": "創紀之城2及3期 (威信停車場)",
    "location_en": "Millennium City 2 & 3 (Wilson Parking)",
    "address_en": "KWUN TONG ROAD",
    "std": 0,
    "medium": 0,
    "quick": 2,
    "fast": 0,
    "total": 2
   }
  },
  {
   "type": "Feature",
   "geometry": {
    "type": "Point",
    "coordinates": [
     114.219365,
     22.31301
    ]
   },
   "properties": {
    "district_tc": "觀塘區",
    "district_en": "Kwun Tong",
    "location_tc": "威登中心",
    "location_en": "Westin Centre",
    "address_en": "Hung To Road",
    "std": 0,
    "medium": 12,
    "quick": 0,
    "fast": 0,
    "total": 12
   }
  },
  {
   "type": "Feature",
   "geometry": {
    "type": "Point",
    "coordinates": [
     114.18341,
     22.279908
    ]
   },
   "properties": {
    "district_tc": "灣仔區",
    "district_en": "Wan Chai",
    "location_tc": "希慎廣場停車場",
    "location_en": "Hysan Place Car Park",
    "address_en": "500 Hennessy Road, Wan Chai District, Hong Kong",
    "std": 0,
    "medium": 35,
    "quick": 6,
    "fast": 0,
    "total": 41
   }
  },
  {
   "type": "Feature",
   "geometry": {
    "type": "Point",
    "coordinates": [
     114.161262,
     22.278653
    ]
   },
   "properties": {
    "district_tc": "中西區",
    "district_en": "Central & Western",
    "location_tc": "花園道三號停車場",
    "location_en": "Three Garden Road Carpark",
    "address_en": "GARDEN ROAD",
    "std": 3,
    "medium": 22,
    "quick": 12,
    "fast": 0,
    "total": 37
   }
  },
  {
   "type": "Feature",
   "geometry": {
    "type": "Point",
    "coordinates": [
     114.224674,
     22.31276
    ]
   },
   "properties": {
    "district_tc": "觀塘區",
    "district_en": "Kwun Tong",
    "location_tc": "1亞太中心",
    "location_en": "One Pacific Centre",
    "address_en": "Kwun Tong Road",
    "std": 0,
    "medium": 52,
    "quick": 9,
    "fast": 0,
    "total": 61
   }
  },
  {
   "type": "Feature",
   "geometry": {
    "type": "Point",
    "coordinates": [
     114.276775,
     22.384033
    ]
   },
   "properties": {
    "district_tc": "西貢區",
    "district_en": "Sai Kung",
    "location_tc": "滘西洲公眾高爾夫球場停車場",
    "location_en": "Kau Sai Chau Public Golf Course Car Park",
    "address_en": "WAI MAN ROAD",
    "std": 0,
    "medium": 0,
    "quick": 3,
    "fast": 2,
    "total": 5
   }
  },
  {
   "type": "Feature",
   "geometry": {
    "type": "Point",
    "coordinates": [
     114.165271,
     22.446863
    ]
   },
   "properties": {
    "district_tc": "大埔區",
    "district_en": "Tai Po",
    "location_tc": "寶鄉邨停車場",
    "location_en": "Po Heung Estate Car Park",
    "address_en": "No.1 Po Heung Street, Tai Po, N.T",
    "std": 8,
    "medium": 7,
    "quick": 0,
    "fast": 0,
    "total": 15
   }
  },
  {
   "type": "Feature",
   "geometry": {
    "type": "Point",
    "coordinates": [
     114.236826,
     22.261888
    ]
   },
   "properties": {
    "district_tc": "東區",
    "district_en": "Eastern",
    "location_tc": "環翠停車場",
    "location_en": "Wan Tsui Car Park",
    "address_en": "Wan Tsui Commercial Complex, 2 Wah Ha Street, Chai Wan, Hong Kong",
    "std": 0,
    "medium": 36,
    "quick": 0,
    "fast": 0,
    "total": 36
   }
  },
  {
   "type": "Feature",
   "geometry": {
    "type": "Point",
    "coordinates": [
     114.165453,
     22.31575
    ]
   },
   "properties": {
    "district_tc": "油尖旺區",
    "district_en": "Yau Tsim Mong",
    "location_tc": "海富停車場",
    "location_en": "Hoi Fu Car Park",
    "address_en": "Hoi Fu Shopping Centre, 2 Hoi Ting Road, Mong Kok, Kowloon",
    "std": 0,
    "medium": 12,
    "quick": 2,
    "fast": 0,
    "total": 14
   }
  },
  {
   "type": "Feature",
   "geometry": {
    "type": "Point",
    "coordinates": [
     114.228137,
     22.416621
    ]
   },
   "properties": {
    "district_tc": "沙田區",
    "district_en": "Sha Tin",
    "location_tc": "恆安停車場",
    "location_en": "Heng On Car Park",
    "address_en": "Heng On Commercial Centre, 1 Hang Kam Street, Ma On Shan, Sha Tin, New Territories",
    "std": 0,
    "medium": 22,
    "quick": 0,
    "fast": 0,
    "total": 22
   }
  },
  {
   "type": "Feature",
   "geometry": {
    "type": "Point",
    "coordinates": [
     113.997449,
     22.46684
    ]
   },
   "properties": {
    "district_tc": "元朗區",
    "district_en": "Yuen Long",
    "location_tc": "天澤停車場",
    "location_en": "Tin Chak Car Park",
    "address_en": "Tin Chak Shopping Centre, 71, 73, 75 & 77 Tin Shui Road, Tin Shui Wai, Yuen Long, New Territories",
    "std": 0,
    "medium": 11,
    "quick": 0,
    "fast": 0,
    "total": 11
   }
  },
  {
   "type": "Feature",
   "geometry": {
    "type": "Point",
    "coordinates": [
     113.983715,
     22.413938
    ]
   },
   "properties": {
    "district_tc": "屯門區",
    "district_en": "Tuen Mun",
    "location_tc": "富泰停車場",
    "location_en": "Fu Tai Car Park",
    "address_en": "Fu Tai Shopping Centre, 9 Tuen Kwai Road, Tuen Mun, New Territories",
    "std": 0,
    "medium": 12,
    "quick": 7,
    "fast": 0,
    "total": 19
   }
  },
  {
   "type": "Feature",
   "geometry": {
    "type": "Point",
    "coordinates": [
     114.095642,
     22.357146
    ]
   },
   "properties": {
    "district_tc": "葵青區",
    "district_en": "Kwai Tsing",
    "location_tc": "長宏停車場",
    "location_en": "Cheung Wang Car Park",
    "address_en": "Cheung Wang Estate Retail and Car Park, 9 Liu To Road, Tsing Yi, New Territories",
    "std": 0,
    "medium": 14,
    "quick": 0,
    "fast": 0,
    "total": 14
   }
  },
  {
   "type": "Feature",
   "geometry": {
    "type": "Point",
    "coordinates": [
     114.190664,
     22.342305
    ]
   },
   "properties": {
    "district_tc": "黃大仙區",
    "district_en": "Wong Tai Sin",
    "location_tc": "黃大仙中心 北館 停車場",
    "location_en": "Temple Mall North Car Park",
    "address_en": "Temple Mall North, 136 Lung Cheung Road, Wong Tai Sin, Kowloon",
    "std": 0,
    "medium": 14,
    "quick": 13,
    "fast": 0,
    "total": 27
   }
  },
  {
   "type": "Feature",
   "geometry": {
    "type": "Point",
    "coordinates": [
     114.251108,
     22.306028
    ]
   },
   "properties": {
    "district_tc": "西貢區",
    "district_en": "Sai Kung",
    "location_tc": "健明A停車場",
    "location_en": "Kin Ming Car Park A",
    "address_en": "Kin Ming Estate Car Park, 1 Choi Ming Street, Tiu Keng Leng, Tseung Kwan O, New Territories",
    "std": 0,
    "medium": 22,
    "quick": 12,
    "fast": 3,
    "total": 37
   }
  },
  {
   "type": "Feature",
   "geometry": {
    "type": "Point",
    "coordinates": [
     114.126314,
     22.348751
    ]
   },
   "properties": {
    "district_tc": "葵青區",
    "district_en": "Kwai Tsing",
    "location_tc": "賢麗停車場",
    "location_en": "Yin Lai Car Park",
    "address_en": "Yin Lai Court Shopping Centre, 180 Lai King Hill Road, Kwai Chung, New Territories",
    "std": 0,
    "medium": 18,
    "quick": 0,
    "fast": 0,
    "total": 18
   }
  },
  {
   "type": "Feature",
   "geometry": {
    "type": "Point",
    "coordinates": [
     114.23449,
     22.310441
    ]
   },
   "properties": {
    "district_tc": "觀塘區",
    "district_en": "Kwun Tong",
    "location_tc": "康逸停車場",
    "location_en": "Hong Yat Car Park",
    "address_en": "Hong Yat Court Retail and Car Park, 1 Tak Tin Street, Lam Tin, Kwun Tong, Kowloon",
    "std": 0,
    "medium": 13,
    "quick": 0,
    "fast": 0,
    "total": 13
   }
  },
  {
   "type": "Feature",
   "geometry": {
    "type": "Point",
    "coordinates": [
     114.099421,
     22.349081
    ]
   },
   "properties": {
    "district_tc": "葵青區",
    "district_en": "Kwai Tsing",
    "location_tc": "青華停車場",
    "location_en": "Ching Wah Car Park",
    "address_en": "Ching Wah Court Retail and Car Park, 22 Tsing Chin Street, Tsing Yi, New Territories",
    "std": 0,
    "medium": 9,
    "quick": 0,
    "fast": 0,
    "total": 9
   }
  },
  {
   "type": "Feature",
   "geometry": {
    "type": "Point",
    "coordinates": [
     114.103292,
     22.362481
    ]
   },
   "properties": {
    "district_tc": "葵青區",
    "district_en": "Kwai Tsing",
    "location_tc": "長發停車場",
    "location_en": "Cheung Fat Car Park",
    "address_en": "Cheung Fat Plaza, 6 Tam Kon Shan Road, Tsing Yi, New Territories",
    "std": 0,
    "medium": 22,
    "quick": 7,
    "fast": 0,
    "total": 29
   }
  },
  {
   "type": "Feature",
   "geometry": {
    "type": "Point",
    "coordinates": [
     114.229451,
     22.32084
    ]
   },
   "properties": {
    "district_tc": "觀塘區",
    "district_en": "Kwun Tong",
    "location_tc": "曉麗停車場",
    "location_en": "Hiu Lai Car Park",
    "address_en": "Hiu Lai Shopping Centre, 21 Hiu Kwong Street, Kwun Tong, Kowloon",
    "std": 0,
    "medium": 18,
    "quick": 0,
    "fast": 0,
    "total": 18
   }
  },
  {
   "type": "Feature",
   "geometry": {
    "type": "Point",
    "coordinates": [
     114.2377,
     22.316662
    ]
   },
   "properties": {
    "district_tc": "觀塘區",
    "district_en": "Kwun Tong",
    "location_tc": "寶達 B & C停車場",
    "location_en": "Po Tat Car Park B and C",
    "address_en": "Po Tat Shopping Centre, 2 Po Lam Road, Sau Mau Ping, Kwun Tong, Kowloon",
    "std": 0,
    "medium": 14,
    "quick": 0,
    "fast": 0,
    "total": 14
   }
  },
  {
   "type": "Feature",
   "geometry": {
    "type": "Point",
    "coordinates": [
     114.16076,
     22.450499
    ]
   },
   "properties": {
    "district_tc": "大埔區",
    "district_en": "Tai Po",
    "location_tc": "太和B停車場",
    "location_en": "Tai Wo Car Park B",
    "address_en": "Tai Wo Plaza, 12 Tai Wo Road, Tai Po, New Territories",
    "std": 0,
    "medium": 13,
    "quick": 5,
    "fast": 0,
    "total": 18
   }
  },
  {
   "type": "Feature",
   "geometry": {
    "type": "Point",
    "coordinates": [
     113.935776,
     22.28116
    ]
   },
   "properties": {
    "district_tc": "離島區",
    "district_en": "Islands",
    "location_tc": "逸東2號及3號(善逸)停車場",
    "location_en": "Yat Tung Car Park 2 & 3 (Sin Yat)",
    "address_en": "Yat Tung Shopping Centre, 8 Yat Tung Street, Tung Chung, New Territories",
    "std": 0,
    "medium": 13,
    "quick": 8,
    "fast": 2,
    "total": 23
   }
  },
  {
   "type": "Feature",
   "geometry": {
    "type": "Point",
    "coordinates": [
     114.187511,
     22.337153
    ]
   },
   "properties": {
    "district_tc": "黃大仙區",
    "district_en": "Wong Tai Sin",
    "location_tc": "樂富B區停車場",
    "location_en": "Lok Fu Zone B Car Park",
    "address_en": "Lok Fu Place, 198 Junction Road, Wang Tau Hom, Kowloon",
    "std": 0,
    "medium": 6,
    "quick": 9,
    "fast": 0,
    "total": 15
   }
  },
  {
   "type": "Feature",
   "geometry": {
    "type": "Point",
    "coordinates": [
     114.235424,
     22.307254
    ]
   },
   "properties": {
    "district_tc": "觀塘區",
    "district_en": "Kwun Tong",
    "location_tc": "啟田A停車場",
    "location_en": "Kai Tin Car Park A",
    "address_en": "Kai Tin Shopping Centre, 50 Kai Tin Road, Lam Tin, Kwun Tong, Kowloon",
    "std": 0,
    "medium": 0,
    "quick": 12,
    "fast": 0,
    "total": 12
   }
  },
  {
   "type": "Feature",
   "geometry": {
    "type": "Point",
    "coordinates": [
     114.19403,
     22.341282
    ]
   },
   "properties": {
    "district_tc": "黃大仙區",
    "district_en": "Wong Tai Sin",
    "location_tc": "黃大仙中心 南館 B停車場",
    "location_en": "Temple Mall South Car Park B",
    "address_en": "Temple Mall South, 103 Ching Tak Street, Wong Tai Sin, Kowloon",
    "std": 0,
    "medium": 0,
    "quick": 4,
    "fast": 0,
    "total": 4
   }
  },
  {
   "type": "Feature",
   "geometry": {
    "type": "Point",
    "coordinates": [
     114.104416,
     22.360484
    ]
   },
   "properties": {
    "district_tc": "葵青區",
    "district_en": "Kwai Tsing",
    "location_tc": "長安2期停車場",
    "location_en": "Cheung On Phase 2 Car Park",
    "address_en": "Cheung On Estate Retail and Car Park, 1 Tam Kon Shan Road, Tsing Yi, New Territories",
    "std": 0,
    "medium": 18,
    "quick": 3,
    "fast": 0,
    "total": 21
   }
  },
  {
   "type": "Feature",
   "geometry": {
    "type": "Point",
    "coordinates": [
     113.942254,
     22.286571
    ]
   },
   "properties": {
    "district_tc": "離島區",
    "district_en": "Islands",
    "location_tc": "富東A停車場",
    "location_en": "Fu Tung Car Park A",
    "address_en": "Fu Tung Plaza, 6 Fu Tung Street, Tung Chung, New Territories",
    "std": 0,
    "medium": 12,
    "quick": 6,
    "fast": 0,
    "total": 18
   }
  },
  {
   "type": "Feature",
   "geometry": {
    "type": "Point",
    "coordinates": [
     114.192711,
     22.335231
    ]
   },
   "properties": {
    "district_tc": "黃大仙區",
    "district_en": "Wong Tai Sin",
    "location_tc": "東頭二(A)停車場",
    "location_en": "Tung Tau II Car Park A",
    "address_en": "Tung Tau Estate Retail and Car Park, 183 Tung Tau Tsuen Road, Wong Tai Sin, Kowloon",
    "std": 0,
    "medium": 9,
    "quick": 0,
    "fast": 0,
    "total": 9
   }
  },
  {
   "type": "Feature",
   "geometry": {
    "type": "Point",
    "coordinates": [
     114.16771,
     22.454338
    ]
   },
   "properties": {
    "district_tc": "大埔區",
    "district_en": "Tai Po",
    "location_tc": "大元B停車場",
    "location_en": "Tai Yuen Car Park B",
    "address_en": "Tai Yuen Commercial Centre, 10 Ting Kok Road, Tai Po, New Territories",
    "std": 0,
    "medium": 21,
    "quick": 0,
    "fast": 0,
    "total": 21
   }
  },
  {
   "type": "Feature",
   "geometry": {
    "type": "Point",
    "coordinates": [
     114.126765,
     22.500147
    ]
   },
   "properties": {
    "district_tc": "北區",
    "district_en": "North",
    "location_tc": "彩園C停車場",
    "location_en": "Choi Yuen Car Park C",
    "address_en": "Choi Yuen Plaza, 8 Choi Yuen Road, Sheung Shui, New Territories",
    "std": 0,
    "medium": 0,
    "quick": 11,
    "fast": 0,
    "total": 11
   }
  },
  {
   "type": "Feature",
   "geometry": {
    "type": "Point",
    "coordinates": [
     114.232278,
     22.320031
    ]
   },
   "properties": {
    "district_tc": "觀塘區",
    "district_en": "Kwun Tong",
    "location_tc": "秀茂坪商場停車場",
    "location_en": "Sau Mau Ping Shopping Centre Car Park",
    "address_en": "Sau Mau Ping Shopping Centre, 101 Sau Ming Road, Sau Mau Ping, Kwun Tong, Kowloon",
    "std": 0,
    "medium": 27,
    "quick": 4,
    "fast": 0,
    "total": 31
   }
  },
  {
   "type": "Feature",
   "geometry": {
    "type": "Point",
    "coordinates": [
     114.171093,
     22.45873
    ]
   },
   "properties": {
    "district_tc": "大埔區",
    "district_en": "Tai Po",
    "location_tc": "富亨停車場A",
    "location_en": "Fu Heng Car Park A",
    "address_en": "Fu Heng Shopping Centre, 6 Chung Nga Road, Tai Po, New Territories",
    "std": 0,
    "medium": 11,
    "quick": 0,
    "fast": 0,
    "total": 11
   }
  },
  {
   "type": "Feature",
   "geometry": {
    "type": "Point",
    "coordinates": [
     114.18864,
     22.307413
    ]
   },
   "properties": {
    "district_tc": "九龍城區",
    "district_en": "Kowloon City",
    "location_tc": "紅磡停車場",
    "location_en": "Hung Hom Car Park",
    "address_en": "Hung Hom Estate Retail and Car Park, 9 Dyer Avenue, Hung Hom, Kowloon",
    "std": 0,
    "medium": 14,
    "quick": 0,
    "fast": 0,
    "total": 14
   }
  },
  {
   "type": "Feature",
   "geometry": {
    "type": "Point",
    "coordinates": [
     114.220072,
     22.28049
    ]
   },
   "properties": {
    "district_tc": "東區",
    "district_en": "Eastern",
    "location_tc": "興東停車場",
    "location_en": "Hing Tung Car Park",
    "address_en": "Hing Tung Shopping Centre, 55 Yiu Hing Road, Shau Kei Wan, Hong Kong",
    "std": 0,
    "medium": 48,
    "quick": 6,
    "fast": 0,
    "total": 54
   }
  },
  {
   "type": "Feature",
   "geometry": {
    "type": "Point",
    "coordinates": [
     114.209206,
     22.220116
    ]
   },
   "properties": {
    "district_tc": "南區",
    "district_en": "Southern",
    "location_tc": "赤柱廣場停車場",
    "location_en": "Stanley Plaza Car Park",
    "address_en": "Stanley Plaza, 23 Carmel Road, Stanley, Hong Kong",
    "std": 0,
    "medium": 28,
    "quick": 6,
    "fast": 0,
    "total": 34
   }
  },
  {
   "type": "Feature",
   "geometry": {
    "type": "Point",
    "coordinates": [
     113.938628,
     22.281096
    ]
   },
   "properties": {
    "district_tc": "離島區",
    "district_en": "Islands",
    "location_tc": "逸東1號停車場",
    "location_en": "Yat Tung Car Park 1",
    "address_en": "Yat Tung Shopping Centre, 8 Yat Tung Street, Tung Chung, New Territories",
    "std": 0,
    "medium": 29,
    "quick": 8,
    "fast": 0,
    "total": 37
   }
  },
  {
   "type": "Feature",
   "geometry": {
    "type": "Point",
    "coordinates": [
     114.252446,
     22.30666
    ]
   },
   "properties": {
    "district_tc": "西貢區",
    "district_en": "Sai Kung",
    "location_tc": "彩明1號停車場",
    "location_en": "Choi Ming Car Park 1",
    "address_en": "Choi Ming Shopping Centre, 1 Choi Ming Street, Tiu Keng Leng, Tseung Kwan O, New Territories",
    "std": 0,
    "medium": 31,
    "quick": 2,
    "fast": 0,
    "total": 33
   }
  },
  {
   "type": "Feature",
   "geometry": {
    "type": "Point",
    "coordinates": [
     114.260194,
     22.311605
    ]
   },
   "properties": {
    "district_tc": "西貢區",
    "district_en": "Sai Kung",
    "location_tc": "TKO Spot A停車場",
    "location_en": "TKO Spot Car Park A",
    "address_en": "TKO Spot, 2 Tong Ming Street, Tseung Kwan O, New Territories",
    "std": 0,
    "medium": 18,
    "quick": 4,
    "fast": 0,
    "total": 22
   }
  },
  {
   "type": "Feature",
   "geometry": {
    "type": "Point",
    "coordinates": [
     114.234368,
     22.308986
    ]
   },
   "properties": {
    "district_tc": "觀塘區",
    "district_en": "Kwun Tong",
    "location_tc": "啟田B停車場",
    "location_en": "Kai Tin Car Park B",
    "address_en": "Kai Tin Shopping Centre, 50 Kai Tin Road, Lam Tin, Kwun Tong, Kowloon",
    "std": 0,
    "medium": 45,
    "quick": 4,
    "fast": 0,
    "total": 49
   }
  },
  {
   "type": "Feature",
   "geometry": {
    "type": "Point",
    "coordinates": [
     114.237343,
     22.305855
    ]
   },
   "properties": {
    "district_tc": "觀塘區",
    "district_en": "Kwun Tong",
    "location_tc": "平田2期停車場",
    "location_en": "Ping Tin Phase 2 Car Park",
    "address_en": "Ping Tin Shopping Centre, 23 On Tin Street, Lam Tin, Kwun Tong, Kowloon",
    "std": 0,
    "medium": 9,
    "quick": 2,
    "fast": 0,
    "total": 11
   }
  },
  {
   "type": "Feature",
   "geometry": {
    "type": "Point",
    "coordinates": [
     114.162171,
     22.451409
    ]
   },
   "properties": {
    "district_tc": "大埔區",
    "district_en": "Tai Po",
    "location_tc": "太和A停車場",
    "location_en": "Tai Wo Car Park A",
    "address_en": "Tai Wo Plaza, 12 Tai Wo Road, Tai Po, New Territories",
    "std": 0,
    "medium": 24,
    "quick": 10,
    "fast": 0,
    "total": 34
   }
  },
  {
   "type": "Feature",
   "geometry": {
    "type": "Point",
    "coordinates": [
     114.195292,
     22.340977
    ]
   },
   "properties": {
    "district_tc": "黃大仙區",
    "district_en": "Wong Tai Sin",
    "location_tc": "黃大仙中心 南館 A停車場",
    "location_en": "Temple Mall South Car Park A",
    "address_en": "Temple Mall South, 103 Ching Tak Street, Wong Tai Sin, Kowloon",
    "std": 0,
    "medium": 10,
    "quick": 2,
    "fast": 0,
    "total": 12
   }
  },
  {
   "type": "Feature",
   "geometry": {
    "type": "Point",
    "coordinates": [
     114.239156,
     22.302487
    ]
   },
   "properties": {
    "district_tc": "觀塘區",
    "district_en": "Kwun Tong",
    "location_tc": "康柏停車場",
    "location_en": "Hong Pak Car Park",
    "address_en": "Hong Pak Court Retail and Car Park, 139 Pik Wan Road, Lam Tin, Kwun Tong, Kowloon",
    "std": 0,
    "medium": 11,
    "quick": 0,
    "fast": 0,
    "total": 11
   }
  },
  {
   "type": "Feature",
   "geometry": {
    "type": "Point",
    "coordinates": [
     114.191191,
     22.385562
    ]
   },
   "properties": {
    "district_tc": "沙田區",
    "district_en": "Sha Tin",
    "location_tc": "瀝源停車場",
    "location_en": "Lek Yuen Car Park",
    "address_en": "Lek Yuen Plaza, 6 Lek Yuen Street, Sha Tin, New Territories",
    "std": 0,
    "medium": 16,
    "quick": 0,
    "fast": 0,
    "total": 16
   }
  },
  {
   "type": "Feature",
   "geometry": {
    "type": "Point",
    "coordinates": [
     113.997269,
     22.46128
    ]
   },
   "properties": {
    "district_tc": "元朗區",
    "district_en": "Yuen Long",
    "location_tc": "T Town South 停車場",
    "location_en": "T Town South Car Park",
    "address_en": "T Town, 30 & 33 Tin Wah Road, Tin Shui Wai, Yuen Long, New Territories",
    "std": 0,
    "medium": 21,
    "quick": 14,
    "fast": 0,
    "total": 35
   }
  },
  {
   "type": "Feature",
   "geometry": {
    "type": "Point",
    "coordinates": [
     114.24035,
     22.301579
    ]
   },
   "properties": {
    "district_tc": "觀塘區",
    "district_en": "Kwun Tong",
    "location_tc": "康瑞停車場",
    "location_en": "Hong Shui Car Park",
    "address_en": "Hong Shui Court Retail and Car Park, 133 Pik Wan Road, Lam Tin, Kwun Tong, Kowloon",
    "std": 0,
    "medium": 9,
    "quick": 0,
    "fast": 0,
    "total": 9
   }
  },
  {
   "type": "Feature",
   "geometry": {
    "type": "Point",
    "coordinates": [
     113.962654,
     22.406017
    ]
   },
   "properties": {
    "district_tc": "屯門區",
    "district_en": "Tuen Mun",
    "location_tc": "良景停車場",
    "location_en": "Leung King Car Park",
    "address_en": "Leung King Plaza, 31 Tin King Road, Tuen Mun, New Territories",
    "std": 0,
    "medium": 12,
    "quick": 6,
    "fast": 0,
    "total": 18
   }
  },
  {
   "type": "Feature",
   "geometry": {
    "type": "Point",
    "coordinates": [
     114.242231,
     22.298018
    ]
   },
   "properties": {
    "district_tc": "觀塘區",
    "district_en": "Kwun Tong",
    "location_tc": "高俊停車場",
    "location_en": "Ko Chun Car Park",
    "address_en": "Ko Chun Court Retail and Car Park, 23 Ko Chiu Road, Yau Tong, Kwun Tong, Kowloon",
    "std": 0,
    "medium": 14,
    "quick": 0,
    "fast": 0,
    "total": 14
   }
  },
  {
   "type": "Feature",
   "geometry": {
    "type": "Point",
    "coordinates": [
     114.126642,
     22.500856
    ]
   },
   "properties": {
    "district_tc": "北區",
    "district_en": "North",
    "location_tc": "彩園A停車場",
    "location_en": "Choi Yuen Car Park A",
    "address_en": "Choi Yuen Plaza, 8 Choi Yuen Road, Sheung Shui, New Territories",
    "std": 0,
    "medium": 17,
    "quick": 0,
    "fast": 0,
    "total": 17
   }
  },
  {
   "type": "Feature",
   "geometry": {
    "type": "Point",
    "coordinates": [
     114.174143,
     22.453548
    ]
   },
   "properties": {
    "district_tc": "大埔區",
    "district_en": "Tai Po",
    "location_tc": "富善停車場",
    "location_en": "Fu Shin Car Park",
    "address_en": "Fu Shin Shopping Centre, 12 On Po Road, Tai Po, New Territories",
    "std": 0,
    "medium": 25,
    "quick": 6,
    "fast": 0,
    "total": 31
   }
  },
  {
   "type": "Feature",
   "geometry": {
    "type": "Point",
    "coordinates": [
     114.25467,
     22.326221
    ]
   },
   "properties": {
    "district_tc": "西貢區",
    "district_en": "Sai Kung",
    "location_tc": "寶林停車場",
    "location_en": "Po Lam Car Park",
    "address_en": "Po Lam Shopping Centre, 18 Po Lam Road North, Tseung Kwan O, New Territories",
    "std": 0,
    "medium": 19,
    "quick": 0,
    "fast": 0,
    "total": 19
   }
  },
  {
   "type": "Feature",
   "geometry": {
    "type": "Point",
    "coordinates": [
     114.230635,
     22.322116
    ]
   },
   "properties": {
    "district_tc": "觀塘區",
    "district_en": "Kwun Tong",
    "location_tc": "秀茂坪3期停車場",
    "location_en": "Sau Mau Ping Phase 3 Car Park",
    "address_en": "Sau Mau Ping (III) Estate Retail and Car Park, Sau Ming Road, Sau Mau Ping, Kwun Tong, Kowloon",
    "std": 0,
    "medium": 9,
    "quick": 0,
    "fast": 0,
    "total": 9
   }
  },
  {
   "type": "Feature",
   "geometry": {
    "type": "Point",
    "coordinates": [
     114.023953,
     22.444982
    ]
   },
   "properties": {
    "district_tc": "元朗區",
    "district_en": "Yuen Long",
    "location_tc": "元朗廣場",
    "location_en": "Yuen Long Plaza",
    "address_en": "251 Castle Peak Road, Yuen Long",
    "std": 0,
    "medium": 2,
    "quick": 2,
    "fast": 0,
    "total": 4
   }
  },
  {
   "type": "Feature",
   "geometry": {
    "type": "Point",
    "coordinates": [
     114.183983,
     22.281918
    ]
   },
   "properties": {
    "district_tc": "灣仔區",
    "district_en": "Wan Chai",
    "location_tc": "世界貿易中心",
    "location_en": "World Trade Centre",
    "address_en": "280 Gloucester Road, Causeway Bay",
    "std": 0,
    "medium": 0,
    "quick": 2,
    "fast": 0,
    "total": 2
   }
  },
  {
   "type": "Feature",
   "geometry": {
    "type": "Point",
    "coordinates": [
     113.974289,
     22.400549
    ]
   },
   "properties": {
    "district_tc": "屯門區",
    "district_en": "Tuen Mun",
    "location_tc": "卓爾居2期",
    "location_en": "Chelsea Heights Phase II",
    "address_en": "1 Shek Pai Tau Path, Tuen Mun",
    "std": 0,
    "medium": 3,
    "quick": 6,
    "fast": 0,
    "total": 9
   }
  },
  {
   "type": "Feature",
   "geometry": {
    "type": "Point",
    "coordinates": [
     113.968517,
     22.407961
    ]
   },
   "properties": {
    "district_tc": "屯門區",
    "district_en": "Tuen Mun",
    "location_tc": "寶怡花園",
    "location_en": "Blossom Garden",
    "address_en": "11 Leung Tak Street, Tuen Mun",
    "std": 0,
    "medium": 0,
    "quick": 2,
    "fast": 0,
    "total": 2
   }
  },
  {
   "type": "Feature",
   "geometry": {
    "type": "Point",
    "coordinates": [
     114.129219,
     22.502421
    ]
   },
   "properties": {
    "district_tc": "北區",
    "district_en": "North",
    "location_tc": "新都廣場",
    "location_en": "Metropolis Plaza",
    "address_en": "8 Lung Wan Street, Sheung Shui",
    "std": 2,
    "medium": 0,
    "quick": 2,
    "fast": 0,
    "total": 4
   }
  },
  {
   "type": "Feature",
   "geometry": {
    "type": "Point",
    "coordinates": [
     114.166069,
     22.278532
    ]
   },
   "properties": {
    "district_tc": "中西區",
    "district_en": "Central & Western",
    "location_tc": "金鐘停車場",
    "location_en": "Admiralty Car Park",
    "address_en": "Rodney Street, Queensway, Admiralty",
    "std": 0,
    "medium": 9,
    "quick": 2,
    "fast": 0,
    "total": 11
   }
  },
  {
   "type": "Feature",
   "geometry": {
    "type": "Point",
    "coordinates": [
     114.1247,
     22.50333
    ]
   },
   "properties": {
    "district_tc": "北區",
    "district_en": "North",
    "location_tc": "寶石湖邨",
    "location_en": "Po Shek Wu Estate",
    "address_en": "Choi Yuen Road, Sheung Shui, N.T.",
    "std": 47,
    "medium": 10,
    "quick": 0,
    "fast": 0,
    "total": 57
   }
  },
  {
   "type": "Feature",
   "geometry": {
    "type": "Point",
    "coordinates": [
     114.164376,
     22.30384
    ]
   },
   "properties": {
    "district_tc": "油尖旺區",
    "district_en": "Yau Tsim Mong",
    "location_tc": "高鐵香港段西九龍站停車場",
    "location_en": "Hong Kong West Kowloon Station Car Park",
    "address_en": "B2 Basement Floor of West Kowloon Station in the Hong Kong Section of the Exprss Rail Link",
    "std": 0,
    "medium": 10,
    "quick": 0,
    "fast": 0,
    "total": 10
   }
  },
  {
   "type": "Feature",
   "geometry": {
    "type": "Point",
    "coordinates": [
     113.952454,
     22.316524
    ]
   },
   "properties": {
    "district_tc": "離島區",
    "district_en": "Islands",
    "location_tc": "港珠澳大橋香港口岸1號停車場",
    "location_en": "Hong Kong-Zhuhai-Macao Bridge Hong Kong Port car park 1",
    "address_en": "Hong Kong-Zhuhai-Macao Bridge Hong Kong Port, Lantau Island, Hong Kong",
    "std": 0,
    "medium": 0,
    "quick": 4,
    "fast": 0,
    "total": 4
   }
  },
  {
   "type": "Feature",
   "geometry": {
    "type": "Point",
    "coordinates": [
     113.952753,
     22.315887
    ]
   },
   "properties": {
    "district_tc": "離島區",
    "district_en": "Islands",
    "location_tc": "港珠澳大橋香港口岸2號停車場",
    "location_en": "Hong Kong-Zhuhai-Macao Bridge Hong Kong Port car park 2",
    "address_en": "Hong Kong-Zhuhai-Macao Bridge Hong Kong Port, Lantau Island, Hong Kong",
    "std": 0,
    "medium": 64,
    "quick": 6,
    "fast": 0,
    "total": 70
   }
  },
  {
   "type": "Feature",
   "geometry": {
    "type": "Point",
    "coordinates": [
     114.129819,
     22.378225
    ]
   },
   "properties": {
    "district_tc": "荃灣區",
    "district_en": "Tsuen Wan",
    "location_tc": "象山邨停車場",
    "location_en": "Cheung Shan Estate Carpark",
    "address_en": "Cheung Shan Estate Road West, Tsuen Wan, N.T.",
    "std": 0,
    "medium": 22,
    "quick": 0,
    "fast": 0,
    "total": 22
   }
  },
  {
   "type": "Feature",
   "geometry": {
    "type": "Point",
    "coordinates": [
     114.121632,
     22.360949
    ]
   },
   "properties": {
    "district_tc": "葵青區",
    "district_en": "Kwai Tsing",
    "location_tc": "葵盛西商場停車場",
    "location_en": "Kwai Shing West Shopping Centre Car Park",
    "address_en": "Kwai Luen Road, Kwai Chung, N.T.",
    "std": 0,
    "medium": 12,
    "quick": 0,
    "fast": 0,
    "total": 12
   }
  },
  {
   "type": "Feature",
   "geometry": {
    "type": "Point",
    "coordinates": [
     114.206478,
     22.325744
    ]
   },
   "properties": {
    "district_tc": "觀塘區",
    "district_en": "Kwun Tong",
    "location_tc": "太豐匯",
    "location_en": "The Bay Hub",
    "address_en": "Goldin Financial Global Centre, 17 Kai Cheung Road, Kowloon Bay, KLN",
    "std": 157,
    "medium": 2,
    "quick": 4,
    "fast": 0,
    "total": 163
   }
  },
  {
   "type": "Feature",
   "geometry": {
    "type": "Point",
    "coordinates": [
     114.185359,
     22.277647
    ]
   },
   "properties": {
    "district_tc": "灣仔區",
    "district_en": "Wan Chai",
    "location_tc": "利園三期停車場",
    "location_en": "Lee Garden Three Car Park",
    "address_en": "1 Sunning Road, Causeway Bay, Hong Kong",
    "std": 0,
    "medium": 44,
    "quick": 10,
    "fast": 1,
    "total": 55
   }
  },
  {
   "type": "Feature",
   "geometry": {
    "type": "Point",
    "coordinates": [
     114.21985,
     22.313199
    ]
   },
   "properties": {
    "district_tc": "觀塘區",
    "district_en": "Kwun Tong",
    "location_tc": "利登中心",
    "location_en": "Remington Centre",
    "address_en": "HUNG TO ROAD, KWUN TONG",
    "std": 0,
    "medium": 2,
    "quick": 0,
    "fast": 0,
    "total": 2
   }
  },
  {
   "type": "Feature",
   "geometry": {
    "type": "Point",
    "coordinates": [
     114.108874,
     22.369195
    ]
   },
   "properties": {
    "district_tc": "荃灣區",
    "district_en": "Tsuen Wan",
    "location_tc": "港鐵荃灣西站停車場",
    "location_en": "MTR Tsuen Wan West Station Car Park",
    "address_en": "MTR Tsuen Wan West Station, Tai Ho Road, Tsuen Wan",
    "std": 0,
    "medium": 0,
    "quick": 2,
    "fast": 0,
    "total": 2
   }
  },
  {
   "type": "Feature",
   "geometry": {
    "type": "Point",
    "coordinates": [
     114.216304,
     22.314023
    ]
   },
   "properties": {
    "district_tc": "觀塘區",
    "district_en": "Kwun Tong",
    "location_tc": "綠景",
    "location_en": "NEO",
    "address_en": "Hoi Bun Road, Kwun Tong, KLN",
    "std": 0,
    "medium": 0,
    "quick": 0,
    "fast": 20,
    "total": 20
   }
  },
  {
   "type": "Feature",
   "geometry": {
    "type": "Point",
    "coordinates": [
     113.971691,
     22.383786
    ]
   },
   "properties": {
    "district_tc": "屯門區",
    "district_en": "Tuen Mun",
    "location_tc": "海典軒",
    "location_en": "Oceania Height",
    "address_en": "2 Hoi Chu Road, Area 16, Tuen Mun",
    "std": 0,
    "medium": 3,
    "quick": 3,
    "fast": 0,
    "total": 6
   }
  },
  {
   "type": "Feature",
   "geometry": {
    "type": "Point",
    "coordinates": [
     114.143614,
     22.50019
    ]
   },
   "properties": {
    "district_tc": "北區",
    "district_en": "North",
    "location_tc": "帝庭軒",
    "location_en": "Regentville",
    "address_en": "8 Wo Mun Street, Luen Wo Hui, Fanling",
    "std": 0,
    "medium": 8,
    "quick": 3,
    "fast": 0,
    "total": 11
   }
  },
  {
   "type": "Feature",
   "geometry": {
    "type": "Point",
    "coordinates": [
     114.149451,
     22.338489
    ]
   },
   "properties": {
    "district_tc": "深水埗區",
    "district_en": "Sham Shui Po",
    "location_tc": "九龍廣場",
    "location_en": "Kowloon Plaza",
    "address_en": "485 Castle Peak Road, Sheung Sha Wan, Kowloon",
    "std": 0,
    "medium": 11,
    "quick": 4,
    "fast": 0,
    "total": 15
   }
  },
  {
   "type": "Feature",
   "geometry": {
    "type": "Point",
    "coordinates": [
     114.162033,
     22.3153
    ]
   },
   "properties": {
    "district_tc": "油尖旺區",
    "district_en": "Yau Tsim Mong",
    "location_tc": "奧海城二期",
    "location_en": "Olympian City 2",
    "address_en": "18 Hoi Ting Road, West Kowloon",
    "std": 0,
    "medium": 0,
    "quick": 4,
    "fast": 0,
    "total": 4
   }
  },
  {
   "type": "Feature",
   "geometry": {
    "type": "Point",
    "coordinates": [
     114.021703,
     22.440678
    ]
   },
   "properties": {
    "district_tc": "元朗區",
    "district_en": "Yuen Long",
    "location_tc": "御庭居",
    "location_en": "Springdale Villas",
    "address_en": "80 Ma Tin Road, Yuen Long",
    "std": 0,
    "medium": 0,
    "quick": 3,
    "fast": 0,
    "total": 3
   }
  },
  {
   "type": "Feature",
   "geometry": {
    "type": "Point",
    "coordinates": [
     114.142785,
     22.498536
    ]
   },
   "properties": {
    "district_tc": "北區",
    "district_en": "North",
    "location_tc": "囍逸公眾停車場",
    "location_en": "Commune Modern",
    "address_en": "28 Wo Fung St, Fanling",
    "std": 2,
    "medium": 114,
    "quick": 4,
    "fast": 0,
    "total": 120
   }
  },
  {
   "type": "Feature",
   "geometry": {
    "type": "Point",
    "coordinates": [
     114.113901,
     22.36436
    ]
   },
   "properties": {
    "district_tc": "荃灣區",
    "district_en": "Tsuen Wan",
    "location_tc": "海灣花園",
    "location_en": "Waterside Plaza",
    "address_en": "38 Wing Shun Street, Tsuen Wan",
    "std": 0,
    "medium": 7,
    "quick": 4,
    "fast": 0,
    "total": 11
   }
  },
  {
   "type": "Feature",
   "geometry": {
    "type": "Point",
    "coordinates": [
     114.178427,
     22.298268
    ]
   },
   "properties": {
    "district_tc": "油尖旺區",
    "district_en": "Yau Tsim Mong",
    "location_tc": "帝國中心",
    "location_en": "Empire Centre",
    "address_en": "68 Mody Road, Tsim Sha Tsui East",
    "std": 0,
    "medium": 2,
    "quick": 2,
    "fast": 0,
    "total": 4
   }
  },
  {
   "type": "Feature",
   "geometry": {
    "type": "Point",
    "coordinates": [
     114.154652,
     22.280619
    ]
   },
   "properties": {
    "district_tc": "中西區",
    "district_en": "Central & Western",
    "location_tc": "中央廣場",
    "location_en": "The Centrium",
    "address_en": "60 Wyndham Street, Central",
    "std": 2,
    "medium": 2,
    "quick": 0,
    "fast": 0,
    "total": 4
   }
  },
  {
   "type": "Feature",
   "geometry": {
    "type": "Point",
    "coordinates": [
     114.021962,
     22.446593
    ]
   },
   "properties": {
    "district_tc": "元朗區",
    "district_en": "Yuen Long",
    "location_tc": "屏會中心",
    "location_en": "Ping Wui Centre",
    "address_en": "13 – 17 Ping Wui Street,",
    "std": 0,
    "medium": 0,
    "quick": 4,
    "fast": 0,
    "total": 4
   }
  },
  {
   "type": "Feature",
   "geometry": {
    "type": "Point",
    "coordinates": [
     114.122283,
     22.506643
    ]
   },
   "properties": {
    "district_tc": "北區",
    "district_en": "North",
    "location_tc": "劍橋廣場",
    "location_en": "Cambridge Plaza",
    "address_en": "188 San Wan Road, Sheung Shui",
    "std": 1,
    "medium": 0,
    "quick": 0,
    "fast": 0,
    "total": 1
   }
  },
  {
   "type": "Feature",
   "geometry": {
    "type": "Point",
    "coordinates": [
     114.250897,
     22.266334
    ]
   },
   "properties": {
    "district_tc": "東區",
    "district_en": "Eastern",
    "location_tc": "藍灣半島",
    "location_en": "Island Resort",
    "address_en": "28 Siu Sai Wan Road, Chai Wan",
    "std": 4,
    "medium": 2,
    "quick": 4,
    "fast": 0,
    "total": 10
   }
  },
  {
   "type": "Feature",
   "geometry": {
    "type": "Point",
    "coordinates": [
     114.114929,
     22.367875
    ]
   },
   "properties": {
    "district_tc": "荃灣區",
    "district_en": "Tsuen Wan",
    "location_tc": "荃新天地2",
    "location_en": "Citywalk 2",
    "address_en": "18 Yeung Uk Road, Tsuen Wan",
    "std": 0,
    "medium": 2,
    "quick": 2,
    "fast": 0,
    "total": 4
   }
  },
  {
   "type": "Feature",
   "geometry": {
    "type": "Point",
    "coordinates": [
     114.165211,
     22.317493
    ]
   },
   "properties": {
    "district_tc": "油尖旺區",
    "district_en": "Yau Tsim Mong",
    "location_tc": "奧海城三期",
    "location_en": "Olympian City 3",
    "address_en": "1 Hoi Wang Road, South West Kowloon",
    "std": 2,
    "medium": 0,
    "quick": 0,
    "fast": 0,
    "total": 2
   }
  },
  {
   "type": "Feature",
   "geometry": {
    "type": "Point",
    "coordinates": [
     114.21955,
     22.313497
    ]
   },
   "properties": {
    "district_tc": "觀塘區",
    "district_en": "Kwun Tong",
    "location_tc": "富登中心",
    "location_en": "Fullerton Centre",
    "address_en": "19 Hung To Road, Kwun Tong",
    "std": 0,
    "medium": 2,
    "quick": 0,
    "fast": 0,
    "total": 2
   }
  },
  {
   "type": "Feature",
   "geometry": {
    "type": "Point",
    "coordinates": [
     114.143429,
     22.48691
    ]
   },
   "properties": {
    "district_tc": "北區",
    "district_en": "North",
    "location_tc": "碧湖花園",
    "location_en": "Avon Park",
    "address_en": "15 Yat Ming Road, Fanling",
    "std": 0,
    "medium": 2,
    "quick": 4,
    "fast": 0,
    "total": 6
   }
  },
  {
   "type": "Feature",
   "geometry": {
    "type": "Point",
    "coordinates": [
     114.193339,
     22.397336
    ]
   },
   "properties": {
    "district_tc": "沙田區",
    "district_en": "Sha Tin",
    "location_tc": "沙田商業中心",
    "location_en": "Shatin Galleria",
    "address_en": "18 – 24 Shan Mei Street, Fo Tan",
    "std": 0,
    "medium": 10,
    "quick": 0,
    "fast": 0,
    "total": 10
   }
  },
  {
   "type": "Feature",
   "geometry": {
    "type": "Point",
    "coordinates": [
     113.977348,
     22.394528
    ]
   },
   "properties": {
    "district_tc": "屯門區",
    "district_en": "Tuen Mun",
    "location_tc": "屯門市廣場第三期",
    "location_en": "Tuen Mun Town Plaza Phase 3",
    "address_en": "2 Tuen Yan Street, Tuen Mun",
    "std": 0,
    "medium": 0,
    "quick": 2,
    "fast": 0,
    "total": 2
   }
  },
  {
   "type": "Feature",
   "geometry": {
    "type": "Point",
    "coordinates": [
     113.992308,
     22.372333
    ]
   },
   "properties": {
    "district_tc": "屯門區",
    "district_en": "Tuen Mun",
    "location_tc": "黃金海岸商場",
    "location_en": "Gold Coast Piazza",
    "address_en": "1 Castle Peak Road, Castle Peak Bay, Tuen Mun",
    "std": 0,
    "medium": 30,
    "quick": 8,
    "fast": 2,
    "total": 40
   }
  },
  {
   "type": "Feature",
   "geometry": {
    "type": "Point",
    "coordinates": [
     114.259508,
     22.303627
    ]
   },
   "properties": {
    "district_tc": "西貢區",
    "district_en": "Sai Kung",
    "location_tc": "帝景灣",
    "location_en": "Corinthia by the Sea",
    "address_en": "23 Tong Yin Street, Tseung Kwan O",
    "std": 84,
    "medium": 85,
    "quick": 0,
    "fast": 0,
    "total": 169
   }
  },
  {
   "type": "Feature",
   "geometry": {
    "type": "Point",
    "coordinates": [
     114.144886,
     22.499878
    ]
   },
   "properties": {
    "district_tc": "北區",
    "district_en": "North",
    "location_tc": "御庭軒",
    "location_en": "Grand Regentville",
    "address_en": "9 Wo Mun Street, Luen Wo Hui, Fanling",
    "std": 0,
    "medium": 14,
    "quick": 4,
    "fast": 0,
    "total": 18
   }
  },
  {
   "type": "Feature",
   "geometry": {
    "type": "Point",
    "coordinates": [
     114.165771,
     22.309413
    ]
   },
   "properties": {
    "district_tc": "油尖旺區",
    "district_en": "Yau Tsim Mong",
    "location_tc": "中港薈",
    "location_en": "Coronation Circle",
    "address_en": "1 Yau Cheung Road, South West Kowloon",
    "std": 1,
    "medium": 0,
    "quick": 0,
    "fast": 0,
    "total": 1
   }
  },
  {
   "type": "Feature",
   "geometry": {
    "type": "Point",
    "coordinates": [
     114.113123,
     22.369923
    ]
   },
   "properties": {
    "district_tc": "荃灣區",
    "district_en": "Tsuen Wan",
    "location_tc": "荃新天地",
    "location_en": "Citywalk",
    "address_en": "1 Yeung Uk Road, Tsuen Wan",
    "std": 0,
    "medium": 2,
    "quick": 2,
    "fast": 0,
    "total": 4
   }
  },
  {
   "type": "Feature",
   "geometry": {
    "type": "Point",
    "coordinates": [
     114.191766,
     22.286619
    ]
   },
   "properties": {
    "district_tc": "東區",
    "district_en": "Eastern",
    "location_tc": "電氣道148號",
    "location_en": "148 Electric Road",
    "address_en": "148 Electric Road, North Point",
    "std": 0,
    "medium": 39,
    "quick": 0,
    "fast": 0,
    "total": 39
   }
  },
  {
   "type": "Feature",
   "geometry": {
    "type": "Point",
    "coordinates": [
     114.182328,
     22.281372
    ]
   },
   "properties": {
    "district_tc": "灣仔區",
    "district_en": "Wan Chai",
    "location_tc": "信和廣場",
    "location_en": "Sino Plaza",
    "address_en": "255-257 Gloucester Road, Causeway Bay",
    "std": 0,
    "medium": 10,
    "quick": 2,
    "fast": 0,
    "total": 12
   }
  },
  {
   "type": "Feature",
   "geometry": {
    "type": "Point",
    "coordinates": [
     113.977431,
     22.393412
    ]
   },
   "properties": {
    "district_tc": "屯門區",
    "district_en": "Tuen Mun",
    "location_tc": "屯門市廣場第一期",
    "location_en": "tmtplaza Phase I",
    "address_en": "1 Tuen Shun Street, Tuen Mun",
    "std": 0,
    "medium": 26,
    "quick": 9,
    "fast": 5,
    "total": 40
   }
  },
  {
   "type": "Feature",
   "geometry": {
    "type": "Point",
    "coordinates": [
     114.169052,
     22.322245
    ]
   },
   "properties": {
    "district_tc": "油尖旺區",
    "district_en": "Yau Tsim Mong",
    "location_tc": "始創中心停車場",
    "location_en": "Pioneer Centre Car Park",
    "address_en": "NO.133 Sai Yeung Choi Street South",
    "std": 0,
    "medium": 0,
    "quick": 5,
    "fast": 0,
    "total": 5
   }
  },
  {
   "type": "Feature",
   "geometry": {
    "type": "Point",
    "coordinates": [
     114.193879,
     22.378064
    ]
   },
   "properties": {
    "district_tc": "沙田區",
    "district_en": "Sha Tin",
    "location_tc": "沙角2號停車場",
    "location_en": "Sha Kok Car Park 2",
    "address_en": "Sha Kok Commercial Centre, 5 Sha Kok Street, Sha Tin,  New Territories",
    "std": 0,
    "medium": 20,
    "quick": 0,
    "fast": 0,
    "total": 20
   }
  },
  {
   "type": "Feature",
   "geometry": {
    "type": "Point",
    "coordinates": [
     113.998697,
     22.437349
    ]
   },
   "properties": {
    "district_tc": "元朗區",
    "district_en": "Yuen Long",
    "location_tc": "洪福邨停車場",
    "location_en": "Hung Fuk Estate Carpark",
    "address_en": "Hung Fuk Shopping Centre Management Office, G/F, Ancillary Facilities Block, Hung Fuk Estate, Hung Shui Kiu, Yuen Long",
    "std": 3,
    "medium": 0,
    "quick": 0,
    "fast": 0,
    "total": 3
   }
  },
  {
   "type": "Feature",
   "geometry": {
    "type": "Point",
    "coordinates": [
     114.135857,
     22.377759
    ]
   },
   "properties": {
    "district_tc": "荃灣區",
    "district_en": "Tsuen Wan",
    "location_tc": "梨木樹商場",
    "location_en": "Lei Muk Shue Shopping Centre",
    "address_en": "NGONG HOM ROAD, TSUEN WAN",
    "std": 0,
    "medium": 14,
    "quick": 0,
    "fast": 0,
    "total": 14
   }
  },
  {
   "type": "Feature",
   "geometry": {
    "type": "Point",
    "coordinates": [
     114.217069,
     22.314928
    ]
   },
   "properties": {
    "district_tc": "觀塘區",
    "district_en": "Kwun Tong",
    "location_tc": "宏利廣場",
    "location_en": "Manulife Place",
    "address_en": "International Trade Tower",
    "std": 0,
    "medium": 6,
    "quick": 2,
    "fast": 0,
    "total": 8
   }
  },
  {
   "type": "Feature",
   "geometry": {
    "type": "Point",
    "coordinates": [
     114.197324,
     22.373126
    ]
   },
   "properties": {
    "district_tc": "沙田區",
    "district_en": "Sha Tin",
    "location_tc": "水泉澳停車場",
    "location_en": "Shui Chuen O Capark",
    "address_en": "Shui Chuen O Plaza, 1 Pok Chuen Street, Shatin",
    "std": 15,
    "medium": 16,
    "quick": 0,
    "fast": 0,
    "total": 31
   }
  },
  {
   "type": "Feature",
   "geometry": {
    "type": "Point",
    "coordinates": [
     114.158569,
     22.24921
    ]
   },
   "properties": {
    "district_tc": "南區",
    "district_en": "Southern",
    "location_tc": "石排灣邨停車場",
    "location_en": "Shek Pai Wan Estate Car Park",
    "address_en": "Shek Pai Wan, Yue Kwong Road, Aberdeen, Hong Kong",
    "std": 0,
    "medium": 16,
    "quick": 0,
    "fast": 0,
    "total": 16
   }
  },
  {
   "type": "Feature",
   "geometry": {
    "type": "Point",
    "coordinates": [
     114.224406,
     22.311738
    ]
   },
   "properties": {
    "district_tc": "觀塘區",
    "district_en": "Kwun Tong",
    "location_tc": "富利廣場",
    "location_en": "Futura Plaza",
    "address_en": "Futura Plaza, 111-113 How Ming Street, Kwun Tong, KLN",
    "std": 0,
    "medium": 8,
    "quick": 2,
    "fast": 0,
    "total": 10
   }
  },
  {
   "type": "Feature",
   "geometry": {
    "type": "Point",
    "coordinates": [
     114.209348,
     22.320967
    ]
   },
   "properties": {
    "district_tc": "觀塘區",
    "district_en": "Kwun Tong",
    "location_tc": "國際交易中心",
    "location_en": "Exchange Tower",
    "address_en": "33 Wang Chiu Road, Kowloon Bay, Kowloon",
    "std": 0,
    "medium": 8,
    "quick": 0,
    "fast": 0,
    "total": 8
   }
  },
  {
   "type": "Feature",
   "geometry": {
    "type": "Point",
    "coordinates": [
     114.214615,
     22.315733
    ]
   },
   "properties": {
    "district_tc": "觀塘區",
    "district_en": "Kwun Tong",
    "location_tc": "One Bay East",
    "location_en": "One Bay East",
    "address_en": "B2/F, 83 Hoi Bun Road, Kwun Tong, KLN",
    "std": 0,
    "medium": 10,
    "quick": 0,
    "fast": 0,
    "total": 10
   }
  },
  {
   "type": "Feature",
   "geometry": {
    "type": "Point",
    "coordinates": [
     114.171822,
     22.376024
    ]
   },
   "properties": {
    "district_tc": "沙田區",
    "district_en": "Sha Tin",
    "location_tc": "美田邨",
    "location_en": "Mei Tin Estate",
    "address_en": "Heung Fan Liu Street, Tai Wai, New Territories",
    "std": 0,
    "medium": 3,
    "quick": 0,
    "fast": 0,
    "total": 3
   }
  },
  {
   "type": "Feature",
   "geometry": {
    "type": "Point",
    "coordinates": [
     114.235206,
     22.320589
    ]
   },
   "properties": {
    "district_tc": "觀塘區",
    "district_en": "Kwun Tong",
    "location_tc": "安達邨停車場",
    "location_en": "On Tat Estate Car park",
    "address_en": "3, On Chui Street, Kwun Tong",
    "std": 0,
    "medium": 25,
    "quick": 0,
    "fast": 0,
    "total": 25
   }
  },
  {
   "type": "Feature",
   "geometry": {
    "type": "Point",
    "coordinates": [
     113.965088,
     22.406605
    ]
   },
   "properties": {
    "district_tc": "屯門區",
    "district_en": "Tuen Mun",
    "location_tc": "田景停車場",
    "location_en": "Tin King Car Park",
    "address_en": "Tin King Estate Car Park, 10 Tin King Road, Tuen Mun,  New Territories",
    "std": 0,
    "medium": 11,
    "quick": 0,
    "fast": 0,
    "total": 11
   }
  },
  {
   "type": "Feature",
   "geometry": {
    "type": "Point",
    "coordinates": [
     114.230904,
     22.312876
    ]
   },
   "properties": {
    "district_tc": "觀塘區",
    "district_en": "Kwun Tong",
    "location_tc": "翠屏南停車場",
    "location_en": "Tsui Ping South Car Park",
    "address_en": "Tsui Ping South Estate Car Park, 19 Tsui Ping Road, Kwun Tong,  Kowloon",
    "std": 0,
    "medium": 21,
    "quick": 0,
    "fast": 0,
    "total": 21
   }
  },
  {
   "type": "Feature",
   "geometry": {
    "type": "Point",
    "coordinates": [
     114.17337,
     22.360252
    ]
   },
   "properties": {
    "district_tc": "沙田區",
    "district_en": "Sha Tin",
    "location_tc": "嘉田停車場",
    "location_en": "Ka Tin Car Park",
    "address_en": "Ka Tin Court Car Park, 2-8 Hin Tin Street, Tai Wai,  Sha Tin, New Territories",
    "std": 0,
    "medium": 5,
    "quick": 0,
    "fast": 0,
    "total": 5
   }
  },
  {
   "type": "Feature",
   "geometry": {
    "type": "Point",
    "coordinates": [
     114.19001,
     22.337244
    ]
   },
   "properties": {
    "district_tc": "黃大仙區",
    "district_en": "Wong Tai Sin",
    "location_tc": "康強停車場",
    "location_en": "Hong Keung Car Park",
    "address_en": "Hong Keung Court Car Park, 23 Heng Lam Street, Wang Tau Hom,  Kowloon",
    "std": 0,
    "medium": 14,
    "quick": 0,
    "fast": 0,
    "total": 14
   }
  },
  {
   "type": "Feature",
   "geometry": {
    "type": "Point",
    "coordinates": [
     114.137718,
     22.342508
    ]
   },
   "properties": {
    "district_tc": "葵青區",
    "district_en": "Kwai Tsing",
    "location_tc": "華荔停車場",
    "location_en": "Wah Lai Car Park",
    "address_en": "Wah Lai Estate Car Park, 282 Lai King Hill Road, Lai Chi Kok,  Kowloon",
    "std": 0,
    "medium": 24,
    "quick": 0,
    "fast": 0,
    "total": 24
   }
  },
  {
   "type": "Feature",
   "geometry": {
    "type": "Point",
    "coordinates": [
     114.189171,
     22.311899
    ]
   },
   "properties": {
    "district_tc": "九龍城區",
    "district_en": "Kowloon City",
    "location_tc": "陽光廣場",
    "location_en": "Sunshine Plaza",
    "address_en": "17 Sung On Street, Hung Hom, Kowloon",
    "std": 1,
    "medium": 0,
    "quick": 0,
    "fast": 0,
    "total": 1
   }
  },
  {
   "type": "Feature",
   "geometry": {
    "type": "Point",
    "coordinates": [
     114.242844,
     22.26746
    ]
   },
   "properties": {
    "district_tc": "東區",
    "district_en": "Eastern",
    "location_tc": "港利中心",
    "location_en": "Cornell Centre",
    "address_en": "50 Wing Tai Road, Chai Wan, Hong Kong",
    "std": 1,
    "medium": 0,
    "quick": 0,
    "fast": 0,
    "total": 1
   }
  },
  {
   "type": "Feature",
   "geometry": {
    "type": "Point",
    "coordinates": [
     114.262627,
     22.303268
    ]
   },
   "properties": {
    "district_tc": "西貢區",
    "district_en": "Sai Kung",
    "location_tc": "翩滙坊停車場",
    "location_en": "Papillons Square Car Park",
    "address_en": "The Papillons, 21 Tong Chun Street, Tseung Kwan O, N.T.",
    "std": 0,
    "medium": 3,
    "quick": 0,
    "fast": 0,
    "total": 3
   }
  },
  {
   "type": "Feature",
   "geometry": {
    "type": "Point",
    "coordinates": [
     113.976452,
     22.393878
    ]
   },
   "properties": {
    "district_tc": "屯門區",
    "district_en": "Tuen Mun",
    "location_tc": "屯門市廣場第二期",
    "location_en": "Tuen Mun Town Plaza Phase 2",
    "address_en": "3 Tuen Lung Street, Tuen Mun, New Territories",
    "std": 2,
    "medium": 0,
    "quick": 0,
    "fast": 0,
    "total": 2
   }
  },
  {
   "type": "Feature",
   "geometry": {
    "type": "Point",
    "coordinates": [
     114.160118,
     22.279207
    ]
   },
   "properties": {
    "district_tc": "中西區",
    "district_en": "Central & Western",
    "location_tc": "長江集團中心停車場",
    "location_en": "Cheung Kong Center Car Park",
    "address_en": "2 Queen's Road Central, Hong Kong",
    "std": 0,
    "medium": 0,
    "quick": 2,
    "fast": 0,
    "total": 2
   }
  },
  {
   "type": "Feature",
   "geometry": {
    "type": "Point",
    "coordinates": [
     114.270114,
     22.293985
    ]
   },
   "properties": {
    "district_tc": "西貢區",
    "district_en": "Sai Kung",
    "location_tc": "The LOHAS康城",
    "location_en": "The LOHAS",
    "address_en": "1 LOHAS PARK ROAD, TSEUNG KWAN O, N.T. HONG KONG",
    "std": 0,
    "medium": 15,
    "quick": 43,
    "fast": 0,
    "total": 58
   }
  },
  {
   "type": "Feature",
   "geometry": {
    "type": "Point",
    "coordinates": [
     114.17202,
     22.275387
    ]
   },
   "properties": {
    "district_tc": "灣仔區",
    "district_en": "Wan Chai",
    "location_tc": "利東街商場停車場",
    "location_en": "Lee Tung Avenue Commercial Carpark",
    "address_en": "200 Queen's Road East, Wan Chai, Hong Kong (Entrance on Spring Garden Lane)",
    "std": 0,
    "medium": 17,
    "quick": 7,
    "fast": 0,
    "total": 24
   }
  },
  {
   "type": "Feature",
   "geometry": {
    "type": "Point",
    "coordinates": [
     113.943303,
     22.290981
    ]
   },
   "properties": {
    "district_tc": "離島區",
    "district_en": "Islands",
    "location_tc": "東薈城P3停車場",
    "location_en": "Citygate P3 Carpark",
    "address_en": "39 Man Tung Road, Tung Chung",
    "std": 0,
    "medium": 21,
    "quick": 22,
    "fast": 0,
    "total": 43
   }
  },
  {
   "type": "Feature",
   "geometry": {
    "type": "Point",
    "coordinates": [
     113.940532,
     22.290266
    ]
   },
   "properties": {
    "district_tc": "離島區",
    "district_en": "Islands",
    "location_tc": "東薈城P1停車場",
    "location_en": "Citygate P1 Carpark",
    "address_en": "18 Tat Tung Road, Tung Chung",
    "std": 0,
    "medium": 0,
    "quick": 12,
    "fast": 0,
    "total": 12
   }
  },
  {
   "type": "Feature",
   "geometry": {
    "type": "Point",
    "coordinates": [
     114.171097,
     22.315254
    ]
   },
   "properties": {
    "district_tc": "油尖旺區",
    "district_en": "Yau Tsim Mong",
    "location_tc": "家樂坊",
    "location_en": "Gala Place",
    "address_en": "56 Dundas Street, Mongkok, Kowloon",
    "std": 0,
    "medium": 4,
    "quick": 6,
    "fast": 0,
    "total": 10
   }
  },
  {
   "type": "Feature",
   "geometry": {
    "type": "Point",
    "coordinates": [
     114.216751,
     22.324701
    ]
   },
   "properties": {
    "district_tc": "觀塘區",
    "district_en": "Kwun Tong",
    "location_tc": "淘大商場",
    "location_en": "Amoy Plaza",
    "address_en": "77 Ngau Tau Kok Road, Kowloon",
    "std": 0,
    "medium": 0,
    "quick": 5,
    "fast": 0,
    "total": 5
   }
  },
  {
   "type": "Feature",
   "geometry": {
    "type": "Point",
    "coordinates": [
     114.21637,
     22.283995
    ]
   },
   "properties": {
    "district_tc": "東區",
    "district_en": "Eastern",
    "location_tc": "康怡廣場",
    "location_en": "Kornhill Plaza",
    "address_en": "Hong On Street, Quarry Bay",
    "std": 0,
    "medium": 3,
    "quick": 6,
    "fast": 0,
    "total": 9
   }
  },
  {
   "type": "Feature",
   "geometry": {
    "type": "Point",
    "coordinates": [
     114.207456,
     22.337606
    ]
   },
   "properties": {
    "district_tc": "黃大仙區",
    "district_en": "Wong Tai Sin",
    "location_tc": "斧山道運動場停車場",
    "location_en": "Hammer Hill Road Sports Ground Car Park",
    "address_en": "Wing Ting Road, Wong Tai Sin, Kowloon",
    "std": 0,
    "medium": 3,
    "quick": 0,
    "fast": 0,
    "total": 3
   }
  },
  {
   "type": "Feature",
   "geometry": {
    "type": "Point",
    "coordinates": [
     114.224893,
     22.314483
    ]
   },
   "properties": {
    "district_tc": "觀塘區",
    "district_en": "Kwun Tong",
    "location_tc": "裕民坊",
    "location_en": "Yue Man Square",
    "address_en": "33 Hip Wo Street, Kwun Tong, Kowloon",
    "std": 0,
    "medium": 55,
    "quick": 2,
    "fast": 0,
    "total": 57
   }
  },
  {
   "type": "Feature",
   "geometry": {
    "type": "Point",
    "coordinates": [
     114.212,
     22.28709
    ]
   },
   "properties": {
    "district_tc": "東區",
    "district_en": "Eastern",
    "location_tc": "多盛大廈及電訊盈科中心",
    "location_en": "Dorset House and PCCW Tower",
    "address_en": "979 King's Road, Quarry Bay, Hong Kong",
    "std": 2,
    "medium": 0,
    "quick": 3,
    "fast": 0,
    "total": 5
   }
  },
  {
   "type": "Feature",
   "geometry": {
    "type": "Point",
    "coordinates": [
     114.21106,
     22.287189
    ]
   },
   "properties": {
    "district_tc": "東區",
    "district_en": "Eastern",
    "location_tc": "德宏大廈",
    "location_en": "Devon House",
    "address_en": "979 King's Road, Quarry Bay, Hong Kong",
    "std": 0,
    "medium": 28,
    "quick": 0,
    "fast": 0,
    "total": 28
   }
  },
  {
   "type": "Feature",
   "geometry": {
    "type": "Point",
    "coordinates": [
     114.213509,
     22.287157
    ]
   },
   "properties": {
    "district_tc": "東區",
    "district_en": "Eastern",
    "location_tc": "濠豐大廈",
    "location_en": "Oxford House",
    "address_en": "979 King's Road, Quarry Bay, Hong Kong",
    "std": 2,
    "medium": 0,
    "quick": 0,
    "fast": 0,
    "total": 2
   }
  },
  {
   "type": "Feature",
   "geometry": {
    "type": "Point",
    "coordinates": [
     114.258225,
     22.3027
    ]
   },
   "properties": {
    "district_tc": "西貢區",
    "district_en": "Sai Kung",
    "location_tc": "藍塘傲公衆停車場",
    "location_en": "Alto Public Car Park",
    "address_en": "No.29 Tong Yin Street, Tseung Kwan O",
    "std": 0,
    "medium": 10,
    "quick": 0,
    "fast": 6,
    "total": 16
   }
  },
  {
   "type": "Feature",
   "geometry": {
    "type": "Point",
    "coordinates": [
     114.217346,
     22.286705
    ]
   },
   "properties": {
    "district_tc": "東區",
    "district_en": "Eastern",
    "location_tc": "太古城中心停車場",
    "location_en": "Cityplaza Carpark",
    "address_en": "Cityplaza, 18 Taikoo Shing Road, Tai Koo Shing, Hong Kong",
    "std": 0,
    "medium": 0,
    "quick": 36,
    "fast": 0,
    "total": 36
   }
  },
  {
   "type": "Feature",
   "geometry": {
    "type": "Point",
    "coordinates": [
     114.167793,
     22.276838
    ]
   },
   "properties": {
    "district_tc": "灣仔區",
    "district_en": "Wan Chai",
    "location_tc": "太古廣場三座",
    "location_en": "Three Pacific Place",
    "address_en": "Wing Fung Street.",
    "std": 0,
    "medium": 7,
    "quick": 2,
    "fast": 0,
    "total": 9
   }
  },
  {
   "type": "Feature",
   "geometry": {
    "type": "Point",
    "coordinates": [
     114.117615,
     22.370584
    ]
   },
   "properties": {
    "district_tc": "荃灣區",
    "district_en": "Tsuen Wan",
    "location_tc": "荃灣千色匯I",
    "location_en": "KOLOUR • Tsuen Wan I",
    "address_en": "68 Chung On Street, Tseun Wan",
    "std": 0,
    "medium": 5,
    "quick": 4,
    "fast": 0,
    "total": 9
   }
  },
  {
   "type": "Feature",
   "geometry": {
    "type": "Point",
    "coordinates": [
     114.225091,
     22.312205
    ]
   },
   "properties": {
    "district_tc": "觀塘區",
    "district_en": "Kwun Tong",
    "location_tc": "apm",
    "location_en": "apm",
    "address_en": "KWUN TONG ROAD, KWUN TONG",
    "std": 0,
    "medium": 0,
    "quick": 4,
    "fast": 0,
    "total": 4
   }
  },
  {
   "type": "Feature",
   "geometry": {
    "type": "Point",
    "coordinates": [
     114.224472,
     22.285368
    ]
   },
   "properties": {
    "district_tc": "東區",
    "district_en": "Eastern",
    "location_tc": "嘉亨灣停車場",
    "location_en": "Grand Promenade Car Park",
    "address_en": "38 Tai Hong Street, Sai Wan Ho",
    "std": 0,
    "medium": 3,
    "quick": 0,
    "fast": 0,
    "total": 3
   }
  },
  {
   "type": "Feature",
   "geometry": {
    "type": "Point",
    "coordinates": [
     114.223206,
     22.308005
    ]
   },
   "properties": {
    "district_tc": "觀塘區",
    "district_en": "Kwun Tong",
    "location_tc": "宏利金融中心停車場",
    "location_en": "Manulife Financial Centre Car Park",
    "address_en": "223 Wai Yip Street, Kwun Tong",
    "std": 0,
    "medium": 3,
    "quick": 0,
    "fast": 0,
    "total": 3
   }
  },
  {
   "type": "Feature",
   "geometry": {
    "type": "Point",
    "coordinates": [
     114.190079,
     22.382542
    ]
   },
   "properties": {
    "district_tc": "沙田區",
    "district_en": "Sha Tin",
    "location_tc": "沙田中心",
    "location_en": "Shatin Centre",
    "address_en": "2-16 Wang Pok Street, Shatin",
    "std": 0,
    "medium": 3,
    "quick": 0,
    "fast": 0,
    "total": 3
   }
  },
  {
   "type": "Feature",
   "geometry": {
    "type": "Point",
    "coordinates": [
     114.211195,
     22.426486
    ]
   },
   "properties": {
    "district_tc": "沙田區",
    "district_en": "Sha Tin",
    "location_tc": "科學園停車場 P2",
    "location_en": "Science Park Car Park P2",
    "address_en": "10 Science and Technology East Ave",
    "std": 0,
    "medium": 1,
    "quick": 30,
    "fast": 0,
    "total": 31
   }
  },
  {
   "type": "Feature",
   "geometry": {
    "type": "Point",
    "coordinates": [
     114.173618,
     22.297432
    ]
   },
   "properties": {
    "district_tc": "油尖旺區",
    "district_en": "Yau Tsim Mong",
    "location_tc": "K11購物藝術館",
    "location_en": "K11 Art Mall",
    "address_en": "18 Hanoi Road, Tsim Sha Tsui, Kowloon",
    "std": 0,
    "medium": 5,
    "quick": 3,
    "fast": 0,
    "total": 8
   }
  },
  {
   "type": "Feature",
   "geometry": {
    "type": "Point",
    "coordinates": [
     114.170302,
     22.449688
    ]
   },
   "properties": {
    "district_tc": "大埔區",
    "district_en": "Tai Po",
    "location_tc": "大埔東昌街康體大樓停車場",
    "location_en": "Tai Po Tung Cheong Street Leisure Building Car Park",
    "address_en": "B/F, Tai Po Tung Cheong Street Leisure Building, 25 Tung Cheong Street, Tai Po",
    "std": 0,
    "medium": 60,
    "quick": 0,
    "fast": 0,
    "total": 60
   }
  },
  {
   "type": "Feature",
   "geometry": {
    "type": "Point",
    "coordinates": [
     114.251816,
     22.30441
    ]
   },
   "properties": {
    "district_tc": "西貢區",
    "district_en": "Sai Kung",
    "location_tc": "都會駅停車場",
    "location_en": "Metro Town Car Park",
    "address_en": "8 King Ling Road, Tseung Kwan O, NT",
    "std": 0,
    "medium": 2,
    "quick": 2,
    "fast": 0,
    "total": 4
   }
  },
  {
   "type": "Feature",
   "geometry": {
    "type": "Point",
    "coordinates": [
     114.181697,
     22.278257
    ]
   },
   "properties": {
    "district_tc": "灣仔區",
    "district_en": "Wan Chai",
    "location_tc": "時代廣場停車場",
    "location_en": "Times Square Car Park",
    "address_en": "1 Matheson Street, Times Square, Causeway Bay, Hong Kong",
    "std": 14,
    "medium": 9,
    "quick": 0,
    "fast": 0,
    "total": 23
   }
  },
  {
   "type": "Feature",
   "geometry": {
    "type": "Point",
    "coordinates": [
     114.131693,
     22.259596
    ]
   },
   "properties": {
    "district_tc": "南區",
    "district_en": "Southern",
    "location_tc": "數碼港停車場(三)",
    "location_en": "Cyberport Carpark 3",
    "address_en": "100 Cyberport Rd, Telegraph Bay, Southern District",
    "std": 0,
    "medium": 6,
    "quick": 18,
    "fast": 6,
    "total": 30
   }
  },
  {
   "type": "Feature",
   "geometry": {
    "type": "Point",
    "coordinates": [
     114.231804,
     22.424179
    ]
   },
   "properties": {
    "district_tc": "沙田區",
    "district_en": "Sha Tin",
    "location_tc": "新港城中心4期",
    "location_en": "MOSTown Phase 4",
    "address_en": "18 On Luk Street, Ma On Shan",
    "std": 0,
    "medium": 16,
    "quick": 8,
    "fast": 0,
    "total": 24
   }
  },
  {
   "type": "Feature",
   "geometry": {
    "type": "Point",
    "coordinates": [
     114.167675,
     22.295135
    ]
   },
   "properties": {
    "district_tc": "油尖旺區",
    "district_en": "Yau Tsim Mong",
    "location_tc": "海運大廈停車場 (P5)",
    "location_en": "Ocean Terminal Car Park (P5)",
    "address_en": "4/F - 5/F, Ocean Terminal, Harbour City, Tsim Sha Tsui, Kowloon",
    "std": 0,
    "medium": 0,
    "quick": 34,
    "fast": 0,
    "total": 34
   }
  },
  {
   "type": "Feature",
   "geometry": {
    "type": "Point",
    "coordinates": [
     114.153627,
     22.552678
    ]
   },
   "properties": {
    "district_tc": "北區",
    "district_en": "North",
    "location_tc": "香園圍口岸公眾停車場-私家車及電單車",
    "location_en": "Heung Yuen Wai BCP Public Car Park-Private Car & Motorcycle",
    "address_en": "Mezzanine Floor of Passenger Terminal Building, Heung Yuen Wai Boundary Control Point, New Territories, Hong Kong",
    "std": 0,
    "medium": 126,
    "quick": 0,
    "fast": 0,
    "total": 126
   }
  },
  {
   "type": "Feature",
   "geometry": {
    "type": "Point",
    "coordinates": [
     114.202706,
     22.340503
    ]
   },
   "properties": {
    "district_tc": "黃大仙區",
    "district_en": "Wong Tai Sin",
    "location_tc": "荷里活廣場停車場",
    "location_en": "Plaza Hollywood Carpark",
    "address_en": "Plaza Hollywood, Diamond Hill, Kln",
    "std": 8,
    "medium": 0,
    "quick": 3,
    "fast": 0,
    "total": 11
   }
  },
  {
   "type": "Feature",
   "geometry": {
    "type": "Point",
    "coordinates": [
     114.004264,
     22.445991
    ]
   },
   "properties": {
    "district_tc": "元朗區",
    "district_en": "Yuen Long",
    "location_tc": "屏欣停車場",
    "location_en": "Ping Yan Carpark",
    "address_en": "Ping Yan Court, 65 Ping Ha Street, Tin Shui Wai, N.T.",
    "std": 4,
    "medium": 0,
    "quick": 0,
    "fast": 0,
    "total": 4
   }
  },
  {
   "type": "Feature",
   "geometry": {
    "type": "Point",
    "coordinates": [
     114.11949,
     22.36986
    ]
   },
   "properties": {
    "district_tc": "荃灣區",
    "district_en": "Tsuen Wan",
    "location_tc": "仁濟醫院訪客停車場",
    "location_en": "Yan Chai Hospital Visitor Carpark",
    "address_en": "7-11 Yan Chai Street, Tsuen Wan, N.T.",
    "std": 3,
    "medium": 0,
    "quick": 0,
    "fast": 0,
    "total": 3
   }
  },
  {
   "type": "Feature",
   "geometry": {
    "type": "Point",
    "coordinates": [
     114.263955,
     22.304527
    ]
   },
   "properties": {
    "district_tc": "西貢區",
    "district_en": "Sai Kung",
    "location_tc": "雍明苑停車場",
    "location_en": "Yung Ming Court Car Park",
    "address_en": "5 Chi Shin Street, Tseung Kwan O,  New Territories",
    "std": 9,
    "medium": 1,
    "quick": 0,
    "fast": 0,
    "total": 10
   }
  },
  {
   "type": "Feature",
   "geometry": {
    "type": "Point",
    "coordinates": [
     114.189077,
     22.399442
    ]
   },
   "properties": {
    "district_tc": "沙田區",
    "district_en": "Sha Tin",
    "location_tc": "駿洋商場停車場",
    "location_en": "Chun Yeung Shopping Centre Car Park",
    "address_en": "Chun Yeung Shopping Centre, 20 Kwei Tei Street, Fo Tan, N.T.",
    "std": 53,
    "medium": 0,
    "quick": 0,
    "fast": 0,
    "total": 53
   }
  },
  {
   "type": "Feature",
   "geometry": {
    "type": "Point",
    "coordinates": [
     114.228595,
     22.327028
    ]
   },
   "properties": {
    "district_tc": "觀塘區",
    "district_en": "Kwun Tong",
    "location_tc": "安泰邨停車場",
    "location_en": "On Tai Estate Carpark",
    "address_en": "G/F., Hang Tai House, On Tai Estate, Kwun Tong",
    "std": 0,
    "medium": 27,
    "quick": 0,
    "fast": 0,
    "total": 27
   }
  },
  {
   "type": "Feature",
   "geometry": {
    "type": "Point",
    "coordinates": [
     114.217401,
     22.327755
    ]
   },
   "properties": {
    "district_tc": "觀塘區",
    "district_en": "Kwun Tong",
    "location_tc": "彩福邨車場",
    "location_en": "Choi Fook Estate Car Park",
    "address_en": "58 Choi Wing Road, Ngau Tau Kok,Kowloon",
    "std": 6,
    "medium": 6,
    "quick": 0,
    "fast": 0,
    "total": 12
   }
  },
  {
   "type": "Feature",
   "geometry": {
    "type": "Point",
    "coordinates": [
     114.213535,
     22.331585
    ]
   },
   "properties": {
    "district_tc": "觀塘區",
    "district_en": "Kwun Tong",
    "location_tc": "彩興苑停車場",
    "location_en": "Choi Hing Court Car Park",
    "address_en": "1 CHOI SING LANE,Ngau Tau Kok,Kowloon",
    "std": 0,
    "medium": 8,
    "quick": 0,
    "fast": 0,
    "total": 8
   }
  },
  {
   "type": "Feature",
   "geometry": {
    "type": "Point",
    "coordinates": [
     114.216955,
     22.321803
    ]
   },
   "properties": {
    "district_tc": "觀塘區",
    "district_en": "Kwun Tong",
    "location_tc": "安基苑車場",
    "location_en": "On Kay Court Car Park",
    "address_en": "20 On Wah Street, Ngau Tau Kok,Kowloon",
    "std": 0,
    "medium": 11,
    "quick": 0,
    "fast": 0,
    "total": 11
   }
  },
  {
   "type": "Feature",
   "geometry": {
    "type": "Point",
    "coordinates": [
     114.214892,
     22.321261
    ]
   },
   "properties": {
    "district_tc": "觀塘區",
    "district_en": "Kwun Tong",
    "location_tc": "牛頭角下邨車場",
    "location_en": "Lower ngau tau kok estate Car Park",
    "address_en": "120 Ngau Tau Kok Road , Ngau Tau Kok,Kowloon",
    "std": 14,
    "medium": 12,
    "quick": 0,
    "fast": 0,
    "total": 26
   }
  },
  {
   "type": "Feature",
   "geometry": {
    "type": "Point",
    "coordinates": [
     113.976347,
     22.41375
    ]
   },
   "properties": {
    "district_tc": "屯門區",
    "district_en": "Tuen Mun",
    "location_tc": "欣田邨停車場",
    "location_en": "Yan Tin Estate Carpark",
    "address_en": "39, Tsing Lun Road, Tuen Mun, New Territories",
    "std": 0,
    "medium": 2,
    "quick": 0,
    "fast": 0,
    "total": 2
   }
  },
  {
   "type": "Feature",
   "geometry": {
    "type": "Point",
    "coordinates": [
     114.208753,
     22.386098
    ]
   },
   "properties": {
    "district_tc": "沙田區",
    "district_en": "Sha Tin",
    "location_tc": "碩門邨二期停車場",
    "location_en": "Shek Mun Estate Phase 2 Car park",
    "address_en": "Shek Mun Estate, 18 On Muk St, Shatin",
    "std": 7,
    "medium": 12,
    "quick": 0,
    "fast": 0,
    "total": 19
   }
  },
  {
   "type": "Feature",
   "geometry": {
    "type": "Point",
    "coordinates": [
     114.156111,
     22.328807
    ]
   },
   "properties": {
    "district_tc": "深水埗區",
    "district_en": "Sham Shui Po",
    "location_tc": "榮昌邨停車場",
    "location_en": "Wing Cheong Estate Car Park",
    "address_en": "No.20, Sai Chuen Road, Sham Shui Po",
    "std": 2,
    "medium": 2,
    "quick": 0,
    "fast": 0,
    "total": 4
   }
  },
  {
   "type": "Feature",
   "geometry": {
    "type": "Point",
    "coordinates": [
     114.171519,
     22.280696
    ]
   },
   "properties": {
    "district_tc": "灣仔區",
    "district_en": "Wan Chai",
    "location_tc": "會展廣場停車場(港灣道)",
    "location_en": "Convention Plaza Car Park (Harbour Road)",
    "address_en": "1 Harbour Road, Wanchai, Hong Kong",
    "std": 3,
    "medium": 3,
    "quick": 12,
    "fast": 0,
    "total": 18
   }
  },
  {
   "type": "Feature",
   "geometry": {
    "type": "Point",
    "coordinates": [
     114.268606,
     22.316521
    ]
   },
   "properties": {
    "district_tc": "西貢區",
    "district_en": "Sai Kung",
    "location_tc": "明德停車場",
    "location_en": "Ming Tak Car Park",
    "address_en": "Ming Tak Shopping Centre, 10 Pui Shing Lane, Tseung Kwan O, New Territories",
    "std": 0,
    "medium": 0,
    "quick": 4,
    "fast": 0,
    "total": 4
   }
  },
  {
   "type": "Feature",
   "geometry": {
    "type": "Point",
    "coordinates": [
     114.221232,
     22.309629
    ]
   },
   "properties": {
    "district_tc": "觀塘區",
    "district_en": "Kwun Tong",
    "location_tc": "二號海港廣場",
    "location_en": "Two Harbour Square",
    "address_en": "WAI YIP STREET",
    "std": 0,
    "medium": 10,
    "quick": 0,
    "fast": 0,
    "total": 10
   }
  },
  {
   "type": "Feature",
   "geometry": {
    "type": "Point",
    "coordinates": [
     114.149445,
     22.250619
    ]
   },
   "properties": {
    "district_tc": "南區",
    "district_en": "Southern",
    "location_tc": "田灣邨多層停車場",
    "location_en": "TIN WAN ESTATE CAR PARK",
    "address_en": "TIN WAN STREET, SOUTHERN",
    "std": 0,
    "medium": 11,
    "quick": 4,
    "fast": 0,
    "total": 15
   }
  },
  {
   "type": "Feature",
   "geometry": {
    "type": "Point",
    "coordinates": [
     114.109718,
     22.351652
    ]
   },
   "properties": {
    "district_tc": "葵青區",
    "district_en": "Kwai Tsing",
    "location_tc": "橋滙",
    "location_en": "Gateway TS",
    "address_en": "CHEUNG FAI ROAD, KWAI TSING",
    "std": 0,
    "medium": 0,
    "quick": 6,
    "fast": 0,
    "total": 6
   }
  },
  {
   "type": "Feature",
   "geometry": {
    "type": "Point",
    "coordinates": [
     114.188491,
     22.301527
    ]
   },
   "properties": {
    "district_tc": "九龍城區",
    "district_en": "Kowloon City",
    "location_tc": "香港嘉里大酒店",
    "location_en": "Kerry Hotel Hong Kong",
    "address_en": "HUNG LUEN ROAD, KOWLOON CITY",
    "std": 0,
    "medium": 6,
    "quick": 0,
    "fast": 0,
    "total": 6
   }
  },
  {
   "type": "Feature",
   "geometry": {
    "type": "Point",
    "coordinates": [
     114.169392,
     22.302711
    ]
   },
   "properties": {
    "district_tc": "油尖旺區",
    "district_en": "Yau Tsim Mong",
    "location_tc": "香港童軍中心",
    "location_en": "HONG KONG SCOUT HEADQUARTERS",
    "address_en": "AUSTIN ROAD, YAU TSIM MONG",
    "std": 0,
    "medium": 8,
    "quick": 18,
    "fast": 0,
    "total": 26
   }
  },
  {
   "type": "Feature",
   "geometry": {
    "type": "Point",
    "coordinates": [
     114.203318,
     22.291493
    ]
   },
   "properties": {
    "district_tc": "東區",
    "district_en": "Eastern",
    "location_tc": "健威花園",
    "location_en": "HEALTHY GARDENS",
    "address_en": "KING'S ROAD, EASTERN",
    "std": 0,
    "medium": 18,
    "quick": 0,
    "fast": 0,
    "total": 18
   }
  },
  {
   "type": "Feature",
   "geometry": {
    "type": "Point",
    "coordinates": [
     114.257863,
     22.307558
    ]
   },
   "properties": {
    "district_tc": "西貢區",
    "district_en": "Sai Kung",
    "location_tc": "將軍澳中心(商業中心)(第一及第二期)",
    "location_en": "Park Central Shopping Arcade",
    "address_en": "TONG TAK STREET, SAI KUNG",
    "std": 9,
    "medium": 12,
    "quick": 8,
    "fast": 0,
    "total": 29
   }
  },
  {
   "type": "Feature",
   "geometry": {
    "type": "Point",
    "coordinates": [
     114.262668,
     22.302589
    ]
   },
   "properties": {
    "district_tc": "西貢區",
    "district_en": "Sai Kung",
    "location_tc": "Monterey",
    "location_en": "Monterey",
    "address_en": "TONG CHUN STREET, SAI KUNG",
    "std": 0,
    "medium": 0,
    "quick": 8,
    "fast": 0,
    "total": 8
   }
  },
  {
   "type": "Feature",
   "geometry": {
    "type": "Point",
    "coordinates": [
     114.208565,
     22.322594
    ]
   },
   "properties": {
    "district_tc": "觀塘區",
    "district_en": "Kwun Tong",
    "location_tc": "鴻力工業中心",
    "location_en": "PROFICIENT INDUSTRIAL CENTRE",
    "address_en": "WANG KWUN ROAD, KWUN TONG",
    "std": 1,
    "medium": 0,
    "quick": 0,
    "fast": 0,
    "total": 1
   }
  },
  {
   "type": "Feature",
   "geometry": {
    "type": "Point",
    "coordinates": [
     114.156148,
     22.283656
    ]
   },
   "properties": {
    "district_tc": "中西區",
    "district_en": "Central & Western",
    "location_tc": "萬宜大廈",
    "location_en": "MAN YEE BUILDING",
    "address_en": "DES VOEUX ROAD CENTRAL, CENTRAL & WESTERN",
    "std": 0,
    "medium": 0,
    "quick": 2,
    "fast": 0,
    "total": 2
   }
  },
  {
   "type": "Feature",
   "geometry": {
    "type": "Point",
    "coordinates": [
     114.12774,
     22.50259
    ]
   },
   "properties": {
    "district_tc": "北區",
    "district_en": "North",
    "location_tc": "上水廣場",
    "location_en": "LANDMARK NORTH",
    "address_en": "LUNG SUM AVENUE, NORTH",
    "std": 0,
    "medium": 0,
    "quick": 8,
    "fast": 0,
    "total": 8
   }
  },
  {
   "type": "Feature",
   "geometry": {
    "type": "Point",
    "coordinates": [
     114.258163,
     22.32049
    ]
   },
   "properties": {
    "district_tc": "西貢區",
    "district_en": "Sai Kung",
    "location_tc": "疊翠軒",
    "location_en": "THE PINNACLE",
    "address_en": "WAN HANG ROAD, SAI KUNG",
    "std": 0,
    "medium": 6,
    "quick": 0,
    "fast": 0,
    "total": 6
   }
  },
  {
   "type": "Feature",
   "geometry": {
    "type": "Point",
    "coordinates": [
     114.264408,
     22.305556
    ]
   },
   "properties": {
    "district_tc": "西貢區",
    "district_en": "Sai Kung",
    "location_tc": "Savannah",
    "location_en": "Savannah",
    "address_en": "CHI SHIN STREET, SAI KUNG",
    "std": 0,
    "medium": 0,
    "quick": 3,
    "fast": 0,
    "total": 3
   }
  },
  {
   "type": "Feature",
   "geometry": {
    "type": "Point",
    "coordinates": [
     114.171654,
     22.280207
    ]
   },
   "properties": {
    "district_tc": "灣仔區",
    "district_en": "Wan Chai",
    "location_tc": "瑞安中心",
    "location_en": "SHUI ON CENTRE",
    "address_en": "6-8, Harbour Road, Wanchai",
    "std": 0,
    "medium": 1,
    "quick": 1,
    "fast": 0,
    "total": 2
   }
  },
  {
   "type": "Feature",
   "geometry": {
    "type": "Point",
    "coordinates": [
     114.117948,
     22.368579
    ]
   },
   "properties": {
    "district_tc": "荃灣區",
    "district_en": "Tsuen Wan",
    "location_tc": "寶石大廈",
    "location_en": "BO SHEK MANSION",
    "address_en": "SHA TSUI ROAD, TSUEN WAN",
    "std": 1,
    "medium": 2,
    "quick": 0,
    "fast": 0,
    "total": 3
   }
  },
  {
   "type": "Feature",
   "geometry": {
    "type": "Point",
    "coordinates": [
     114.127608,
     22.360492
    ]
   },
   "properties": {
    "district_tc": "葵青區",
    "district_en": "Kwai Tsing",
    "location_tc": "恒景花園",
    "location_en": "Hang King Garden",
    "address_en": "WING FONG ROAD, KWAI TSING",
    "std": 0,
    "medium": 0,
    "quick": 2,
    "fast": 0,
    "total": 2
   }
  },
  {
   "type": "Feature",
   "geometry": {
    "type": "Point",
    "coordinates": [
     114.024482,
     22.436205
    ]
   },
   "properties": {
    "district_tc": "元朗區",
    "district_en": "Yuen Long",
    "location_tc": "溱柏",
    "location_en": "Park Signature",
    "address_en": "KUNG UM ROAD, YUEN LONG",
    "std": 0,
    "medium": 3,
    "quick": 0,
    "fast": 0,
    "total": 3
   }
  },
  {
   "type": "Feature",
   "geometry": {
    "type": "Point",
    "coordinates": [
     114.17637,
     22.298666
    ]
   },
   "properties": {
    "district_tc": "油尖旺區",
    "district_en": "Yau Tsim Mong",
    "location_tc": "安達中心",
    "location_en": "AUTO PLAZA",
    "address_en": "MODY ROAD, YAU TSIM MONG",
    "std": 0,
    "medium": 4,
    "quick": 0,
    "fast": 0,
    "total": 4
   }
  },
  {
   "type": "Feature",
   "geometry": {
    "type": "Point",
    "coordinates": [
     114.172853,
     22.299909
    ]
   },
   "properties": {
    "district_tc": "油尖旺區",
    "district_en": "Yau Tsim Mong",
    "location_tc": "The One",
    "location_en": "The One",
    "address_en": "NATHAN ROAD, YAU TSIM MONG",
    "std": 0,
    "medium": 12,
    "quick": 0,
    "fast": 0,
    "total": 12
   }
  },
  {
   "type": "Feature",
   "geometry": {
    "type": "Point",
    "coordinates": [
     114.16976,
     22.296017
    ]
   },
   "properties": {
    "district_tc": "油尖旺區",
    "district_en": "Yau Tsim Mong",
    "location_tc": "北京道1號",
    "location_en": "ONE PEKING",
    "address_en": "PEKING ROAD, YAU TSIM MONG",
    "std": 0,
    "medium": 1,
    "quick": 0,
    "fast": 0,
    "total": 1
   }
  },
  {
   "type": "Feature",
   "geometry": {
    "type": "Point",
    "coordinates": [
     114.235321,
     22.265359
    ]
   },
   "properties": {
    "district_tc": "東區",
    "district_en": "Eastern",
    "location_tc": "國貿中心",
    "location_en": "Trend Centre",
    "address_en": "CHEUNG LEE STREET, EASTERN",
    "std": 1,
    "medium": 0,
    "quick": 0,
    "fast": 0,
    "total": 1
   }
  },
  {
   "type": "Feature",
   "geometry": {
    "type": "Point",
    "coordinates": [
     114.045969,
     22.476315
    ]
   },
   "properties": {
    "district_tc": "元朗區",
    "district_en": "Yuen Long",
    "location_tc": "錦綉花園市中心",
    "location_en": "FAIRVIEW PARK - TOWN CENTRE",
    "address_en": "GRINKGO ROAD, YUEN LONG",
    "std": 0,
    "medium": 0,
    "quick": 4,
    "fast": 0,
    "total": 4
   }
  },
  {
   "type": "Feature",
   "geometry": {
    "type": "Point",
    "coordinates": [
     114.201134,
     22.289873
    ]
   },
   "properties": {
    "district_tc": "東區",
    "district_en": "Eastern",
    "location_tc": "雋悅",
    "location_en": "The Tanner Hill",
    "address_en": "TANNER ROAD, EASTERN",
    "std": 0,
    "medium": 1,
    "quick": 0,
    "fast": 0,
    "total": 1
   }
  },
  {
   "type": "Feature",
   "geometry": {
    "type": "Point",
    "coordinates": [
     114.187645,
     22.273446
    ]
   },
   "properties": {
    "district_tc": "灣仔區",
    "district_en": "Wan Chai",
    "location_tc": "奧運大樓 A",
    "location_en": "Olympic House A",
    "address_en": "STADIUM PATH, WAN CHAI",
    "std": 2,
    "medium": 0,
    "quick": 0,
    "fast": 0,
    "total": 2
   }
  },
  {
   "type": "Feature",
   "geometry": {
    "type": "Point",
    "coordinates": [
     114.188702,
     22.379645
    ]
   },
   "properties": {
    "district_tc": "沙田區",
    "district_en": "Sha Tin",
    "location_tc": "帝都酒店",
    "location_en": "ROYAL PARK HOTEL & NEW TOWN TOWER",
    "address_en": "PAK HOK TING STREET, SHATIN",
    "std": 0,
    "medium": 4,
    "quick": 0,
    "fast": 1,
    "total": 5
   }
  },
  {
   "type": "Feature",
   "geometry": {
    "type": "Point",
    "coordinates": [
     114.187779,
     22.385657
    ]
   },
   "properties": {
    "district_tc": "沙田區",
    "district_en": "Sha Tin",
    "location_tc": "新城市中央廣場",
    "location_en": "GRAND CENTRAL PLAZA",
    "address_en": "SHATIN RURAL COMMITTEE ROAD, SHATIN",
    "std": 1,
    "medium": 0,
    "quick": 0,
    "fast": 0,
    "total": 1
   }
  },
  {
   "type": "Feature",
   "geometry": {
    "type": "Point",
    "coordinates": [
     114.186346,
     22.370089
    ]
   },
   "properties": {
    "district_tc": "沙田區",
    "district_en": "Sha Tin",
    "location_tc": "新田圍邨",
    "location_en": "SUN TIN WAI ESTATE",
    "address_en": "SHA TIN TAU ROAD, SHATIN",
    "std": 0,
    "medium": 10,
    "quick": 3,
    "fast": 0,
    "total": 13
   }
  },
  {
   "type": "Feature",
   "geometry": {
    "type": "Point",
    "coordinates": [
     114.1864,
     22.30784
    ]
   },
   "properties": {
    "district_tc": "九龍城區",
    "district_en": "Kowloon City",
    "location_tc": "家維邨",
    "location_en": "Ka Wai Chuen",
    "address_en": "Station Lane, Kowloon City",
    "std": 1,
    "medium": 2,
    "quick": 0,
    "fast": 0,
    "total": 3
   }
  },
  {
   "type": "Feature",
   "geometry": {
    "type": "Point",
    "coordinates": [
     114.227158,
     22.278151
    ]
   },
   "properties": {
    "district_tc": "東區",
    "district_en": "Eastern",
    "location_tc": "樂融軒",
    "location_en": "Harmony Place",
    "address_en": "NAM ON STREET",
    "std": 0,
    "medium": 19,
    "quick": 0,
    "fast": 0,
    "total": 19
   }
  },
  {
   "type": "Feature",
   "geometry": {
    "type": "Point",
    "coordinates": [
     114.043483,
     22.30872
    ]
   },
   "properties": {
    "district_tc": "離島區",
    "district_en": "Islands",
    "location_tc": "香港迪士尼樂園酒店",
    "location_en": "Hong Kong Disneyland Hotel",
    "address_en": "MAGIC ROAD, ISLANDS",
    "std": 1,
    "medium": 1,
    "quick": 0,
    "fast": 0,
    "total": 2
   }
  },
  {
   "type": "Feature",
   "geometry": {
    "type": "Point",
    "coordinates": [
     114.210109,
     22.320949
    ]
   },
   "properties": {
    "district_tc": "觀塘區",
    "district_en": "Kwun Tong",
    "location_tc": "一號九龍",
    "location_en": "One Kowloon",
    "address_en": "WANG YUEN STREET, KWUN TONG",
    "std": 0,
    "medium": 6,
    "quick": 6,
    "fast": 0,
    "total": 12
   }
  },
  {
   "type": "Feature",
   "geometry": {
    "type": "Point",
    "coordinates": [
     114.028699,
     22.447197
    ]
   },
   "properties": {
    "district_tc": "元朗區",
    "district_en": "Yuen Long",
    "location_tc": "朗晴邨",
    "location_en": "Long Ching Estate",
    "address_en": "Long Ching Estate, Yuen Long, New Territories",
    "std": 1,
    "medium": 0,
    "quick": 0,
    "fast": 0,
    "total": 1
   }
  },
  {
   "type": "Feature",
   "geometry": {
    "type": "Point",
    "coordinates": [
     114.154788,
     22.339214
    ]
   },
   "properties": {
    "district_tc": "深水埗區",
    "district_en": "Sham Shui Po",
    "location_tc": "喜薈",
    "location_en": "Heya Crystal",
    "address_en": "CASTLE PEAK ROAD, SHAM SHUI PO",
    "std": 0,
    "medium": 3,
    "quick": 0,
    "fast": 0,
    "total": 3
   }
  },
  {
   "type": "Feature",
   "geometry": {
    "type": "Point",
    "coordinates": [
     114.21006,
     22.321463
    ]
   },
   "properties": {
    "district_tc": "觀塘區",
    "district_en": "Kwun Tong",
    "location_tc": "富通中心",
    "location_en": "FtLife Tower",
    "address_en": "SHEUNG YUET ROAD, KWUN TONG",
    "std": 0,
    "medium": 73,
    "quick": 18,
    "fast": 0,
    "total": 91
   }
  },
  {
   "type": "Feature",
   "geometry": {
    "type": "Point",
    "coordinates": [
     114.191639,
     22.302319
    ]
   },
   "properties": {
    "district_tc": "九龍城區",
    "district_en": "Kowloon City",
    "location_tc": "海濱廣場",
    "location_en": "THE HARBOUR FRONT",
    "address_en": "TAK FUNG STREET, KOWLOON CITY",
    "std": 0,
    "medium": 0,
    "quick": 2,
    "fast": 0,
    "total": 2
   }
  },
  {
   "type": "Feature",
   "geometry": {
    "type": "Point",
    "coordinates": [
     114.175866,
     22.24773
    ]
   },
   "properties": {
    "district_tc": "南區",
    "district_en": "Southern",
    "location_tc": "香港海洋公園萬豪酒店",
    "location_en": "The Hong Kong Ocean Park Marriott Hotel",
    "address_en": "WONG CHUK HANG ROAD, SOUTHERN",
    "std": 0,
    "medium": 0,
    "quick": 2,
    "fast": 0,
    "total": 2
   }
  },
  {
   "type": "Feature",
   "geometry": {
    "type": "Point",
    "coordinates": [
     114.156402,
     22.334836
    ]
   },
   "properties": {
    "district_tc": "深水埗區",
    "district_en": "Sham Shui Po",
    "location_tc": "長沙灣邨",
    "location_en": "CHEUNG SHA WAN ESTATE",
    "address_en": "Cheung Sha Wan Estate, Sham Shui Po, Kowloon",
    "std": 2,
    "medium": 7,
    "quick": 0,
    "fast": 0,
    "total": 9
   }
  },
  {
   "type": "Feature",
   "geometry": {
    "type": "Point",
    "coordinates": [
     114.154129,
     22.341827
    ]
   },
   "properties": {
    "district_tc": "深水埗區",
    "district_en": "Sham Shui Po",
    "location_tc": "明愛醫院",
    "location_en": "Caritas Medical Centre",
    "address_en": "WING HONG STREET, SHAM SHUI PO",
    "std": 0,
    "medium": 1,
    "quick": 0,
    "fast": 0,
    "total": 1
   }
  },
  {
   "type": "Feature",
   "geometry": {
    "type": "Point",
    "coordinates": [
     113.974641,
     22.388103
    ]
   },
   "properties": {
    "district_tc": "屯門區",
    "district_en": "Tuen Mun",
    "location_tc": "友愛邨",
    "location_en": "YAU OI ESTATE",
    "address_en": "YAU OI ROAD, TUEN MUN",
    "std": 0,
    "medium": 0,
    "quick": 4,
    "fast": 0,
    "total": 4
   }
  },
  {
   "type": "Feature",
   "geometry": {
    "type": "Point",
    "coordinates": [
     114.185966,
     22.280072
    ]
   },
   "properties": {
    "district_tc": "灣仔區",
    "district_en": "Wan Chai",
    "location_tc": "Fashion Walk",
    "location_en": "Fashion Walk",
    "address_en": "11-19 Great George Street, Causeway Bay",
    "std": 0,
    "medium": 0,
    "quick": 4,
    "fast": 0,
    "total": 4
   }
  },
  {
   "type": "Feature",
   "geometry": {
    "type": "Point",
    "coordinates": [
     114.176045,
     22.335232
    ]
   },
   "properties": {
    "district_tc": "深水埗區",
    "district_en": "Sham Shui Po",
    "location_tc": "創新中心",
    "location_en": "Innocentre",
    "address_en": "TAT CHEE AVENUE, SHAM SHUI PO",
    "std": 3,
    "medium": 6,
    "quick": 3,
    "fast": 0,
    "total": 12
   }
  },
  {
   "type": "Feature",
   "geometry": {
    "type": "Point",
    "coordinates": [
     114.154371,
     22.338824
    ]
   },
   "properties": {
    "district_tc": "深水埗區",
    "district_en": "Sham Shui Po",
    "location_tc": "喜漾",
    "location_en": "HEYA AQUA",
    "address_en": "FUK WING STREET, SHAM SHUI PO",
    "std": 0,
    "medium": 2,
    "quick": 0,
    "fast": 0,
    "total": 2
   }
  },
  {
   "type": "Feature",
   "geometry": {
    "type": "Point",
    "coordinates": [
     114.103072,
     22.355759
    ]
   },
   "properties": {
    "district_tc": "葵青區",
    "district_en": "Kwai Tsing",
    "location_tc": "青衣邨",
    "location_en": "TSING YI ESTATE",
    "address_en": "FUNG SHUE WO ROAD, KWAI TSING",
    "std": 0,
    "medium": 0,
    "quick": 2,
    "fast": 0,
    "total": 2
   }
  },
  {
   "type": "Feature",
   "geometry": {
    "type": "Point",
    "coordinates": [
     114.138263,
     22.482443
    ]
   },
   "properties": {
    "district_tc": "北區",
    "district_en": "North",
    "location_tc": "雍盛苑",
    "location_en": "YUNG SHING COURT",
    "address_en": "FAI MING ROAD, NORTH",
    "std": 0,
    "medium": 0,
    "quick": 4,
    "fast": 0,
    "total": 4
   }
  },
  {
   "type": "Feature",
   "geometry": {
    "type": "Point",
    "coordinates": [
     114.181723,
     22.303247
    ]
   },
   "properties": {
    "district_tc": "油尖旺區",
    "district_en": "Yau Tsim Mong",
    "location_tc": "紅磡站停車場",
    "location_en": "Hung Hom Station Car Park",
    "address_en": "8 Cheong Wan Road, Hung Hom, Kowloon",
    "std": 0,
    "medium": 1,
    "quick": 5,
    "fast": 0,
    "total": 6
   }
  },
  {
   "type": "Feature",
   "geometry": {
    "type": "Point",
    "coordinates": [
     114.12982,
     22.500989
    ]
   },
   "properties": {
    "district_tc": "北區",
    "district_en": "North",
    "location_tc": "上水中心",
    "location_en": "SHEUNG SHUI CENTRE",
    "address_en": "CHI CHEONG ROAD, NORTH",
    "std": 1,
    "medium": 0,
    "quick": 6,
    "fast": 0,
    "total": 7
   }
  },
  {
   "type": "Feature",
   "geometry": {
    "type": "Point",
    "coordinates": [
     114.153013,
     22.28659
    ]
   },
   "properties": {
    "district_tc": "中西區",
    "district_en": "Central & Western",
    "location_tc": "永安中心",
    "location_en": "WING ON CENTRE",
    "address_en": "CONNAUGHT ROAD CENTRAL, CENTRAL & WESTERN",
    "std": 0,
    "medium": 2,
    "quick": 4,
    "fast": 0,
    "total": 6
   }
  },
  {
   "type": "Feature",
   "geometry": {
    "type": "Point",
    "coordinates": [
     114.130158,
     22.349578
    ]
   },
   "properties": {
    "district_tc": "葵青區",
    "district_en": "Kwai Tsing",
    "location_tc": "浩景臺",
    "location_en": "Highland Park",
    "address_en": "LAI KONG STREET, KWAI TSING",
    "std": 0,
    "medium": 3,
    "quick": 0,
    "fast": 0,
    "total": 3
   }
  },
  {
   "type": "Feature",
   "geometry": {
    "type": "Point",
    "coordinates": [
     114.155914,
     22.319885
    ]
   },
   "properties": {
    "district_tc": "油尖旺區",
    "district_en": "Yau Tsim Mong",
    "location_tc": "浪澄灣",
    "location_en": "The Long Beach",
    "address_en": "HOI FAI ROAD, YAU TSIM MONG",
    "std": 0,
    "medium": 0,
    "quick": 2,
    "fast": 0,
    "total": 2
   }
  },
  {
   "type": "Feature",
   "geometry": {
    "type": "Point",
    "coordinates": [
     114.174288,
     22.369094
    ]
   },
   "properties": {
    "district_tc": "沙田區",
    "district_en": "Sha Tin",
    "location_tc": "名城",
    "location_en": "FESTIVAL CITY PHASE I-III",
    "address_en": "MEI TIN ROAD, SHATIN",
    "std": 0,
    "medium": 0,
    "quick": 2,
    "fast": 0,
    "total": 2
   }
  },
  {
   "type": "Feature",
   "geometry": {
    "type": "Point",
    "coordinates": [
     114.172624,
     22.300815
    ]
   },
   "properties": {
    "district_tc": "油尖旺區",
    "district_en": "Yau Tsim Mong",
    "location_tc": "美麗華商場",
    "location_en": "CHI WAN BUILDING (MIRAMAR SHOPPING CENTRE)",
    "address_en": "KIMBERLEY ROAD, YAU TSIM MONG",
    "std": 0,
    "medium": 21,
    "quick": 4,
    "fast": 0,
    "total": 25
   }
  },
  {
   "type": "Feature",
   "geometry": {
    "type": "Point",
    "coordinates": [
     114.173667,
     22.316771
    ]
   },
   "properties": {
    "district_tc": "油尖旺區",
    "district_en": "Yau Tsim Mong",
    "location_tc": "廣發商業中心",
    "location_en": "WEALTH COMMERCIAL CENTRE",
    "address_en": "KWONG WA STREET, YAU TSIM MONG",
    "std": 1,
    "medium": 0,
    "quick": 0,
    "fast": 0,
    "total": 1
   }
  },
  {
   "type": "Feature",
   "geometry": {
    "type": "Point",
    "coordinates": [
     114.172322,
     22.323148
    ]
   },
   "properties": {
    "district_tc": "油尖旺區",
    "district_en": "Yau Tsim Mong",
    "location_tc": "新世紀廣場",
    "location_en": "Grand Century Place",
    "address_en": "PRINCE EDWARD ROAD WEST, YAU TSIM MONG",
    "std": 2,
    "medium": 0,
    "quick": 6,
    "fast": 0,
    "total": 8
   }
  },
  {
   "type": "Feature",
   "geometry": {
    "type": "Point",
    "coordinates": [
     114.128448,
     22.355615
    ]
   },
   "properties": {
    "district_tc": "葵青區",
    "district_en": "Kwai Tsing",
    "location_tc": "葵芳閣",
    "location_en": "KWAI FONG TERRACE",
    "address_en": "KWAI YI ROAD, KWAI TSING",
    "std": 0,
    "medium": 0,
    "quick": 2,
    "fast": 0,
    "total": 2
   }
  },
  {
   "type": "Feature",
   "geometry": {
    "type": "Point",
    "coordinates": [
     114.261019,
     22.306434
    ]
   },
   "properties": {
    "district_tc": "西貢區",
    "district_en": "Sai Kung",
    "location_tc": "天晉II",
    "location_en": "The Wings II",
    "address_en": "TONG CHUN STREET, SAI KUNG",
    "std": 0,
    "medium": 0,
    "quick": 2,
    "fast": 0,
    "total": 2
   }
  },
  {
   "type": "Feature",
   "geometry": {
    "type": "Point",
    "coordinates": [
     114.23317,
     22.425978
    ]
   },
   "properties": {
    "district_tc": "沙田區",
    "district_en": "Sha Tin",
    "location_tc": "馬鞍山中心",
    "location_en": "MA ON SHAN CENTRE",
    "address_en": "ON CHUN STREET, SHATIN",
    "std": 2,
    "medium": 4,
    "quick": 0,
    "fast": 0,
    "total": 6
   }
  },
  {
   "type": "Feature",
   "geometry": {
    "type": "Point",
    "coordinates": [
     114.242602,
     22.431139
    ]
   },
   "properties": {
    "district_tc": "沙田區",
    "district_en": "Sha Tin",
    "location_tc": "迎海薈",
    "location_en": "Double Cove Place",
    "address_en": "8 Wu Kai Sha Road, Ma On Shan, NT",
    "std": 0,
    "medium": 3,
    "quick": 0,
    "fast": 0,
    "total": 3
   }
  },
  {
   "type": "Feature",
   "geometry": {
    "type": "Point",
    "coordinates": [
     114.209708,
     22.333919
    ]
   },
   "properties": {
    "district_tc": "觀塘區",
    "district_en": "Kwun Tong",
    "location_tc": "彩虹泊車轉乘公眾停車場",
    "location_en": "Choi Hung Park-and-Ride Public Car Park",
    "address_en": "CLEAR WATER BAY ROAD, KWUN TONG",
    "std": 0,
    "medium": 0,
    "quick": 5,
    "fast": 0,
    "total": 5
   }
  },
  {
   "type": "Feature",
   "geometry": {
    "type": "Point",
    "coordinates": [
     114.177088,
     22.297004
    ]
   },
   "properties": {
    "district_tc": "油尖旺區",
    "district_en": "Yau Tsim Mong",
    "location_tc": "九龍香格里拉大酒店",
    "location_en": "SHANGRI-LA HOTEL",
    "address_en": "MODY ROAD, YAU TSIM MONG",
    "std": 2,
    "medium": 1,
    "quick": 0,
    "fast": 0,
    "total": 3
   }
  },
  {
   "type": "Feature",
   "geometry": {
    "type": "Point",
    "coordinates": [
     114.177913,
     22.298937
    ]
   },
   "properties": {
    "district_tc": "油尖旺區",
    "district_en": "Yau Tsim Mong",
    "location_tc": "富豪九龍酒店",
    "location_en": "REGAL KOWLOON HOTEL",
    "address_en": "MODY ROAD, YAU TSIM MONG",
    "std": 0,
    "medium": 0,
    "quick": 1,
    "fast": 0,
    "total": 1
   }
  },
  {
   "type": "Feature",
   "geometry": {
    "type": "Point",
    "coordinates": [
     114.158803,
     22.285514
    ]
   },
   "properties": {
    "district_tc": "中西區",
    "district_en": "Central & Western",
    "location_tc": "國際金融中心二期",
    "location_en": "TWO IFC (International Finance Centre) - IFC II",
    "address_en": "FINANCE STREET, CENTRAL & WESTERN",
    "std": 0,
    "medium": 0,
    "quick": 36,
    "fast": 0,
    "total": 36
   }
  },
  {
   "type": "Feature",
   "geometry": {
    "type": "Point",
    "coordinates": [
     114.262388,
     22.309105
    ]
   },
   "properties": {
    "district_tc": "西貢區",
    "district_en": "Sai Kung",
    "location_tc": "將軍澳廣場",
    "location_en": "TSEUNG KWAN O PLAZA",
    "address_en": "TONG TAK STREET, SAI KUNG",
    "std": 0,
    "medium": 3,
    "quick": 5,
    "fast": 0,
    "total": 8
   }
  },
  {
   "type": "Feature",
   "geometry": {
    "type": "Point",
    "coordinates": [
     114.232993,
     22.26768
    ]
   },
   "properties": {
    "district_tc": "東區",
    "district_en": "Eastern",
    "location_tc": "興民邨",
    "location_en": "HING MAN ESTATE",
    "address_en": "HING MAN STREET, EASTERN",
    "std": 0,
    "medium": 21,
    "quick": 10,
    "fast": 0,
    "total": 31
   }
  },
  {
   "type": "Feature",
   "geometry": {
    "type": "Point",
    "coordinates": [
     114.19435,
     22.39197
    ]
   },
   "properties": {
    "district_tc": "沙田區",
    "district_en": "Sha Tin",
    "location_tc": "穗禾苑",
    "location_en": "SUI WO COURT",
    "address_en": "SUI WO ROAD, SHATIN",
    "std": 0,
    "medium": 0,
    "quick": 6,
    "fast": 0,
    "total": 6
   }
  },
  {
   "type": "Feature",
   "geometry": {
    "type": "Point",
    "coordinates": [
     114.261577,
     22.307978
    ]
   },
   "properties": {
    "district_tc": "西貢區",
    "district_en": "Sai Kung",
    "location_tc": "君薈坊",
    "location_en": "The Edge",
    "address_en": "TONG CHUN STREET, SAI KUNG",
    "std": 0,
    "medium": 0,
    "quick": 1,
    "fast": 0,
    "total": 1
   }
  },
  {
   "type": "Feature",
   "geometry": {
    "type": "Point",
    "coordinates": [
     114.211152,
     22.411935
    ]
   },
   "properties": {
    "district_tc": "沙田區",
    "district_en": "Sha Tin",
    "location_tc": "香港凱悅酒店-沙田",
    "location_en": "Hyatt Regency Hong Kong , Sha Tin",
    "address_en": "CHAK CHEUNG STREET, SHATIN",
    "std": 0,
    "medium": 6,
    "quick": 49,
    "fast": 0,
    "total": 55
   }
  },
  {
   "type": "Feature",
   "geometry": {
    "type": "Point",
    "coordinates": [
     114.173606,
     22.279999
    ]
   },
   "properties": {
    "district_tc": "灣仔區",
    "district_en": "Wan Chai",
    "location_tc": "中環廣場",
    "location_en": "Central Plaza Wan Chai",
    "address_en": "HARBOUR ROAD, WAN CHAI",
    "std": 0,
    "medium": 2,
    "quick": 16,
    "fast": 0,
    "total": 18
   }
  },
  {
   "type": "Feature",
   "geometry": {
    "type": "Point",
    "coordinates": [
     114.209666,
     22.290474
    ]
   },
   "properties": {
    "district_tc": "東區",
    "district_en": "Eastern",
    "location_tc": "嘉里中心",
    "location_en": "Kerry Centre",
    "address_en": "KING'S ROAD, EASTERN",
    "std": 0,
    "medium": 4,
    "quick": 0,
    "fast": 0,
    "total": 4
   }
  },
  {
   "type": "Feature",
   "geometry": {
    "type": "Point",
    "coordinates": [
     114.120218,
     22.373556
    ]
   },
   "properties": {
    "district_tc": "荃灣區",
    "district_en": "Tsuen Wan",
    "location_tc": "綠楊新邨",
    "location_en": "LUK YEUNG SUN CHUEN",
    "address_en": "WAI TSUEN ROAD, TSUEN WAN",
    "std": 0,
    "medium": 0,
    "quick": 3,
    "fast": 0,
    "total": 3
   }
  },
  {
   "type": "Feature",
   "geometry": {
    "type": "Point",
    "coordinates": [
     114.037787,
     22.309577
    ]
   },
   "properties": {
    "district_tc": "離島區",
    "district_en": "Islands",
    "location_tc": "香港迪士尼主題樂園好萊塢酒店",
    "location_en": "HK Disneyland Theme Park Hollywood Hotel (Building 645)",
    "address_en": "MAGIC ROAD, ISLANDS",
    "std": 1,
    "medium": 14,
    "quick": 0,
    "fast": 0,
    "total": 15
   }
  },
  {
   "type": "Feature",
   "geometry": {
    "type": "Point",
    "coordinates": [
     114.132575,
     22.36168
    ]
   },
   "properties": {
    "district_tc": "葵青區",
    "district_en": "Kwai Tsing",
    "location_tc": "九龍貿易中心",
    "location_en": "Kowloon Commerce Centre",
    "address_en": "KWAI CHEONG ROAD, KWAI TSING",
    "std": 0,
    "medium": 4,
    "quick": 0,
    "fast": 0,
    "total": 4
   }
  },
  {
   "type": "Feature",
   "geometry": {
    "type": "Point",
    "coordinates": [
     114.156934,
     22.280323
    ]
   },
   "properties": {
    "district_tc": "中西區",
    "district_en": "Central & Western",
    "location_tc": "新世界大廈",
    "location_en": "NEW WORLD TOWER",
    "address_en": "QUEEN'S ROAD CENTRAL, CENTRAL & WESTERN",
    "std": 0,
    "medium": 0,
    "quick": 12,
    "fast": 0,
    "total": 12
   }
  },
  {
   "type": "Feature",
   "geometry": {
    "type": "Point",
    "coordinates": [
     114.154702,
     22.284604
    ]
   },
   "properties": {
    "district_tc": "中西區",
    "district_en": "Central & Western",
    "location_tc": "中環中心",
    "location_en": "THE CENTER",
    "address_en": "QUEEN'S ROAD CENTRAL, CENTRAL & WESTERN",
    "std": 0,
    "medium": 6,
    "quick": 0,
    "fast": 0,
    "total": 6
   }
  },
  {
   "type": "Feature",
   "geometry": {
    "type": "Point",
    "coordinates": [
     114.164309,
     22.277136
    ]
   },
   "properties": {
    "district_tc": "中西區",
    "district_en": "Central & Western",
    "location_tc": "港島香格里拉大酒店",
    "location_en": "ISLAND SHANGRI-LA HOTEL",
    "address_en": "QUEENSWAY, CENTRAL & WESTERN",
    "std": 0,
    "medium": 0,
    "quick": 1,
    "fast": 0,
    "total": 1
   }
  },
  {
   "type": "Feature",
   "geometry": {
    "type": "Point",
    "coordinates": [
     114.186287,
     22.281236
    ]
   },
   "properties": {
    "district_tc": "灣仔區",
    "district_en": "Wan Chai",
    "location_tc": "柏寧酒店",
    "location_en": "THE PARK LANE",
    "address_en": "GLOUCESTER ROAD, WAN CHAI",
    "std": 0,
    "medium": 0,
    "quick": 2,
    "fast": 0,
    "total": 2
   }
  },
  {
   "type": "Feature",
   "geometry": {
    "type": "Point",
    "coordinates": [
     114.155435,
     22.248662
    ]
   },
   "properties": {
    "district_tc": "南區",
    "district_en": "Southern",
    "location_tc": "金豐大廈",
    "location_en": "KAM FUNG BUILDING",
    "address_en": "ABERDEEN MAIN ROAD, SOUTHERN",
    "std": 0,
    "medium": 2,
    "quick": 0,
    "fast": 0,
    "total": 2
   }
  },
  {
   "type": "Feature",
   "geometry": {
    "type": "Point",
    "coordinates": [
     113.964783,
     22.38126
    ]
   },
   "properties": {
    "district_tc": "屯門區",
    "district_en": "Tuen Mun",
    "location_tc": "新屯門中心",
    "location_en": "Sun Tuen Mun Centre",
    "address_en": "LUNG MUN ROAD, TUEN MUN",
    "std": 0,
    "medium": 3,
    "quick": 17,
    "fast": 0,
    "total": 20
   }
  },
  {
   "type": "Feature",
   "geometry": {
    "type": "Point",
    "coordinates": [
     114.1185,
     22.37139
    ]
   },
   "properties": {
    "district_tc": "荃灣區",
    "district_en": "Tsuen Wan",
    "location_tc": "荃灣千色匯 II (荃灣城市廣場)",
    "location_en": "KOLOUR • Tsuen Wan II (Tsuen Wan Town Square)",
    "address_en": "CASTLE PEAK ROAD, TSUEN WAN",
    "std": 1,
    "medium": 0,
    "quick": 0,
    "fast": 0,
    "total": 1
   }
  },
  {
   "type": "Feature",
   "geometry": {
    "type": "Point",
    "coordinates": [
     114.168372,
     22.310062
    ]
   },
   "properties": {
    "district_tc": "油尖旺區",
    "district_en": "Yau Tsim Mong",
    "location_tc": "駿發花園",
    "location_en": "Prosperous Garden",
    "address_en": "PUBLIC SQUARE STREET, YAU TSIM MONG",
    "std": 1,
    "medium": 1,
    "quick": 0,
    "fast": 0,
    "total": 2
   }
  },
  {
   "type": "Feature",
   "geometry": {
    "type": "Point",
    "coordinates": [
     114.167161,
     22.280631
    ]
   },
   "properties": {
    "district_tc": "中西區",
    "district_en": "Central & Western",
    "location_tc": "中信大廈",
    "location_en": "CITIC TOWER",
    "address_en": "TIM MEI AVENUE, CENTRAL & WESTERN",
    "std": 0,
    "medium": 0,
    "quick": 3,
    "fast": 0,
    "total": 3
   }
  },
  {
   "type": "Feature",
   "geometry": {
    "type": "Point",
    "coordinates": [
     114.25367,
     22.322452
    ]
   },
   "properties": {
    "district_tc": "西貢區",
    "district_en": "Sai Kung",
    "location_tc": "怡心園",
    "location_en": "SERENITY PLACE",
    "address_en": "PO HONG ROAD, SAI KUNG",
    "std": 0,
    "medium": 16,
    "quick": 0,
    "fast": 0,
    "total": 16
   }
  },
  {
   "type": "Feature",
   "geometry": {
    "type": "Point",
    "coordinates": [
     114.203576,
     22.384487
    ]
   },
   "properties": {
    "district_tc": "沙田區",
    "district_en": "Sha Tin",
    "location_tc": "晴碧花園",
    "location_en": "Sunshine Grove",
    "address_en": "TAK YI STREET, SHATIN",
    "std": 0,
    "medium": 6,
    "quick": 0,
    "fast": 0,
    "total": 6
   }
  },
  {
   "type": "Feature",
   "geometry": {
    "type": "Point",
    "coordinates": [
     114.224596,
     22.311365
    ]
   },
   "properties": {
    "district_tc": "觀塘區",
    "district_en": "Kwun Tong",
    "location_tc": "港貿中心",
    "location_en": "Entreport Centre",
    "address_en": "HOW MING STREET, KWUN TONG",
    "std": 1,
    "medium": 0,
    "quick": 0,
    "fast": 0,
    "total": 1
   }
  },
  {
   "type": "Feature",
   "geometry": {
    "type": "Point",
    "coordinates": [
     114.142212,
     22.334297
    ]
   },
   "properties": {
    "district_tc": "深水埗區",
    "district_en": "Sham Shui Po",
    "location_tc": "曼克頓山",
    "location_en": "Manhattan Hill",
    "address_en": "PO LUN STREET, SHAM SHUI PO",
    "std": 0,
    "medium": 0,
    "quick": 4,
    "fast": 0,
    "total": 4
   }
  },
  {
   "type": "Feature",
   "geometry": {
    "type": "Point",
    "coordinates": [
     114.272287,
     22.296835
    ]
   },
   "properties": {
    "district_tc": "西貢區",
    "district_en": "Sai Kung",
    "location_tc": "首都, 日出康城1期",
    "location_en": "The Capitol, LOHAS Park 1 (comprising 5 towers)",
    "address_en": "WAN PO ROAD, SAI KUNG",
    "std": 0,
    "medium": 0,
    "quick": 6,
    "fast": 0,
    "total": 6
   }
  },
  {
   "type": "Feature",
   "geometry": {
    "type": "Point",
    "coordinates": [
     114.154689,
     22.244336
    ]
   },
   "properties": {
    "district_tc": "南區",
    "district_en": "Southern",
    "location_tc": "悅海華庭",
    "location_en": "MARINA HABITAT",
    "address_en": "YUET HOI STREET, SOUTHERN",
    "std": 0,
    "medium": 8,
    "quick": 0,
    "fast": 0,
    "total": 8
   }
  },
  {
   "type": "Feature",
   "geometry": {
    "type": "Point",
    "coordinates": [
     114.168783,
     22.248849
    ]
   },
   "properties": {
    "district_tc": "南區",
    "district_en": "Southern",
    "location_tc": "One Island South",
    "location_en": "One Island South",
    "address_en": "HEUNG YIP ROAD, SOUTHERN",
    "std": 2,
    "medium": 3,
    "quick": 0,
    "fast": 0,
    "total": 5
   }
  },
  {
   "type": "Feature",
   "geometry": {
    "type": "Point",
    "coordinates": [
     114.186206,
     22.311194
    ]
   },
   "properties": {
    "district_tc": "九龍城區",
    "district_en": "Kowloon City",
    "location_tc": "昇御門",
    "location_en": "Chatham Gate",
    "address_en": "CHATHAM ROAD NORTH, KOWLOON CITY",
    "std": 0,
    "medium": 0,
    "quick": 6,
    "fast": 0,
    "total": 6
   }
  },
  {
   "type": "Feature",
   "geometry": {
    "type": "Point",
    "coordinates": [
     114.187139,
     22.302485
    ]
   },
   "properties": {
    "district_tc": "九龍城區",
    "district_en": "Kowloon City",
    "location_tc": "海濱南岸",
    "location_en": "Harbour Place",
    "address_en": "OI KING STREET, KOWLOON CITY",
    "std": 2,
    "medium": 0,
    "quick": 2,
    "fast": 0,
    "total": 4
   }
  },
  {
   "type": "Feature",
   "geometry": {
    "type": "Point",
    "coordinates": [
     113.99492,
     22.265335
    ]
   },
   "properties": {
    "district_tc": "離島區",
    "district_en": "Islands",
    "location_tc": "銀河苑",
    "location_en": "Ngan Ho Court",
    "address_en": "NGAN KWONG WAN ROAD",
    "std": 1,
    "medium": 0,
    "quick": 0,
    "fast": 0,
    "total": 1
   }
  },
  {
   "type": "Feature",
   "geometry": {
    "type": "Point",
    "coordinates": [
     113.997984,
     22.265651
    ]
   },
   "properties": {
    "district_tc": "離島區",
    "district_en": "Islands",
    "location_tc": "銀蔚苑",
    "location_en": "Ngan Wai Court",
    "address_en": "NGAN KWONG WAN ROAD",
    "std": 1,
    "medium": 0,
    "quick": 0,
    "fast": 0,
    "total": 1
   }
  },
  {
   "type": "Feature",
   "geometry": {
    "type": "Point",
    "coordinates": [
     113.933861,
     22.277479
    ]
   },
   "properties": {
    "district_tc": "離島區",
    "district_en": "Islands",
    "location_tc": "滿東邨",
    "location_en": "Mun Tung Estate",
    "address_en": "CHUNG MUN ROAD",
    "std": 8,
    "medium": 0,
    "quick": 0,
    "fast": 0,
    "total": 8
   }
  },
  {
   "type": "Feature",
   "geometry": {
    "type": "Point",
    "coordinates": [
     114.208797,
     22.315725
    ]
   },
   "properties": {
    "district_tc": "九龍城區",
    "district_en": "Kowloon City",
    "location_tc": "香港兒童醫院",
    "location_en": "Hong Kong Children's Hospital",
    "address_en": "SHING CHEONG ROAD",
    "std": 22,
    "medium": 0,
    "quick": 0,
    "fast": 0,
    "total": 22
   }
  },
  {
   "type": "Feature",
   "geometry": {
    "type": "Point",
    "coordinates": [
     114.201378,
     22.330264
    ]
   },
   "properties": {
    "district_tc": "九龍城區",
    "district_en": "Kowloon City",
    "location_tc": "啟朗苑",
    "location_en": "Kai Long Court",
    "address_en": "MUK ON STREET",
    "std": 4,
    "medium": 2,
    "quick": 0,
    "fast": 0,
    "total": 6
   }
  },
  {
   "type": "Feature",
   "geometry": {
    "type": "Point",
    "coordinates": [
     114.136256,
     22.481158
    ]
   },
   "properties": {
    "district_tc": "北區",
    "district_en": "North",
    "location_tc": "暉明邨",
    "location_en": "Fai Ming Estate",
    "address_en": "FAI MING ROAD",
    "std": 1,
    "medium": 0,
    "quick": 0,
    "fast": 0,
    "total": 1
   }
  },
  {
   "type": "Feature",
   "geometry": {
    "type": "Point",
    "coordinates": [
     114.275922,
     22.385943
    ]
   },
   "properties": {
    "district_tc": "西貢區",
    "district_en": "Sai Kung",
    "location_tc": "WM Hotel",
    "location_en": "WM Hotel",
    "address_en": "WAI MAN ROAD",
    "std": 0,
    "medium": 10,
    "quick": 12,
    "fast": 0,
    "total": 22
   }
  },
  {
   "type": "Feature",
   "geometry": {
    "type": "Point",
    "coordinates": [
     114.149337,
     22.327868
    ]
   },
   "properties": {
    "district_tc": "深水埗區",
    "district_en": "Sham Shui Po",
    "location_tc": "凱樂苑",
    "location_en": "Hoi Lok Court",
    "address_en": "LAI YING STREET",
    "std": 10,
    "medium": 0,
    "quick": 0,
    "fast": 0,
    "total": 10
   }
  },
  {
   "type": "Feature",
   "geometry": {
    "type": "Point",
    "coordinates": [
     114.14758,
     22.328763
    ]
   },
   "properties": {
    "district_tc": "深水埗區",
    "district_en": "Sham Shui Po",
    "location_tc": "海盈邨",
    "location_en": "Hoi Ying Estate",
    "address_en": "LAI YING STREET",
    "std": 0,
    "medium": 7,
    "quick": 0,
    "fast": 0,
    "total": 7
   }
  },
  {
   "type": "Feature",
   "geometry": {
    "type": "Point",
    "coordinates": [
     114.114842,
     22.367341
    ]
   },
   "properties": {
    "district_tc": "荃灣區",
    "district_en": "Tsuen Wan",
    "location_tc": "映日灣",
    "location_en": "Aurora",
    "address_en": "YEUNG UK ROAD",
    "std": 0,
    "medium": 0,
    "quick": 2,
    "fast": 0,
    "total": 2
   }
  },
  {
   "type": "Feature",
   "geometry": {
    "type": "Point",
    "coordinates": [
     114.110168,
     22.374816
    ]
   },
   "properties": {
    "district_tc": "荃灣區",
    "district_en": "Tsuen Wan",
    "location_tc": "南豐紗廠",
    "location_en": "The Mills",
    "address_en": "PAK TIN PAR STREET",
    "std": 0,
    "medium": 3,
    "quick": 3,
    "fast": 0,
    "total": 6
   }
  },
  {
   "type": "Feature",
   "geometry": {
    "type": "Point",
    "coordinates": [
     113.980746,
     22.402389
    ]
   },
   "properties": {
    "district_tc": "屯門區",
    "district_en": "Tuen Mun",
    "location_tc": "景新臺",
    "location_en": "Kingston Terrace",
    "address_en": "KING SAN PATH",
    "std": 0,
    "medium": 7,
    "quick": 0,
    "fast": 0,
    "total": 7
   }
  },
  {
   "type": "Feature",
   "geometry": {
    "type": "Point",
    "coordinates": [
     114.006112,
     22.466805
    ]
   },
   "properties": {
    "district_tc": "元朗區",
    "district_en": "Yuen Long",
    "location_tc": "Wetland Seasons Park",
    "location_en": "Wetland Season Park",
    "address_en": "WETLAND PARK ROAD",
    "std": 0,
    "medium": 2,
    "quick": 5,
    "fast": 0,
    "total": 7
   }
  },
  {
   "type": "Feature",
   "geometry": {
    "type": "Point",
    "coordinates": [
     114.17281,
     22.27789
    ]
   },
   "properties": {
    "district_tc": "灣仔區",
    "district_en": "Wan Chai",
    "location_tc": "中國海外大廈",
    "location_en": "CHINA OVERSEAS BUILDING",
    "address_en": "HENNESSY ROAD, WAN CHAI",
    "std": 0,
    "medium": 13,
    "quick": 2,
    "fast": 0,
    "total": 15
   }
  },
  {
   "type": "Feature",
   "geometry": {
    "type": "Point",
    "coordinates": [
     114.12047,
     22.3672
    ]
   },
   "properties": {
    "district_tc": "荃灣區",
    "district_en": "Tsuen Wan",
    "location_tc": "尚翠苑",
    "location_en": "Sheung Chui Court",
    "address_en": "SHA TSUI ROAD, TSUEN WAN",
    "std": 2,
    "medium": 0,
    "quick": 0,
    "fast": 0,
    "total": 2
   }
  },
  {
   "type": "Feature",
   "geometry": {
    "type": "Point",
    "coordinates": [
     114.188237,
     22.278474
    ]
   },
   "properties": {
    "district_tc": "灣仔區",
    "district_en": "Wan Chai",
    "location_tc": "聖保祿醫院",
    "location_en": "ST. PAUL'S HOSPITAL",
    "address_en": "TUNG LO WAN ROAD, WAN CHAI",
    "std": 0,
    "medium": 1,
    "quick": 2,
    "fast": 0,
    "total": 3
   }
  },
  {
   "type": "Feature",
   "geometry": {
    "type": "Point",
    "coordinates": [
     114.186422,
     22.280451
    ]
   },
   "properties": {
    "district_tc": "灣仔區",
    "district_en": "Wan Chai",
    "location_tc": "皇室大廈",
    "location_en": "WINDSOR HOUSE",
    "address_en": "GLOUCESTER ROAD, WAN CHAI",
    "std": 12,
    "medium": 18,
    "quick": 0,
    "fast": 0,
    "total": 30
   }
  },
  {
   "type": "Feature",
   "geometry": {
    "type": "Point",
    "coordinates": [
     114.25724,
     22.302681
    ]
   },
   "properties": {
    "district_tc": "西貢區",
    "district_en": "Sai Kung",
    "location_tc": "Capri",
    "location_en": "Capri",
    "address_en": "TONG YIN STREET, SAI KUNG",
    "std": 0,
    "medium": 0,
    "quick": 3,
    "fast": 0,
    "total": 3
   }
  },
  {
   "type": "Feature",
   "geometry": {
    "type": "Point",
    "coordinates": [
     114.223916,
     22.414075
    ]
   },
   "properties": {
    "district_tc": "沙田區",
    "district_en": "Sha Tin",
    "location_tc": "We Go Mall",
    "location_en": "We Go Mall",
    "address_en": "PO TAI STREET, SHATIN",
    "std": 0,
    "medium": 0,
    "quick": 18,
    "fast": 0,
    "total": 18
   }
  },
  {
   "type": "Feature",
   "geometry": {
    "type": "Point",
    "coordinates": [
     114.123436,
     22.495129
    ]
   },
   "properties": {
    "district_tc": "北區",
    "district_en": "North",
    "location_tc": "祥龍圍邨",
    "location_en": "Cheung Lung Wai Estate",
    "address_en": "Cheung Lung Wai Estate, North, New Territories",
    "std": 0,
    "medium": 1,
    "quick": 0,
    "fast": 0,
    "total": 1
   }
  },
  {
   "type": "Feature",
   "geometry": {
    "type": "Point",
    "coordinates": [
     114.151829,
     22.287936
    ]
   },
   "properties": {
    "district_tc": "中西區",
    "district_en": "Central & Western",
    "location_tc": "信德中心",
    "location_en": "SHUN TAK CENTRE",
    "address_en": "CONNAUGHT ROAD CENTRAL, CENTRAL & WESTERN",
    "std": 0,
    "medium": 6,
    "quick": 10,
    "fast": 0,
    "total": 16
   }
  },
  {
   "type": "Feature",
   "geometry": {
    "type": "Point",
    "coordinates": [
     113.967192,
     22.386782
    ]
   },
   "properties": {
    "district_tc": "屯門區",
    "district_en": "Tuen Mun",
    "location_tc": "龍逸邨",
    "location_en": "LUNG YAT ESTATE",
    "address_en": "Lung Yat Estate, Tuen Mun, New Territories",
    "std": 1,
    "medium": 0,
    "quick": 0,
    "fast": 0,
    "total": 1
   }
  },
  {
   "type": "Feature",
   "geometry": {
    "type": "Point",
    "coordinates": [
     114.235978,
     22.422598
    ]
   },
   "properties": {
    "district_tc": "沙田區",
    "district_en": "Sha Tin",
    "location_tc": "錦英苑",
    "location_en": "KAM YING COURT",
    "address_en": "MA ON SHAN ROAD, SHATIN",
    "std": 0,
    "medium": 0,
    "quick": 2,
    "fast": 0,
    "total": 2
   }
  },
  {
   "type": "Feature",
   "geometry": {
    "type": "Point",
    "coordinates": [
     114.232751,
     22.420225
    ]
   },
   "properties": {
    "district_tc": "沙田區",
    "district_en": "Sha Tin",
    "location_tc": "雅景臺",
    "location_en": "Park Belvedere",
    "address_en": "MA ON SHAN ROAD, SHATIN",
    "std": 0,
    "medium": 7,
    "quick": 0,
    "fast": 0,
    "total": 7
   }
  },
  {
   "type": "Feature",
   "geometry": {
    "type": "Point",
    "coordinates": [
     114.220059,
     22.315984
    ]
   },
   "properties": {
    "district_tc": "觀塘區",
    "district_en": "Kwun Tong",
    "location_tc": "觀塘花園大廈 (玉蓮臺)",
    "location_en": "Kwun Tong Garden Estate (Lotus Tower)",
    "address_en": "NGAU TAU KOK ROAD, KWUN TONG",
    "std": 1,
    "medium": 0,
    "quick": 0,
    "fast": 0,
    "total": 1
   }
  },
  {
   "type": "Feature",
   "geometry": {
    "type": "Point",
    "coordinates": [
     114.150892,
     22.28377
    ]
   },
   "properties": {
    "district_tc": "中西區",
    "district_en": "Central & Western",
    "location_tc": "聚賢居",
    "location_en": "CENTRESTAGE",
    "address_en": "HOLLYWOOD ROAD, CENTRAL & WESTERN",
    "std": 0,
    "medium": 6,
    "quick": 4,
    "fast": 0,
    "total": 10
   }
  },
  {
   "type": "Feature",
   "geometry": {
    "type": "Point",
    "coordinates": [
     114.175806,
     22.301143
    ]
   },
   "properties": {
    "district_tc": "油尖旺區",
    "district_en": "Yau Tsim Mong",
    "location_tc": "天文臺道８號",
    "location_en": "8 OBSERVATORY ROAD",
    "address_en": "OBSERVATORY ROAD, YAU TSIM MONG",
    "std": 0,
    "medium": 3,
    "quick": 0,
    "fast": 0,
    "total": 3
   }
  },
  {
   "type": "Feature",
   "geometry": {
    "type": "Point",
    "coordinates": [
     114.223232,
     22.236528
    ]
   },
   "properties": {
    "district_tc": "南區",
    "district_en": "Southern",
    "location_tc": "紅山廣場",
    "location_en": "RED HILL PLAZA",
    "address_en": "RED HILL ROAD, SOUTHERN",
    "std": 0,
    "medium": 2,
    "quick": 0,
    "fast": 0,
    "total": 2
   }
  },
  {
   "type": "Feature",
   "geometry": {
    "type": "Point",
    "coordinates": [
     114.193901,
     22.279171
    ]
   },
   "properties": {
    "district_tc": "灣仔區",
    "district_en": "Wan Chai",
    "location_tc": "勵德邨",
    "location_en": "Lai Tak Tsuen",
    "address_en": "LAI TAK TSUEN ROAD, EASTERN",
    "std": 0,
    "medium": 2,
    "quick": 0,
    "fast": 0,
    "total": 2
   }
  },
  {
   "type": "Feature",
   "geometry": {
    "type": "Point",
    "coordinates": [
     114.168821,
     22.44394
    ]
   },
   "properties": {
    "district_tc": "大埔區",
    "district_en": "Tai Po",
    "location_tc": "新達廣場",
    "location_en": "UPTOWN PLAZA BLOCK 1",
    "address_en": "NAM WAN ROAD, TAI PO",
    "std": 0,
    "medium": 0,
    "quick": 2,
    "fast": 0,
    "total": 2
   }
  },
  {
   "type": "Feature",
   "geometry": {
    "type": "Point",
    "coordinates": [
     114.107624,
     22.354514
    ]
   },
   "properties": {
    "district_tc": "葵青區",
    "district_en": "Kwai Tsing",
    "location_tc": "宏福花園",
    "location_en": "TIVOLI GARDEN",
    "address_en": "TSING KING ROAD, KWAI TSING",
    "std": 0,
    "medium": 4,
    "quick": 0,
    "fast": 0,
    "total": 4
   }
  },
  {
   "type": "Feature",
   "geometry": {
    "type": "Point",
    "coordinates": [
     114.179708,
     22.315987
    ]
   },
   "properties": {
    "district_tc": "九龍城區",
    "district_en": "Kowloon City",
    "location_tc": "欣圖軒",
    "location_en": "Cascades (comprising 4 blocks)",
    "address_en": "CHUNG HAU STREET, KOWLOON CITY",
    "std": 0,
    "medium": 2,
    "quick": 0,
    "fast": 0,
    "total": 2
   }
  },
  {
   "type": "Feature",
   "geometry": {
    "type": "Point",
    "coordinates": [
     114.20196,
     22.341824
    ]
   },
   "properties": {
    "district_tc": "黃大仙區",
    "district_en": "Wong Tai Sin",
    "location_tc": "悅庭軒",
    "location_en": "Bel Air Heights",
    "address_en": "LUNG POON STREET, WONG TAI SIN",
    "std": 0,
    "medium": 1,
    "quick": 0,
    "fast": 0,
    "total": 1
   }
  },
  {
   "type": "Feature",
   "geometry": {
    "type": "Point",
    "coordinates": [
     114.228117,
     22.307074
    ]
   },
   "properties": {
    "district_tc": "觀塘區",
    "district_en": "Kwun Tong",
    "location_tc": "麗港城商場",
    "location_en": "LAGUNA COMMERCIAL PLAZA (PHASE 1)",
    "address_en": "CHA KWO LING ROAD, KWUN TONG",
    "std": 0,
    "medium": 4,
    "quick": 4,
    "fast": 0,
    "total": 8
   }
  },
  {
   "type": "Feature",
   "geometry": {
    "type": "Point",
    "coordinates": [
     114.190859,
     22.305032
    ]
   },
   "properties": {
    "district_tc": "九龍城區",
    "district_en": "Kowloon City",
    "location_tc": "黃埔花園黃埔廣場(8期)",
    "location_en": "WHAMPOA PLAZA/WHAMPOA GARDEN SITE 8",
    "address_en": "TAK ON STREET, KOWLOON CITY",
    "std": 1,
    "medium": 0,
    "quick": 4,
    "fast": 0,
    "total": 5
   }
  },
  {
   "type": "Feature",
   "geometry": {
    "type": "Point",
    "coordinates": [
     113.995522,
     22.458332
    ]
   },
   "properties": {
    "district_tc": "元朗區",
    "district_en": "Yuen Long",
    "location_tc": "天水圍醫院",
    "location_en": "Tin Shui Wai Hospital",
    "address_en": "TIN TAN STREET, YUEN LONG",
    "std": 2,
    "medium": 0,
    "quick": 0,
    "fast": 0,
    "total": 2
   }
  },
  {
   "type": "Feature",
   "geometry": {
    "type": "Point",
    "coordinates": [
     114.04538,
     22.442371
    ]
   },
   "properties": {
    "district_tc": "元朗區",
    "district_en": "Yuen Long",
    "location_tc": "朗善邨",
    "location_en": "Long Shin Estate",
    "address_en": "Long Shin Estate, Yuen Long, New Territories",
    "std": 4,
    "medium": 0,
    "quick": 0,
    "fast": 0,
    "total": 4
   }
  },
  {
   "type": "Feature",
   "geometry": {
    "type": "Point",
    "coordinates": [
     114.175801,
     22.280117
    ]
   },
   "properties": {
    "district_tc": "灣仔區",
    "district_en": "Wan Chai",
    "location_tc": "華潤大廈",
    "location_en": "CHINA RESOURCES BLDG",
    "address_en": "HARBOUR ROAD, WAN CHAI",
    "std": 0,
    "medium": 10,
    "quick": 0,
    "fast": 12,
    "total": 22
   }
  },
  {
   "type": "Feature",
   "geometry": {
    "type": "Point",
    "coordinates": [
     114.176955,
     22.280316
    ]
   },
   "properties": {
    "district_tc": "灣仔區",
    "district_en": "Wan Chai",
    "location_tc": "新鴻基中心",
    "location_en": "SUN HUNG KAI CENTRE",
    "address_en": "HARBOUR ROAD, WAN CHAI",
    "std": 0,
    "medium": 0,
    "quick": 3,
    "fast": 0,
    "total": 3
   }
  },
  {
   "type": "Feature",
   "geometry": {
    "type": "Point",
    "coordinates": [
     114.157815,
     22.503601
    ]
   },
   "properties": {
    "district_tc": "北區",
    "district_en": "North",
    "location_tc": "皇后山商場停車場",
    "location_en": "Queens Hill Shopping Centre",
    "address_en": "LUNG MA ROAD",
    "std": 0,
    "medium": 33,
    "quick": 0,
    "fast": 0,
    "total": 33
   }
  },
  {
   "type": "Feature",
   "geometry": {
    "type": "Point",
    "coordinates": [
     114.003166,
     22.469208
    ]
   },
   "properties": {
    "district_tc": "元朗區",
    "district_en": "Yuen Long",
    "location_tc": "Wetland Seasons Bay 公眾停車場",
    "location_en": "Wetland Seasons Bay Public Vehicle Park",
    "address_en": "WETLAND PARK ROAD",
    "std": 0,
    "medium": 12,
    "quick": 6,
    "fast": 0,
    "total": 18
   }
  },
  {
   "type": "Feature",
   "geometry": {
    "type": "Point",
    "coordinates": [
     113.934498,
     22.317513
    ]
   },
   "properties": {
    "district_tc": "離島區",
    "district_en": "Islands",
    "location_tc": "機場四號停車場",
    "location_en": "AIRPORT CAR PARK 4",
    "address_en": "GF-L5, 11 CHEONG TAT ROAD, Hong Kong International Airport, Islands District, New Territories",
    "std": 0,
    "medium": 84,
    "quick": 16,
    "fast": 0,
    "total": 100
   }
  },
  {
   "type": "Feature",
   "geometry": {
    "type": "Point",
    "coordinates": [
     114.174682,
     22.248215
    ]
   },
   "properties": {
    "district_tc": "南區",
    "district_en": "Southern",
    "location_tc": "香港海洋公園",
    "location_en": "OCEAN PARK",
    "address_en": "180 WONG CHUK HANG ROAD, Southern District, Hong Kong",
    "std": 0,
    "medium": 10,
    "quick": 0,
    "fast": 0,
    "total": 10
   }
  },
  {
   "type": "Feature",
   "geometry": {
    "type": "Point",
    "coordinates": [
     114.185944,
     22.278252
    ]
   },
   "properties": {
    "district_tc": "灣仔區",
    "district_en": "Wan Chai",
    "location_tc": "利園二期停車場",
    "location_en": "Lee Garden Two Car Park",
    "address_en": "28 YUN PING ROAD, Wan Chai District, Hong Kong",
    "std": 0,
    "medium": 12,
    "quick": 0,
    "fast": 0,
    "total": 12
   }
  },
  {
   "type": "Feature",
   "geometry": {
    "type": "Point",
    "coordinates": [
     114.172473,
     22.274371
    ]
   },
   "properties": {
    "district_tc": "灣仔區",
    "district_en": "Wan Chai",
    "location_tc": "胡忠大廈",
    "location_en": "Wu Chung House",
    "address_en": "213 Queen's Road East, Wan Chai District, Hong Kong",
    "std": 9,
    "medium": 0,
    "quick": 0,
    "fast": 0,
    "total": 9
   }
  },
  {
   "type": "Feature",
   "geometry": {
    "type": "Point",
    "coordinates": [
     114.175313,
     22.280991
    ]
   },
   "properties": {
    "district_tc": "灣仔區",
    "district_en": "Wan Chai",
    "location_tc": "鷹港公眾停車場",
    "location_en": "EAGLE HARBOUR PUBLIC CARPARK",
    "address_en": "23 - 25 HARBOUR ROAD, Wan Chai District, Hong Kong",
    "std": 5,
    "medium": 8,
    "quick": 2,
    "fast": 0,
    "total": 15
   }
  },
  {
   "type": "Feature",
   "geometry": {
    "type": "Point",
    "coordinates": [
     114.1831,
     22.277768
    ]
   },
   "properties": {
    "district_tc": "灣仔區",
    "district_en": "Wan Chai",
    "location_tc": "禮頓中心停車場",
    "location_en": "Leighton Centre Car Park",
    "address_en": "77 LEIGHTON ROAD, Wan Chai District, Hong Kong",
    "std": 0,
    "medium": 30,
    "quick": 1,
    "fast": 0,
    "total": 31
   }
  },
  {
   "type": "Feature",
   "geometry": {
    "type": "Point",
    "coordinates": [
     114.208545,
     22.31974
    ]
   },
   "properties": {
    "district_tc": "觀塘區",
    "district_en": "Kwun Tong",
    "location_tc": "MegaBox",
    "location_en": "MegaBox",
    "address_en": "Enterprise Square Five, 38 Wang Chiu Road, Kowloon Bay, Kowloon, Hong Kong",
    "std": 0,
    "medium": 0,
    "quick": 25,
    "fast": 0,
    "total": 25
   }
  },
  {
   "type": "Feature",
   "geometry": {
    "type": "Point",
    "coordinates": [
     114.16214,
     22.281911
    ]
   },
   "properties": {
    "district_tc": "中西區",
    "district_en": "Central & Western",
    "location_tc": "大會堂停車場",
    "location_en": "City Hall Car Park",
    "address_en": "1 Edinburgh Place, Central, Hong Kong",
    "std": 0,
    "medium": 30,
    "quick": 0,
    "fast": 0,
    "total": 30
   }
  },
  {
   "type": "Feature",
   "geometry": {
    "type": "Point",
    "coordinates": [
     114.083381,
     22.431211
    ]
   },
   "properties": {
    "district_tc": "元朗區",
    "district_en": "Yuen Long",
    "location_tc": "水流田村公所充電站",
    "location_en": "Shui Lau Tin Village Office Charging Point",
    "address_en": "27B Shui Lau Tin, Yuen Long",
    "std": 0,
    "medium": 0,
    "quick": 2,
    "fast": 0,
    "total": 2
   }
  },
  {
   "type": "Feature",
   "geometry": {
    "type": "Point",
    "coordinates": [
     114.091051,
     22.440641
    ]
   },
   "properties": {
    "district_tc": "元朗區",
    "district_en": "Yuen Long",
    "location_tc": "橫台山邱屋村充電站",
    "location_en": "Wang Toi Shan Yau Uk Tsuen Charging Point",
    "address_en": "DD111 LOT 1545SBRP, 1546SBRP (part of),Wang Toi Shan Yau Uk Tsuen, Pat Heung, Yuen Long, NT",
    "std": 0,
    "medium": 0,
    "quick": 8,
    "fast": 0,
    "total": 8
   }
  },
  {
   "type": "Feature",
   "geometry": {
    "type": "Point",
    "coordinates": [
     114.02584,
     22.410107
    ]
   },
   "properties": {
    "district_tc": "元朗區",
    "district_en": "Yuen Long",
    "location_tc": "大棠有機生態園充電站",
    "location_en": "Tai Tong Organic EcoPark Charging Point",
    "address_en": "Tai Tong Organic Eco Park, 11 Tai Tong Shan Road, Yuen Long",
    "std": 0,
    "medium": 0,
    "quick": 14,
    "fast": 0,
    "total": 14
   }
  },
  {
   "type": "Feature",
   "geometry": {
    "type": "Point",
    "coordinates": [
     114.138107,
     22.369124
    ]
   },
   "properties": {
    "district_tc": "葵青區",
    "district_en": "Kwai Tsing",
    "location_tc": "馮敬工業大廈",
    "location_en": "Fung King Industrial Building",
    "address_en": "Fung King Industrial Building, 24-28 Lam Tin Street, Kwai Chung",
    "std": 0,
    "medium": 0,
    "quick": 6,
    "fast": 0,
    "total": 6
   }
  },
  {
   "type": "Feature",
   "geometry": {
    "type": "Point",
    "coordinates": [
     114.222761,
     22.409461
    ]
   },
   "properties": {
    "district_tc": "沙田區",
    "district_en": "Sha Tin",
    "location_tc": "鞍山茶座",
    "location_en": "MOS Café",
    "address_en": "MOS Café, 23 Hang Tai Road, Ma On Shan",
    "std": 0,
    "medium": 0,
    "quick": 8,
    "fast": 0,
    "total": 8
   }
  },
  {
   "type": "Feature",
   "geometry": {
    "type": "Point",
    "coordinates": [
     114.21356,
     22.286422
    ]
   },
   "properties": {
    "district_tc": "東區",
    "district_en": "Eastern",
    "location_tc": "港島東中心",
    "location_en": "One Island East",
    "address_en": "18 Westlands Rd, Quarry Bay",
    "std": 1,
    "medium": 0,
    "quick": 0,
    "fast": 0,
    "total": 1
   }
  },
  {
   "type": "Feature",
   "geometry": {
    "type": "Point",
    "coordinates": [
     114.211552,
     22.286732
    ]
   },
   "properties": {
    "district_tc": "東區",
    "district_en": "Eastern",
    "location_tc": "太古坊二座",
    "location_en": "Two Taikoo Place",
    "address_en": "979 King's Rd, Quarry Bay",
    "std": 0,
    "medium": 24,
    "quick": 3,
    "fast": 0,
    "total": 27
   }
  },
  {
   "type": "Feature",
   "geometry": {
    "type": "Point",
    "coordinates": [
     114.131965,
     22.257882
    ]
   },
   "properties": {
    "district_tc": "南區",
    "district_en": "Southern",
    "location_tc": "貝沙灣1 & 2期",
    "location_en": "Bel-Air (Phase 1 & 2)",
    "address_en": "Residence Bel-air Club Bel-air (bay Wing), Bel-air Ave, Telegraph Bay",
    "std": 0,
    "medium": 2,
    "quick": 0,
    "fast": 0,
    "total": 2
   }
  },
  {
   "type": "Feature",
   "geometry": {
    "type": "Point",
    "coordinates": [
     114.133691,
     22.254329
    ]
   },
   "properties": {
    "district_tc": "南區",
    "district_en": "Southern",
    "location_tc": "貝沙灣4期",
    "location_en": "Bel-Air (Phase 4)",
    "address_en": "8 Bel-air Peak Ave, Telegraph Bay",
    "std": 0,
    "medium": 2,
    "quick": 0,
    "fast": 0,
    "total": 2
   }
  },
  {
   "type": "Feature",
   "geometry": {
    "type": "Point",
    "coordinates": [
     114.133691,
     22.254329
    ]
   },
   "properties": {
    "district_tc": "南區",
    "district_en": "Southern",
    "location_tc": "貝沙灣6期",
    "location_en": "Bel-Air (Phase 6)",
    "address_en": "8 Bel-air Peak Ave, Telegraph Bay",
    "std": 0,
    "medium": 2,
    "quick": 0,
    "fast": 0,
    "total": 2
   }
  },
  {
   "type": "Feature",
   "geometry": {
    "type": "Point",
    "coordinates": [
     114.191623,
     22.308582
    ]
   },
   "properties": {
    "district_tc": "九龍城區",
    "district_en": "Kowloon City",
    "location_tc": "海逸坊",
    "location_en": "The Laguna Mall",
    "address_en": "8, LagunaVerde Ave",
    "std": 0,
    "medium": 0,
    "quick": 26,
    "fast": 10,
    "total": 36
   }
  },
  {
   "type": "Feature",
   "geometry": {
    "type": "Point",
    "coordinates": [
     114.22223,
     22.312922
    ]
   },
   "properties": {
    "district_tc": "觀塘區",
    "district_en": "Kwun Tong",
    "location_tc": "毅力工業中心",
    "location_en": "Everest Industrial Centre",
    "address_en": "396 Kwun Tong Rd, Kwun Tong",
    "std": 1,
    "medium": 0,
    "quick": 0,
    "fast": 0,
    "total": 1
   }
  },
  {
   "type": "Feature",
   "geometry": {
    "type": "Point",
    "coordinates": [
     114.219658,
     22.313318
    ]
   },
   "properties": {
    "district_tc": "觀塘區",
    "district_en": "Kwun Tong",
    "location_tc": "訊科中心",
    "location_en": "Infotech Centre",
    "address_en": "18, Hung To Rd, Kwun Tong",
    "std": 1,
    "medium": 0,
    "quick": 0,
    "fast": 0,
    "total": 1
   }
  },
  {
   "type": "Feature",
   "geometry": {
    "type": "Point",
    "coordinates": [
     114.220339,
     22.312592
    ]
   },
   "properties": {
    "district_tc": "觀塘區",
    "district_en": "Kwun Tong",
    "location_tc": "鴻貿中心",
    "location_en": "Billion Trade Centre",
    "address_en": "31 Hung To Rd, Kwun Tong",
    "std": 1,
    "medium": 0,
    "quick": 0,
    "fast": 0,
    "total": 1
   }
  },
  {
   "type": "Feature",
   "geometry": {
    "type": "Point",
    "coordinates": [
     114.209935,
     22.323186
    ]
   },
   "properties": {
    "district_tc": "觀塘區",
    "district_en": "Kwun Tong",
    "location_tc": "合力工業中心",
    "location_en": "Hoplite Industrial Centre",
    "address_en": "2, 3 Wang Tai Rd, Kowloon Bay",
    "std": 1,
    "medium": 0,
    "quick": 0,
    "fast": 0,
    "total": 1
   }
  },
  {
   "type": "Feature",
   "geometry": {
    "type": "Point",
    "coordinates": [
     114.225706,
     22.314509
    ]
   },
   "properties": {
    "district_tc": "觀塘區",
    "district_en": "Kwun Tong",
    "location_tc": "凱滙",
    "location_en": "Grand Central",
    "address_en": "33 Hip Wo St, Kwun Tong",
    "std": 0,
    "medium": 18,
    "quick": 0,
    "fast": 0,
    "total": 18
   }
  },
  {
   "type": "Feature",
   "geometry": {
    "type": "Point",
    "coordinates": [
     114.219345,
     22.314513
    ]
   },
   "properties": {
    "district_tc": "觀塘區",
    "district_en": "Kwun Tong",
    "location_tc": "波頓科創中心停車場",
    "location_en": "Boton Technology Innovation Tower Car Park",
    "address_en": "Chong Yip Street, Kwun Tong",
    "std": 0,
    "medium": 12,
    "quick": 0,
    "fast": 0,
    "total": 12
   }
  },
  {
   "type": "Feature",
   "geometry": {
    "type": "Point",
    "coordinates": [
     114.225645,
     22.308771
    ]
   },
   "properties": {
    "district_tc": "觀塘區",
    "district_en": "Kwun Tong",
    "location_tc": "萬有引力",
    "location_en": "Gravity",
    "address_en": "20 Hing Yip St, Kwun Tong",
    "std": 0,
    "medium": 2,
    "quick": 0,
    "fast": 0,
    "total": 2
   }
  },
  {
   "type": "Feature",
   "geometry": {
    "type": "Point",
    "coordinates": [
     114.161076,
     22.336297
    ]
   },
   "properties": {
    "district_tc": "深水埗區",
    "district_en": "Sham Shui Po",
    "location_tc": "樂年花園停車場",
    "location_en": "Cronin Garden Carpark",
    "address_en": "2 Po On Rd, Cheung Sha Wan",
    "std": 0,
    "medium": 2,
    "quick": 0,
    "fast": 0,
    "total": 2
   }
  },
  {
   "type": "Feature",
   "geometry": {
    "type": "Point",
    "coordinates": [
     114.166823,
     22.321085
    ]
   },
   "properties": {
    "district_tc": "油尖旺區",
    "district_en": "Yau Tsim Mong",
    "location_tc": "廣東道停車場",
    "location_en": "Canton Road Carpark",
    "address_en": "1112, 1120 Canton Rd, Mong Kok",
    "std": 0,
    "medium": 0,
    "quick": 5,
    "fast": 0,
    "total": 5
   }
  },
  {
   "type": "Feature",
   "geometry": {
    "type": "Point",
    "coordinates": [
     114.197029,
     22.339913
    ]
   },
   "properties": {
    "district_tc": "黃大仙區",
    "district_en": "Wong Tai Sin",
    "location_tc": "現崇山商場",
    "location_en": "Lions Rise Mall",
    "address_en": "5 Chun Yan St, Chuk Un",
    "std": 2,
    "medium": 2,
    "quick": 2,
    "fast": 0,
    "total": 6
   }
  },
  {
   "type": "Feature",
   "geometry": {
    "type": "Point",
    "coordinates": [
     114.194317,
     22.337464
    ]
   },
   "properties": {
    "district_tc": "黃大仙區",
    "district_en": "Wong Tai Sin",
    "location_tc": "啟德花園停車場",
    "location_en": "Kai Tak Garden Car Park",
    "address_en": "121 Choi Hung Rd, Chuk Un",
    "std": 0,
    "medium": 4,
    "quick": 0,
    "fast": 0,
    "total": 4
   }
  },
  {
   "type": "Feature",
   "geometry": {
    "type": "Point",
    "coordinates": [
     114.161453,
     22.303707
    ]
   },
   "properties": {
    "district_tc": "油尖旺區",
    "district_en": "Yau Tsim Mong",
    "location_tc": "環球貿易廣場",
    "location_en": "International Commerce Centre",
    "address_en": "1 Austin Rd W, Tsim Sha Tsui",
    "std": 0,
    "medium": 1,
    "quick": 0,
    "fast": 0,
    "total": 1
   }
  },
  {
   "type": "Feature",
   "geometry": {
    "type": "Point",
    "coordinates": [
     113.93475,
     22.298179
    ]
   },
   "properties": {
    "district_tc": "離島區",
    "district_en": "Islands",
    "location_tc": "國泰城",
    "location_en": "Cathay Pacific City",
    "address_en": "International Airport, East Coast Rd, Lantau Island",
    "std": 0,
    "medium": 4,
    "quick": 0,
    "fast": 0,
    "total": 4
   }
  },
  {
   "type": "Feature",
   "geometry": {
    "type": "Point",
    "coordinates": [
     114.139362,
     22.365336
    ]
   },
   "properties": {
    "district_tc": "葵青區",
    "district_en": "Kwai Tsing",
    "location_tc": "石籬商場二期",
    "location_en": "Shek Lei Shopping Centre II",
    "address_en": "8 Shek Lei St, Shek Lei",
    "std": 0,
    "medium": 3,
    "quick": 6,
    "fast": 0,
    "total": 9
   }
  },
  {
   "type": "Feature",
   "geometry": {
    "type": "Point",
    "coordinates": [
     114.125641,
     22.355555
    ]
   },
   "properties": {
    "district_tc": "葵青區",
    "district_en": "Kwai Tsing",
    "location_tc": "Magnet Place",
    "location_en": "Magnet Place",
    "address_en": "49 Kwai Fung Cres, Kwai Chung",
    "std": 0,
    "medium": 4,
    "quick": 0,
    "fast": 0,
    "total": 4
   }
  },
  {
   "type": "Feature",
   "geometry": {
    "type": "Point",
    "coordinates": [
     114.137125,
     22.37008
    ]
   },
   "properties": {
    "district_tc": "葵青區",
    "district_en": "Kwai Tsing",
    "location_tc": "達利中心",
    "location_en": "Riley House",
    "address_en": "79 Lei Muk Rd, Shek Yam",
    "std": 0,
    "medium": 0,
    "quick": 5,
    "fast": 0,
    "total": 5
   }
  },
  {
   "type": "Feature",
   "geometry": {
    "type": "Point",
    "coordinates": [
     114.117888,
     22.370537
    ]
   },
   "properties": {
    "district_tc": "荃灣區",
    "district_en": "Tsuen Wan",
    "location_tc": "荃灣城市中心",
    "location_en": "City Landmark",
    "address_en": "68 Chung On St, Tsuen Wan",
    "std": 1,
    "medium": 0,
    "quick": 0,
    "fast": 0,
    "total": 1
   }
  },
  {
   "type": "Feature",
   "geometry": {
    "type": "Point",
    "coordinates": [
     114.113347,
     22.374827
    ]
   },
   "properties": {
    "district_tc": "荃灣區",
    "district_en": "Tsuen Wan",
    "location_tc": "森那美集團大廈",
    "location_en": "Sime Darby House",
    "address_en": "380 Castle Peak Rd - Tsuen Wan, Tsuen Wan",
    "std": 0,
    "medium": 0,
    "quick": 8,
    "fast": 0,
    "total": 8
   }
  },
  {
   "type": "Feature",
   "geometry": {
    "type": "Point",
    "coordinates": [
     114.261365,
     22.3063
    ]
   },
   "properties": {
    "district_tc": "西貢區",
    "district_en": "Sai Kung",
    "location_tc": "天晉滙",
    "location_en": "PopWalk",
    "address_en": "12 Tong Chun St, Tseung Kwan O",
    "std": 2,
    "medium": 0,
    "quick": 2,
    "fast": 0,
    "total": 4
   }
  },
  {
   "type": "Feature",
   "geometry": {
    "type": "Point",
    "coordinates": [
     114.272802,
     22.287959
    ]
   },
   "properties": {
    "district_tc": "西貢區",
    "district_en": "Sai Kung",
    "location_tc": "‎先進製造業中心",
    "location_en": "Advanced Manufacturing Centre",
    "address_en": "18 Chun Cheong St, Tseung Kwan O Industrial Estate",
    "std": 0,
    "medium": 10,
    "quick": 6,
    "fast": 0,
    "total": 16
   }
  },
  {
   "type": "Feature",
   "geometry": {
    "type": "Point",
    "coordinates": [
     114.159789,
     22.504008
    ]
   },
   "properties": {
    "district_tc": "北區",
    "district_en": "North",
    "location_tc": "山麗苑",
    "location_en": "Shan Lai Court",
    "address_en": "88 Lung Ma Rd, Kwan Tei",
    "std": 18,
    "medium": 0,
    "quick": 0,
    "fast": 0,
    "total": 18
   }
  },
  {
   "type": "Feature",
   "geometry": {
    "type": "Point",
    "coordinates": [
     114.153962,
     22.26801
    ]
   },
   "properties": {
    "district_tc": "中西區",
    "district_en": "Central & Western",
    "location_tc": "雲嶺山莊",
    "location_en": "Cloudlands",
    "address_en": "35-37 Plantation Rd, The Peak",
    "std": 0,
    "medium": 4,
    "quick": 0,
    "fast": 0,
    "total": 4
   }
  },
  {
   "type": "Feature",
   "geometry": {
    "type": "Point",
    "coordinates": [
     114.204769,
     22.430753
    ]
   },
   "properties": {
    "district_tc": "大埔區",
    "district_en": "Tai Po",
    "location_tc": "雲滙",
    "location_en": "St. Martin",
    "address_en": "12 Fo Chun Rd, Pak Shek Kok",
    "std": 0,
    "medium": 0,
    "quick": 5,
    "fast": 0,
    "total": 5
   }
  },
  {
   "type": "Feature",
   "geometry": {
    "type": "Point",
    "coordinates": [
     114.052613,
     22.451187
    ]
   },
   "properties": {
    "district_tc": "元朗區",
    "district_en": "Yuen Long",
    "location_tc": "Park Yoho Car Park Phase 1B",
    "location_en": "Park Yoho Car Park Phase 1B",
    "address_en": "18 Castle Peak Rd - Tam Mei, Kam Tin",
    "std": 0,
    "medium": 0,
    "quick": 2,
    "fast": 0,
    "total": 2
   }
  },
  {
   "type": "Feature",
   "geometry": {
    "type": "Point",
    "coordinates": [
     114.053354,
     22.450542
    ]
   },
   "properties": {
    "district_tc": "元朗區",
    "district_en": "Yuen Long",
    "location_tc": "Park Yoho Car Park Phase 2A",
    "location_en": "Park Yoho Car Park Phase 2A",
    "address_en": "18 Castle Peak Rd - Tam Mei, Kam Tin",
    "std": 0,
    "medium": 0,
    "quick": 2,
    "fast": 0,
    "total": 2
   }
  },
  {
   "type": "Feature",
   "geometry": {
    "type": "Point",
    "coordinates": [
     114.056122,
     22.451853
    ]
   },
   "properties": {
    "district_tc": "元朗區",
    "district_en": "Yuen Long",
    "location_tc": "Park Yoho Car Park Phase 2C",
    "location_en": "Park Yoho Car Park Phase 2C",
    "address_en": "18 Castle Peak Rd - Tam Mei, Kam Tin",
    "std": 0,
    "medium": 0,
    "quick": 1,
    "fast": 0,
    "total": 1
   }
  },
  {
   "type": "Feature",
   "geometry": {
    "type": "Point",
    "coordinates": [
     113.974368,
     22.395897
    ]
   },
   "properties": {
    "district_tc": "屯門區",
    "district_en": "Tuen Mun",
    "location_tc": "V City",
    "location_en": "V City",
    "address_en": "9 Tuen Mun Heung Sze Wui Rd, Tuen Mun",
    "std": 0,
    "medium": 0,
    "quick": 7,
    "fast": 0,
    "total": 7
   }
  },
  {
   "type": "Feature",
   "geometry": {
    "type": "Point",
    "coordinates": [
     113.968287,
     22.394835
    ]
   },
   "properties": {
    "district_tc": "屯門區",
    "district_en": "Tuen Mun",
    "location_tc": "99 Commons",
    "location_en": "99 Commons",
    "address_en": "99 Pui To Rd, Tuen Mun",
    "std": 0,
    "medium": 3,
    "quick": 4,
    "fast": 0,
    "total": 7
   }
  },
  {
   "type": "Feature",
   "geometry": {
    "type": "Point",
    "coordinates": [
     113.968664,
     22.396687
    ]
   },
   "properties": {
    "district_tc": "屯門區",
    "district_en": "Tuen Mun",
    "location_tc": "發里4 號",
    "location_en": "No.4 Kin Fat Lane",
    "address_en": "4 Kin Fat Ln, Tuen Mun",
    "std": 0,
    "medium": 0,
    "quick": 10,
    "fast": 0,
    "total": 10
   }
  },
  {
   "type": "Feature",
   "geometry": {
    "type": "Point",
    "coordinates": [
     114.272702,
     22.287994
    ]
   },
   "properties": {
    "district_tc": "西貢區",
    "district_en": "Sai Kung",
    "location_tc": "數據技術中心",
    "location_en": "Data Technology Hub",
    "address_en": "7 Chun Cheong St, Tseung Kwan O Industrial Estate",
    "std": 0,
    "medium": 30,
    "quick": 6,
    "fast": 0,
    "total": 36
   }
  },
  {
   "type": "Feature",
   "geometry": {
    "type": "Point",
    "coordinates": [
     113.934511,
     22.319443
    ]
   },
   "properties": {
    "district_tc": "離島區",
    "district_en": "Islands",
    "location_tc": "富豪機場酒店",
    "location_en": "Regal Airport Hotel",
    "address_en": "9 Cheong Tat Rd, Chek Lap Kok",
    "std": 0,
    "medium": 0,
    "quick": 1,
    "fast": 0,
    "total": 1
   }
  },
  {
   "type": "Feature",
   "geometry": {
    "type": "Point",
    "coordinates": [
     114.171855,
     22.307891
    ]
   },
   "properties": {
    "district_tc": "油尖旺區",
    "district_en": "Yau Tsim Mong",
    "location_tc": "逸東酒店",
    "location_en": "Eaton Hotel",
    "address_en": "380 Nathan Road, Jordan",
    "std": 0,
    "medium": 0,
    "quick": 2,
    "fast": 0,
    "total": 2
   }
  },
  {
   "type": "Feature",
   "geometry": {
    "type": "Point",
    "coordinates": [
     114.174645,
     22.311014
    ]
   },
   "properties": {
    "district_tc": "油尖旺區",
    "district_en": "Yau Tsim Mong",
    "location_tc": "香港紅十字會輸血服務中心",
    "location_en": "Hong Kong Red Cross Blood Transfusion Service",
    "address_en": "15 King's Park Rise, Yau Ma Tei",
    "std": 0,
    "medium": 0,
    "quick": 8,
    "fast": 0,
    "total": 8
   }
  },
  {
   "type": "Feature",
   "geometry": {
    "type": "Point",
    "coordinates": [
     114.202805,
     22.29091
    ]
   },
   "properties": {
    "district_tc": "東區",
    "district_en": "Eastern",
    "location_tc": "港運城",
    "location_en": "Island Place",
    "address_en": "51-61 Tanner Rd, North Point",
    "std": 0,
    "medium": 0,
    "quick": 6,
    "fast": 0,
    "total": 6
   }
  },
  {
   "type": "Feature",
   "geometry": {
    "type": "Point",
    "coordinates": [
     114.14284,
     22.336138
    ]
   },
   "properties": {
    "district_tc": "深水埗區",
    "district_en": "Sham Shui Po",
    "location_tc": "曼克頓山(九巴總部)停車場",
    "location_en": "KMB Manhattan Hill Carpark",
    "address_en": "9 Po Lun St, Lai Chi Kok",
    "std": 0,
    "medium": 0,
    "quick": 20,
    "fast": 0,
    "total": 20
   }
  },
  {
   "type": "Feature",
   "geometry": {
    "type": "Point",
    "coordinates": [
     114.108366,
     22.51188
    ]
   },
   "properties": {
    "district_tc": "北區",
    "district_en": "North",
    "location_tc": "河上鄉",
    "location_en": "Ho Sheung Heung",
    "address_en": "D95 Lot HSHL1, 1080RP, Ho Sheung Heung Village",
    "std": 0,
    "medium": 0,
    "quick": 1,
    "fast": 0,
    "total": 1
   }
  },
  {
   "type": "Feature",
   "geometry": {
    "type": "Point",
    "coordinates": [
     113.93108,
     22.291797
    ]
   },
   "properties": {
    "district_tc": "離島區",
    "district_en": "Islands",
    "location_tc": "蜆殼機場貨運大樓",
    "location_en": "Shell Airport Cargo Terminal",
    "address_en": "12 Chek Lap Kok S Rd, Chek Lap Kok",
    "std": 0,
    "medium": 2,
    "quick": 2,
    "fast": 0,
    "total": 4
   }
  },
  {
   "type": "Feature",
   "geometry": {
    "type": "Point",
    "coordinates": [
     114.10729,
     22.374724
    ]
   },
   "properties": {
    "district_tc": "荃灣區",
    "district_en": "Tsuen Wan",
    "location_tc": "嘉達環球中心",
    "location_en": "The Octagon",
    "address_en": "The Octagon, 6 Sha Tsui Rd, Tsuen Wan",
    "std": 0,
    "medium": 13,
    "quick": 0,
    "fast": 0,
    "total": 13
   }
  },
  {
   "type": "Feature",
   "geometry": {
    "type": "Point",
    "coordinates": [
     114.260858,
     22.304794
    ]
   },
   "properties": {
    "district_tc": "西貢區",
    "district_en": "Sai Kung",
    "location_tc": "嘉悅",
    "location_en": "Twin Peak",
    "address_en": "9 Chi Shin St, Tseung Kwan O",
    "std": 0,
    "medium": 2,
    "quick": 0,
    "fast": 0,
    "total": 2
   }
  },
  {
   "type": "Feature",
   "geometry": {
    "type": "Point",
    "coordinates": [
     114.133453,
     22.261979
    ]
   },
   "properties": {
    "district_tc": "南區",
    "district_en": "Southern",
    "location_tc": "上碧瑤灣",
    "location_en": "Upper Baguio Villa",
    "address_en": "Victoria Rd, Pok Fu Lam",
    "std": 0,
    "medium": 2,
    "quick": 0,
    "fast": 0,
    "total": 2
   }
  },
  {
   "type": "Feature",
   "geometry": {
    "type": "Point",
    "coordinates": [
     114.144676,
     22.49304
    ]
   },
   "properties": {
    "district_tc": "北區",
    "district_en": "North",
    "location_tc": "龍豐集團中心",
    "location_en": "Lung Fung Group Centre",
    "address_en": "No.23 Yip Cheong Street, Fanling",
    "std": 0,
    "medium": 0,
    "quick": 4,
    "fast": 0,
    "total": 4
   }
  },
  {
   "type": "Feature",
   "geometry": {
    "type": "Point",
    "coordinates": [
     114.220091,
     22.470054
    ]
   },
   "properties": {
    "district_tc": "大埔區",
    "district_en": "Tai Po",
    "location_tc": "汀角路138號",
    "location_en": "No.138, Ting Kok Village",
    "address_en": "No.138, Ting Kok Village",
    "std": 0,
    "medium": 0,
    "quick": 6,
    "fast": 0,
    "total": 6
   }
  },
  {
   "type": "Feature",
   "geometry": {
    "type": "Point",
    "coordinates": [
     114.124033,
     22.374501
    ]
   },
   "properties": {
    "district_tc": "荃灣區",
    "district_en": "Tsuen Wan",
    "location_tc": "石圍角新城",
    "location_en": "Shek Wai Kok Square",
    "address_en": "Shek Wai Kok Rd, Kwai Chung",
    "std": 0,
    "medium": 6,
    "quick": 6,
    "fast": 0,
    "total": 12
   }
  },
  {
   "type": "Feature",
   "geometry": {
    "type": "Point",
    "coordinates": [
     114.21558,
     22.31616
    ]
   },
   "properties": {
    "district_tc": "觀塘區",
    "district_en": "Kwun Tong",
    "location_tc": "觀塘大業街21",
    "location_en": "21 Tai Yip Street, Kwun Tong",
    "address_en": "21 Tai Yip Street, Kwun Tong",
    "std": 0,
    "medium": 0,
    "quick": 2,
    "fast": 0,
    "total": 2
   }
  },
  {
   "type": "Feature",
   "geometry": {
    "type": "Point",
    "coordinates": [
     114.23455,
     22.294238
    ]
   },
   "properties": {
    "district_tc": "觀塘區",
    "district_en": "Kwun Tong",
    "location_tc": "Peninsula East",
    "location_en": "Peninsula East",
    "address_en": "9 Shung Yiu St, Yau Tong",
    "std": 0,
    "medium": 3,
    "quick": 0,
    "fast": 0,
    "total": 3
   }
  },
  {
   "type": "Feature",
   "geometry": {
    "type": "Point",
    "coordinates": [
     113.970884,
     22.372985
    ]
   },
   "properties": {
    "district_tc": "屯門區",
    "district_en": "Tuen Mun",
    "location_tc": "慧豐園",
    "location_en": "Marina Garden",
    "address_en": "Marina Garden Block 4, 280 Wu Chui Rd, Tuen Mun",
    "std": 0,
    "medium": 2,
    "quick": 0,
    "fast": 0,
    "total": 2
   }
  },
  {
   "type": "Feature",
   "geometry": {
    "type": "Point",
    "coordinates": [
     114.006335,
     22.451491
    ]
   },
   "properties": {
    "district_tc": "元朗區",
    "district_en": "Yuen Long",
    "location_tc": "天祐停車場",
    "location_en": "Tin Yau Car Park",
    "address_en": "Tin Yau Court Car Park, 1 Tin Shing Road, Tin Shui Wai, Yuen Long, New Territories",
    "std": 0,
    "medium": 9,
    "quick": 0,
    "fast": 0,
    "total": 9
   }
  },
  {
   "type": "Feature",
   "geometry": {
    "type": "Point",
    "coordinates": [
     114.206232,
     22.291432
    ]
   },
   "properties": {
    "district_tc": "東區",
    "district_en": "Eastern",
    "location_tc": "健康村 I & II",
    "location_en": "Healthy Village I & II Charging Point",
    "address_en": "192 Tsat Tsz Mui Rd, Tsat Tsz Mui",
    "std": 0,
    "medium": 2,
    "quick": 0,
    "fast": 0,
    "total": 2
   }
  },
  {
   "type": "Feature",
   "geometry": {
    "type": "Point",
    "coordinates": [
     114.231109,
     22.276227
    ]
   },
   "properties": {
    "district_tc": "東區",
    "district_en": "Eastern",
    "location_tc": "明華大廈",
    "location_en": "Ming Wah Dai Ha",
    "address_en": "1 A Kung Ngam Rd, Shau Kei Wan",
    "std": 0,
    "medium": 21,
    "quick": 0,
    "fast": 0,
    "total": 21
   }
  },
  {
   "type": "Feature",
   "geometry": {
    "type": "Point",
    "coordinates": [
     114.165783,
     22.247795
    ]
   },
   "properties": {
    "district_tc": "南區",
    "district_en": "Southern",
    "location_tc": "S22",
    "location_en": "S22",
    "address_en": "22 Heung Yip Rd",
    "std": 0,
    "medium": 85,
    "quick": 2,
    "fast": 0,
    "total": 87
   }
  },
  {
   "type": "Feature",
   "geometry": {
    "type": "Point",
    "coordinates": [
     114.181727,
     22.316727
    ]
   },
   "properties": {
    "district_tc": "九龍城區",
    "district_en": "Kowloon City",
    "location_tc": "何文田1號",
    "location_en": "One Homantin",
    "address_en": "1 Sheung Foo St, Ho Man Tin",
    "std": 0,
    "medium": 0,
    "quick": 2,
    "fast": 0,
    "total": 2
   }
  },
  {
   "type": "Feature",
   "geometry": {
    "type": "Point",
    "coordinates": [
     114.186627,
     22.309364
    ]
   },
   "properties": {
    "district_tc": "九龍城區",
    "district_en": "Kowloon City",
    "location_tc": "豐頤居",
    "location_en": "Blissful Place",
    "address_en": "8 Lee Kung St, Hung Hom",
    "std": 0,
    "medium": 10,
    "quick": 0,
    "fast": 0,
    "total": 10
   }
  },
  {
   "type": "Feature",
   "geometry": {
    "type": "Point",
    "coordinates": [
     114.207565,
     22.324621
    ]
   },
   "properties": {
    "district_tc": "觀塘區",
    "district_en": "Kwun Tong",
    "location_tc": "大昌行集團大廈",
    "location_en": "DCH Building",
    "address_en": "20 Kai Cheung Rd, Kowloon Bay",
    "std": 0,
    "medium": 0,
    "quick": 18,
    "fast": 0,
    "total": 18
   }
  },
  {
   "type": "Feature",
   "geometry": {
    "type": "Point",
    "coordinates": [
     114.217825,
     22.312371
    ]
   },
   "properties": {
    "district_tc": "觀塘區",
    "district_en": "Kwun Tong",
    "location_tc": "海濱中心",
    "location_en": "Seaview Centre",
    "address_en": "139 Hoi Bun Road, Kwun Tong, KLN",
    "std": 1,
    "medium": 0,
    "quick": 0,
    "fast": 0,
    "total": 1
   }
  },
  {
   "type": "Feature",
   "geometry": {
    "type": "Point",
    "coordinates": [
     114.105069,
     22.352927
    ]
   },
   "properties": {
    "district_tc": "葵青區",
    "district_en": "Kwai Tsing",
    "location_tc": "綠悠雅苑",
    "location_en": "Greenview Villa",
    "address_en": "18 Tsing Luk St, Tsing Yi",
    "std": 52,
    "medium": 0,
    "quick": 0,
    "fast": 0,
    "total": 52
   }
  },
  {
   "type": "Feature",
   "geometry": {
    "type": "Point",
    "coordinates": [
     114.111605,
     22.33395
    ]
   },
   "properties": {
    "district_tc": "葵青區",
    "district_en": "Kwai Tsing",
    "location_tc": "中國招商局物流中心",
    "location_en": "China Merchants Logistics Centre",
    "address_en": "38 Tsing Yi Hong Wan Rd, Tsing Yi",
    "std": 0,
    "medium": 6,
    "quick": 5,
    "fast": 0,
    "total": 11
   }
  },
  {
   "type": "Feature",
   "geometry": {
    "type": "Point",
    "coordinates": [
     114.251219,
     22.307652
    ]
   },
   "properties": {
    "district_tc": "西貢區",
    "district_en": "Sai Kung",
    "location_tc": "翠嶺峰",
    "location_en": "Mount Verdant",
    "address_en": "48 Chui Ling Road, Tseung Kwan O",
    "std": 42,
    "medium": 0,
    "quick": 0,
    "fast": 0,
    "total": 42
   }
  },
  {
   "type": "Feature",
   "geometry": {
    "type": "Point",
    "coordinates": [
     114.254726,
     22.323758
    ]
   },
   "properties": {
    "district_tc": "西貢區",
    "district_en": "Sai Kung",
    "location_tc": "旭輝臺",
    "location_en": "Radiant Towers",
    "address_en": "1 Yuk Nga Ln, Tseung Kwan O",
    "std": 0,
    "medium": 2,
    "quick": 0,
    "fast": 0,
    "total": 2
   }
  },
  {
   "type": "Feature",
   "geometry": {
    "type": "Point",
    "coordinates": [
     114.222403,
     22.411328
    ]
   },
   "properties": {
    "district_tc": "沙田區",
    "district_en": "Sha Tin",
    "location_tc": "曉峰灣畔",
    "location_en": "Mountain Shore",
    "address_en": "8 Yuk Tai St, Ma On Shan",
    "std": 0,
    "medium": 10,
    "quick": 0,
    "fast": 0,
    "total": 10
   }
  },
  {
   "type": "Feature",
   "geometry": {
    "type": "Point",
    "coordinates": [
     114.22417,
     22.30815
    ]
   },
   "properties": {
    "district_tc": "觀塘區",
    "district_en": "Kwun Tong",
    "location_tc": "觀塘儲存易集團中心 (東九龍)",
    "location_en": "Kwun Tong Storefriendly Tower (Peninsula)",
    "address_en": "82 Hung To Road",
    "std": 0,
    "medium": 0,
    "quick": 15,
    "fast": 0,
    "total": 15
   }
  },
  {
   "type": "Feature",
   "geometry": {
    "type": "Point",
    "coordinates": [
     114.160137,
     22.304218
    ]
   },
   "properties": {
    "district_tc": "油尖旺區",
    "district_en": "Yau Tsim Mong",
    "location_tc": "圓方南停車場",
    "location_en": "Elements (South) Car Park",
    "address_en": "1, Tsim Sha Tsui, Austin Rd W",
    "std": 0,
    "medium": 0,
    "quick": 22,
    "fast": 0,
    "total": 22
   }
  },
  {
   "type": "Feature",
   "geometry": {
    "type": "Point",
    "coordinates": [
     114.21405,
     22.384039
    ]
   },
   "properties": {
    "district_tc": "沙田區",
    "district_en": "Sha Tin",
    "location_tc": "綠怡雅苑",
    "location_en": "Greenhill Villa",
    "address_en": "63 Siu Lek Yuen Road, Siu Lek Yuen",
    "std": 101,
    "medium": 0,
    "quick": 0,
    "fast": 0,
    "total": 101
   }
  },
  {
   "type": "Feature",
   "geometry": {
    "type": "Point",
    "coordinates": [
     114.193691,
     22.39844
    ]
   },
   "properties": {
    "district_tc": "沙田區",
    "district_en": "Sha Tin",
    "location_tc": "火炭協力工業大廈",
    "location_en": "Harry Industrial Building",
    "address_en": "49 Au Pui Wan Street Fo Tan",
    "std": 0,
    "medium": 3,
    "quick": 0,
    "fast": 0,
    "total": 3
   }
  },
  {
   "type": "Feature",
   "geometry": {
    "type": "Point",
    "coordinates": [
     114.17935,
     22.29917
    ]
   },
   "properties": {
    "district_tc": "油尖旺區",
    "district_en": "Yau Tsim Mong",
    "location_tc": "海景嘉福洲際酒店",
    "location_en": "InterContinental Grand Stanford",
    "address_en": "70 Mody Rd",
    "std": 0,
    "medium": 2,
    "quick": 0,
    "fast": 0,
    "total": 2
   }
  },
  {
   "type": "Feature",
   "geometry": {
    "type": "Point",
    "coordinates": [
     114.06064,
     22.366492
    ]
   },
   "properties": {
    "district_tc": "荃灣區",
    "district_en": "Tsuen Wan",
    "location_tc": "碧堤半島",
    "location_en": "BELLAHIO",
    "address_en": "CASTLE PEAK ROAD - SHAM TSENG, TSUEN WAN",
    "std": 0,
    "medium": 3,
    "quick": 0,
    "fast": 0,
    "total": 3
   }
  },
  {
   "type": "Feature",
   "geometry": {
    "type": "Point",
    "coordinates": [
     114.186209,
     22.33917
    ]
   },
   "properties": {
    "district_tc": "黃大仙區",
    "district_en": "Wong Tai Sin",
    "location_tc": "德強苑",
    "location_en": "TAK KEUNG COURT",
    "address_en": "FU KEUNG STREET, WONG TAI SIN",
    "std": 0,
    "medium": 9,
    "quick": 0,
    "fast": 0,
    "total": 9
   }
  },
  {
   "type": "Feature",
   "geometry": {
    "type": "Point",
    "coordinates": [
     114.142713,
     22.486571
    ]
   },
   "properties": {
    "district_tc": "北區",
    "district_en": "North",
    "location_tc": "華心停車場",
    "location_en": "Wah Sum Car Park",
    "address_en": "Wah Sum Shopping Centre, 18 Yat Ming Road, Fanling, New Territories",
    "std": 0,
    "medium": 0,
    "quick": 3,
    "fast": 0,
    "total": 3
   }
  },
  {
   "type": "Feature",
   "geometry": {
    "type": "Point",
    "coordinates": [
     114.203358,
     22.401892
    ]
   },
   "properties": {
    "district_tc": "沙田區",
    "district_en": "Sha Tin",
    "location_tc": "駿景園",
    "location_en": "ROYAL ASCOT PHASE 1 & 2",
    "address_en": "TSUN KING ROAD, SHATIN",
    "std": 0,
    "medium": 0,
    "quick": 2,
    "fast": 2,
    "total": 4
   }
  },
  {
   "type": "Feature",
   "geometry": {
    "type": "Point",
    "coordinates": [
     113.94883,
     22.291689
    ]
   },
   "properties": {
    "district_tc": "離島區",
    "district_en": "Islands",
    "location_tc": "映灣園二期及三期",
    "location_en": "Caribbean Coast Phase 2 & 3",
    "address_en": "KIN TUNG ROAD, ISLANDS",
    "std": 0,
    "medium": 2,
    "quick": 2,
    "fast": 0,
    "total": 4
   }
  },
  {
   "type": "Feature",
   "geometry": {
    "type": "Point",
    "coordinates": [
     114.188153,
     22.330925
    ]
   },
   "properties": {
    "district_tc": "九龍城區",
    "district_en": "Kowloon City",
    "location_tc": "九龍城廣場停車場",
    "location_en": "Kowloon City Plaza Car Park",
    "address_en": "128 Carpenter Road, Kowloon City, Kowloon",
    "std": 0,
    "medium": 0,
    "quick": 4,
    "fast": 0,
    "total": 4
   }
  },
  {
   "type": "Feature",
   "geometry": {
    "type": "Point",
    "coordinates": [
     114.111221,
     22.370762
    ]
   },
   "properties": {
    "district_tc": "荃灣區",
    "district_en": "Tsuen Wan",
    "location_tc": "荃灣廣場",
    "location_en": "Tsuen Wan Plaza",
    "address_en": "TAI PA STREET, TSUEN WAN",
    "std": 0,
    "medium": 0,
    "quick": 4,
    "fast": 0,
    "total": 4
   }
  },
  {
   "type": "Feature",
   "geometry": {
    "type": "Point",
    "coordinates": [
     114.148749,
     22.336106
    ]
   },
   "properties": {
    "district_tc": "深水埗區",
    "district_en": "Sham Shui Po",
    "location_tc": "D2 Place one",
    "location_en": "D2 Place one",
    "address_en": "CHEUNG YEE STREET, SHAM SHUI PO",
    "std": 0,
    "medium": 0,
    "quick": 2,
    "fast": 0,
    "total": 2
   }
  },
  {
   "type": "Feature",
   "geometry": {
    "type": "Point",
    "coordinates": [
     114.147028,
     22.336546
    ]
   },
   "properties": {
    "district_tc": "深水埗區",
    "district_en": "Sham Shui Po",
    "location_tc": "華創中心",
    "location_en": "CRE Centre",
    "address_en": "889 CHEUNG SHA WAN ROAD",
    "std": 0,
    "medium": 0,
    "quick": 3,
    "fast": 0,
    "total": 3
   }
  },
  {
   "type": "Feature",
   "geometry": {
    "type": "Point",
    "coordinates": [
     114.241919,
     22.267542
    ]
   },
   "properties": {
    "district_tc": "東區",
    "district_en": "Eastern",
    "location_tc": "杏翠苑",
    "location_en": "HANG TSUI COURT",
    "address_en": "TSUI WAN STREET, EASTERN",
    "std": 3,
    "medium": 1,
    "quick": 0,
    "fast": 0,
    "total": 4
   }
  },
  {
   "type": "Feature",
   "geometry": {
    "type": "Point",
    "coordinates": [
     114.190081,
     22.288186
    ]
   },
   "properties": {
    "district_tc": "東區",
    "district_en": "Eastern",
    "location_tc": "屈臣道停車場",
    "location_en": "Open Carpark next to Seaview Estate",
    "address_en": "WATSON ROAD, EASTERN",
    "std": 0,
    "medium": 0,
    "quick": 2,
    "fast": 0,
    "total": 2
   }
  },
  {
   "type": "Feature",
   "geometry": {
    "type": "Point",
    "coordinates": [
     114.239183,
     22.265112
    ]
   },
   "properties": {
    "district_tc": "東區",
    "district_en": "Eastern",
    "location_tc": "怡翠苑",
    "location_en": "YEE TSUI COURT",
    "address_en": "YEE SHUN STREET, EASTERN",
    "std": 1,
    "medium": 1,
    "quick": 0,
    "fast": 0,
    "total": 2
   }
  },
  {
   "type": "Feature",
   "geometry": {
    "type": "Point",
    "coordinates": [
     114.036636,
     22.443572
    ]
   },
   "properties": {
    "district_tc": "元朗區",
    "district_en": "Yuen Long",
    "location_tc": "形點 I (A, B區)",
    "location_en": "Yoho Mall I Zone A, B  I A, B",
    "address_en": "YUEN LUNG STREET, YUEN LONG",
    "std": 0,
    "medium": 0,
    "quick": 6,
    "fast": 0,
    "total": 6
   }
  },
  {
   "type": "Feature",
   "geometry": {
    "type": "Point",
    "coordinates": [
     114.227118,
     22.319065
    ]
   },
   "properties": {
    "district_tc": "觀塘區",
    "district_en": "Kwun Tong",
    "location_tc": "祥和苑",
    "location_en": "CHEUNG WO COURT",
    "address_en": "WAN HON STREET, KWUN TONG",
    "std": 0,
    "medium": 5,
    "quick": 0,
    "fast": 0,
    "total": 5
   }
  },
  {
   "type": "Feature",
   "geometry": {
    "type": "Point",
    "coordinates": [
     114.10196,
     22.372751
    ]
   },
   "properties": {
    "district_tc": "荃灣區",
    "district_en": "Tsuen Wan",
    "location_tc": "麗城花園一期",
    "location_en": "BELVEDERE GARDEN PHASE 1",
    "address_en": "CASTLE PEAK ROAD, TSUEN WAN",
    "std": 0,
    "medium": 0,
    "quick": 2,
    "fast": 0,
    "total": 2
   }
  },
  {
   "type": "Feature",
   "geometry": {
    "type": "Point",
    "coordinates": [
     114.099463,
     22.369584
    ]
   },
   "properties": {
    "district_tc": "荃灣區",
    "district_en": "Tsuen Wan",
    "location_tc": "灣景花園停車場",
    "location_en": "BAYVIEW GARDEN CARPARK",
    "address_en": "CASTLE PEAK ROAD - TSUEN WAN, TSUEN WAN",
    "std": 0,
    "medium": 7,
    "quick": 0,
    "fast": 1,
    "total": 8
   }
  },
  {
   "type": "Feature",
   "geometry": {
    "type": "Point",
    "coordinates": [
     114.1081,
     22.375276
    ]
   },
   "properties": {
    "district_tc": "荃灣區",
    "district_en": "Tsuen Wan",
    "location_tc": "環貿廣場",
    "location_en": "Global Plaza",
    "address_en": "CASTLE PEAK ROAD - TSUEN WAN",
    "std": 0,
    "medium": 36,
    "quick": 7,
    "fast": 0,
    "total": 43
   }
  },
  {
   "type": "Feature",
   "geometry": {
    "type": "Point",
    "coordinates": [
     114.131664,
     22.350667
    ]
   },
   "properties": {
    "district_tc": "葵青區",
    "district_en": "Kwai Tsing",
    "location_tc": "翠瑤苑",
    "location_en": "Tsui Yiu Court",
    "address_en": "LAI CHI LING ROAD, KWAI TSING",
    "std": 0,
    "medium": 2,
    "quick": 0,
    "fast": 0,
    "total": 2
   }
  },
  {
   "type": "Feature",
   "geometry": {
    "type": "Point",
    "coordinates": [
     114.127114,
     22.348387
    ]
   },
   "properties": {
    "district_tc": "葵青區",
    "district_en": "Kwai Tsing",
    "location_tc": "悅麗苑",
    "location_en": "Yuet Lai Court",
    "address_en": "LAI CHO ROAD, KWAI TSING",
    "std": 0,
    "medium": 1,
    "quick": 0,
    "fast": 0,
    "total": 1
   }
  },
  {
   "type": "Feature",
   "geometry": {
    "type": "Point",
    "coordinates": [
     114.149826,
     22.338219
    ]
   },
   "properties": {
    "district_tc": "深水埗區",
    "district_en": "Sham Shui Po",
    "location_tc": "羅氏商業廣場",
    "location_en": "LAW'S COMMERCIAL PLAZA",
    "address_en": "CHEUNG SHA WAN ROAD, SHAM SHUI PO",
    "std": 0,
    "medium": 11,
    "quick": 4,
    "fast": 0,
    "total": 15
   }
  },
  {
   "type": "Feature",
   "geometry": {
    "type": "Point",
    "coordinates": [
     114.147534,
     22.336154
    ]
   },
   "properties": {
    "district_tc": "深水埗區",
    "district_en": "Sham Shui Po",
    "location_tc": "D2 Place Two",
    "location_en": "D2 Place Two",
    "address_en": "CHEUNG SHUN STREET, SHAM SHUI PO",
    "std": 0,
    "medium": 18,
    "quick": 0,
    "fast": 0,
    "total": 18
   }
  },
  {
   "type": "Feature",
   "geometry": {
    "type": "Point",
    "coordinates": [
     114.18646,
     22.279233
    ]
   },
   "properties": {
    "district_tc": "灣仔區",
    "district_en": "Wan Chai",
    "location_tc": "怡和街68號",
    "location_en": "68 Yee Wo Street",
    "address_en": "YEE WO STREET, WAN CHAI",
    "std": 0,
    "medium": 0,
    "quick": 12,
    "fast": 0,
    "total": 12
   }
  },
  {
   "type": "Feature",
   "geometry": {
    "type": "Point",
    "coordinates": [
     114.206263,
     22.221216
    ]
   },
   "properties": {
    "district_tc": "南區",
    "district_en": "Southern",
    "location_tc": "赤柱廣場 & 馬坑邨",
    "location_en": "STANLEY PLAZA & MA HANG ESTATE",
    "address_en": "CAPE ROAD, SOUTHERN",
    "std": 0,
    "medium": 3,
    "quick": 0,
    "fast": 0,
    "total": 3
   }
  },
  {
   "type": "Feature",
   "geometry": {
    "type": "Point",
    "coordinates": [
     114.186919,
     22.305818
    ]
   },
   "properties": {
    "district_tc": "九龍城區",
    "district_en": "Kowloon City",
    "location_tc": "仁孚停車場",
    "location_en": "ZUNG FU CAR PARK BUILDING",
    "address_en": "PO LOI STREET, KOWLOON CITY",
    "std": 0,
    "medium": 0,
    "quick": 30,
    "fast": 0,
    "total": 30
   }
  },
  {
   "type": "Feature",
   "geometry": {
    "type": "Point",
    "coordinates": [
     114.233329,
     22.306883
    ]
   },
   "properties": {
    "district_tc": "觀塘區",
    "district_en": "Kwun Tong",
    "location_tc": "匯景花園",
    "location_en": "SCENEWAY GARDEN",
    "address_en": "SCENEWAY ROAD, KWUN TONG",
    "std": 0,
    "medium": 2,
    "quick": 2,
    "fast": 0,
    "total": 4
   }
  },
  {
   "type": "Feature",
   "geometry": {
    "type": "Point",
    "coordinates": [
     114.206996,
     22.292613
    ]
   },
   "properties": {
    "district_tc": "東區",
    "district_en": "Eastern",
    "location_tc": "柯達大廈二座",
    "location_en": "KODAK HOUSE 2",
    "address_en": "HEALTHY STREET EAST, EASTERN",
    "std": 0,
    "medium": 0,
    "quick": 2,
    "fast": 0,
    "total": 2
   }
  },
  {
   "type": "Feature",
   "geometry": {
    "type": "Point",
    "coordinates": [
     114.19583,
     22.463892
    ]
   },
   "properties": {
    "district_tc": "大埔區",
    "district_en": "Tai Po",
    "location_tc": "嘉豐花園",
    "location_en": "RICHWOOD PARK",
    "address_en": "LO FAI ROAD, TAI PO",
    "std": 0,
    "medium": 16,
    "quick": 2,
    "fast": 0,
    "total": 18
   }
  },
  {
   "type": "Feature",
   "geometry": {
    "type": "Point",
    "coordinates": [
     114.167278,
     22.442124
    ]
   },
   "properties": {
    "district_tc": "大埔區",
    "district_en": "Tai Po",
    "location_tc": "運頭塘邨",
    "location_en": "WAN TAU TONG ESTATE",
    "address_en": "TAT WAN ROAD, TAI PO",
    "std": 0,
    "medium": 0,
    "quick": 2,
    "fast": 0,
    "total": 2
   }
  },
  {
   "type": "Feature",
   "geometry": {
    "type": "Point",
    "coordinates": [
     114.18835,
     22.320134
    ]
   },
   "properties": {
    "district_tc": "九龍城區",
    "district_en": "Kowloon City",
    "location_tc": "中華大廈",
    "location_en": "CHUNG HWA BUILDING",
    "address_en": "MA HANG CHUNG ROAD, KOWLOON CITY",
    "std": 0,
    "medium": 0,
    "quick": 2,
    "fast": 0,
    "total": 2
   }
  },
  {
   "type": "Feature",
   "geometry": {
    "type": "Point",
    "coordinates": [
     114.173882,
     22.274854
    ]
   },
   "properties": {
    "district_tc": "灣仔區",
    "district_en": "Wan Chai",
    "location_tc": "尚翹峰",
    "location_en": "The Zenith",
    "address_en": "QUEEN'S ROAD EAST, WAN CHAI",
    "std": 0,
    "medium": 9,
    "quick": 2,
    "fast": 0,
    "total": 11
   }
  },
  {
   "type": "Feature",
   "geometry": {
    "type": "Point",
    "coordinates": [
     114.182813,
     22.281616
    ]
   },
   "properties": {
    "district_tc": "灣仔區",
    "district_en": "Wan Chai",
    "location_tc": "中糧大廈",
    "location_en": "COFCO Tower",
    "address_en": "GLOUCESTER ROAD, WAN CHAI",
    "std": 0,
    "medium": 0,
    "quick": 16,
    "fast": 0,
    "total": 16
   }
  },
  {
   "type": "Feature",
   "geometry": {
    "type": "Point",
    "coordinates": [
     114.229521,
     22.316666
    ]
   },
   "properties": {
    "district_tc": "觀塘區",
    "district_en": "Kwun Tong",
    "location_tc": "翠屏北2號停車場",
    "location_en": "Tsui Ping North Phase 2 Car Park",
    "address_en": "Tsui Ping Road, Kwun Tong",
    "std": 0,
    "medium": 0,
    "quick": 2,
    "fast": 0,
    "total": 2
   }
  },
  {
   "type": "Feature",
   "geometry": {
    "type": "Point",
    "coordinates": [
     114.193373,
     22.31929
    ]
   },
   "properties": {
    "district_tc": "九龍城區",
    "district_en": "Kowloon City",
    "location_tc": "翔龍灣",
    "location_en": "GRAND WATERFRONT",
    "address_en": "SAN MA TAU STREET, KOWLOON CITY",
    "std": 0,
    "medium": 3,
    "quick": 4,
    "fast": 0,
    "total": 7
   }
  },
  {
   "type": "Feature",
   "geometry": {
    "type": "Point",
    "coordinates": [
     114.195462,
     22.381632
    ]
   },
   "properties": {
    "district_tc": "沙田區",
    "district_en": "Sha Tin",
    "location_tc": "河畔花園",
    "location_en": "GARDEN RIVERA",
    "address_en": "TAI CHUNG KIU ROAD, SHATIN",
    "std": 0,
    "medium": 0,
    "quick": 0,
    "fast": 1,
    "total": 1
   }
  },
  {
   "type": "Feature",
   "geometry": {
    "type": "Point",
    "coordinates": [
     113.996914,
     22.433651
    ]
   },
   "properties": {
    "district_tc": "元朗區",
    "district_en": "Yuen Long",
    "location_tc": "麗珊園",
    "location_en": "BEAUTY COURT",
    "address_en": "3 Hung Tai Road, Hung Shui Kiu, Yuen Long",
    "std": 0,
    "medium": 0,
    "quick": 2,
    "fast": 0,
    "total": 2
   }
  },
  {
   "type": "Feature",
   "geometry": {
    "type": "Point",
    "coordinates": [
     114.173527,
     22.274789
    ]
   },
   "properties": {
    "district_tc": "灣仔區",
    "district_en": "Wan Chai",
    "location_tc": "大新金融中心",
    "location_en": "DAH SING FINANCIAL CENTRE",
    "address_en": "QUEEN'S ROAD EAST, WAN CHAI",
    "std": 0,
    "medium": 1,
    "quick": 2,
    "fast": 0,
    "total": 3
   }
  },
  {
   "type": "Feature",
   "geometry": {
    "type": "Point",
    "coordinates": [
     114.192238,
     22.397514
    ]
   },
   "properties": {
    "district_tc": "沙田區",
    "district_en": "Sha Tin",
    "location_tc": "豐利工業中心",
    "location_en": "Goldfield Industrial Centre",
    "address_en": "SUI WO ROAD, SHATIN",
    "std": 0,
    "medium": 0,
    "quick": 8,
    "fast": 0,
    "total": 8
   }
  },
  {
   "type": "Feature",
   "geometry": {
    "type": "Point",
    "coordinates": [
     114.138122,
     22.367922
    ]
   },
   "properties": {
    "district_tc": "葵青區",
    "district_en": "Kwai Tsing",
    "location_tc": "麗晶中心Ｂ座",
    "location_en": "Regent Centre Tower B",
    "address_en": "TA CHUEN PING STREET, KWAI TSING",
    "std": 0,
    "medium": 8,
    "quick": 14,
    "fast": 0,
    "total": 22
   }
  },
  {
   "type": "Feature",
   "geometry": {
    "type": "Point",
    "coordinates": [
     114.14921,
     22.334341
    ]
   },
   "properties": {
    "district_tc": "深水埗區",
    "district_en": "Sham Shui Po",
    "location_tc": "昇悅居",
    "location_en": "LIBERTE",
    "address_en": "LAI CHI KOK ROAD, SHAM SHUI PO",
    "std": 0,
    "medium": 6,
    "quick": 8,
    "fast": 0,
    "total": 14
   }
  },
  {
   "type": "Feature",
   "geometry": {
    "type": "Point",
    "coordinates": [
     114.19754,
     22.397341
    ]
   },
   "properties": {
    "district_tc": "沙田區",
    "district_en": "Sha Tin",
    "location_tc": "中建電訊大廈",
    "location_en": "CCT TELECOM BUILDING",
    "address_en": "WO SHING STREET, SHATIN",
    "std": 0,
    "medium": 0,
    "quick": 2,
    "fast": 0,
    "total": 2
   }
  },
  {
   "type": "Feature",
   "geometry": {
    "type": "Point",
    "coordinates": [
     114.177845,
     22.277787
    ]
   },
   "properties": {
    "district_tc": "灣仔區",
    "district_en": "Wan Chai",
    "location_tc": "集成中心",
    "location_en": "C C WU BUILDING",
    "address_en": "HENNESSY ROAD, WAN CHAI",
    "std": 0,
    "medium": 12,
    "quick": 0,
    "fast": 0,
    "total": 12
   }
  },
  {
   "type": "Feature",
   "geometry": {
    "type": "Point",
    "coordinates": [
     114.109419,
     22.368029
    ]
   },
   "properties": {
    "district_tc": "荃灣區",
    "district_en": "Tsuen Wan",
    "location_tc": "海之戀",
    "location_en": "Ocean Pride",
    "address_en": "TAI HO ROAD, TSUEN WAN",
    "std": 0,
    "medium": 0,
    "quick": 0,
    "fast": 2,
    "total": 2
   }
  },
  {
   "type": "Feature",
   "geometry": {
    "type": "Point",
    "coordinates": [
     114.229761,
     22.425125
    ]
   },
   "properties": {
    "district_tc": "沙田區",
    "district_en": "Sha Tin",
    "location_tc": "新港城中心五期（海濤居）",
    "location_en": "MOSTown Phase 5 (The Tolo Place)",
    "address_en": "628 Sai Sha Road, Ma On Shan, N.T.",
    "std": 0,
    "medium": 5,
    "quick": 0,
    "fast": 0,
    "total": 5
   }
  },
  {
   "type": "Feature",
   "geometry": {
    "type": "Point",
    "coordinates": [
     114.195771,
     22.238954
    ]
   },
   "properties": {
    "district_tc": "南區",
    "district_en": "Southern",
    "location_tc": "影灣園",
    "location_en": "THE REPULSE BAY",
    "address_en": "REPULSE BAY ROAD, SOUTHERN",
    "std": 0,
    "medium": 3,
    "quick": 1,
    "fast": 0,
    "total": 4
   }
  },
  {
   "type": "Feature",
   "geometry": {
    "type": "Point",
    "coordinates": [
     114.1774,
     22.279403
    ]
   },
   "properties": {
    "district_tc": "灣仔區",
    "district_en": "Wan Chai",
    "location_tc": "資本中心",
    "location_en": "CAPITAL CENTRE",
    "address_en": "GLOUCESTER ROAD, WAN CHAI",
    "std": 0,
    "medium": 0,
    "quick": 2,
    "fast": 0,
    "total": 2
   }
  },
  {
   "type": "Feature",
   "geometry": {
    "type": "Point",
    "coordinates": [
     113.971697,
     22.381111
    ]
   },
   "properties": {
    "district_tc": "屯門區",
    "district_en": "Tuen Mun",
    "location_tc": "屯門中央廣場",
    "location_en": "Tuen Mun Central Square",
    "address_en": "HANG KWAI STREET, TUEN MUN",
    "std": 0,
    "medium": 0,
    "quick": 0,
    "fast": 3,
    "total": 3
   }
  },
  {
   "type": "Feature",
   "geometry": {
    "type": "Point",
    "coordinates": [
     113.969516,
     22.373987
    ]
   },
   "properties": {
    "district_tc": "屯門區",
    "district_en": "Tuen Mun",
    "location_tc": "悅湖山莊",
    "location_en": "YUET WU VILLA",
    "address_en": "WU SAU STREET, TUEN MUN",
    "std": 0,
    "medium": 4,
    "quick": 0,
    "fast": 0,
    "total": 4
   }
  },
  {
   "type": "Feature",
   "geometry": {
    "type": "Point",
    "coordinates": [
     114.113195,
     22.375282
    ]
   },
   "properties": {
    "district_tc": "荃灣區",
    "district_en": "Tsuen Wan",
    "location_tc": "中國染廠大廈",
    "location_en": "CDW BUILDING",
    "address_en": "CASTLE PEAK ROAD, TSUEN WAN",
    "std": 0,
    "medium": 16,
    "quick": 2,
    "fast": 0,
    "total": 18
   }
  },
  {
   "type": "Feature",
   "geometry": {
    "type": "Point",
    "coordinates": [
     114.05991,
     22.367874
    ]
   },
   "properties": {
    "district_tc": "荃灣區",
    "district_en": "Tsuen Wan",
    "location_tc": "陳記商業中心",
    "location_en": "CHAN KEE COMMERCIAL CENTRE",
    "address_en": "CASTLE PEAK ROAD, TSUEN WAN",
    "std": 0,
    "medium": 0,
    "quick": 3,
    "fast": 2,
    "total": 5
   }
  },
  {
   "type": "Feature",
   "geometry": {
    "type": "Point",
    "coordinates": [
     114.185961,
     22.342952
    ]
   },
   "properties": {
    "district_tc": "黃大仙區",
    "district_en": "Wong Tai Sin",
    "location_tc": "天馬苑",
    "location_en": "TIN MA COURT",
    "address_en": "KAM CHUK LANE, WONG TAI SIN",
    "std": 0,
    "medium": 0,
    "quick": 4,
    "fast": 0,
    "total": 4
   }
  },
  {
   "type": "Feature",
   "geometry": {
    "type": "Point",
    "coordinates": [
     114.10808,
     22.374797
    ]
   },
   "properties": {
    "district_tc": "荃灣區",
    "district_en": "Tsuen Wan",
    "location_tc": "達貿中心",
    "location_en": "INTERNATIONAL TRADE CENTRE",
    "address_en": "SHA TSUI ROAD, TSUEN WAN",
    "std": 0,
    "medium": 0,
    "quick": 2,
    "fast": 0,
    "total": 2
   }
  },
  {
   "type": "Feature",
   "geometry": {
    "type": "Point",
    "coordinates": [
     114.211665,
     22.318861
    ]
   },
   "properties": {
    "district_tc": "觀塘區",
    "district_en": "Kwun Tong",
    "location_tc": "富臨中心",
    "location_en": "Capital Tower",
    "address_en": "Kowloon Bay 38 WAI YIP STREET",
    "std": 0,
    "medium": 12,
    "quick": 0,
    "fast": 0,
    "total": 12
   }
  },
  {
   "type": "Feature",
   "geometry": {
    "type": "Point",
    "coordinates": [
     114.26517,
     22.427381
    ]
   },
   "properties": {
    "district_tc": "大埔區",
    "district_en": "Tai Po",
    "location_tc": "西沙Go Park",
    "location_en": "Go Park Sai Sha",
    "address_en": "9 Hoi Ying Road, Tai Po, New Territories",
    "std": 0,
    "medium": 0,
    "quick": 4,
    "fast": 0,
    "total": 4
   }
  },
  {
   "type": "Feature",
   "geometry": {
    "type": "Point",
    "coordinates": [
     114.153366,
     22.327309
    ]
   },
   "properties": {
    "district_tc": "深水埗區",
    "district_en": "Sham Shui Po",
    "location_tc": "V Walk",
    "location_en": "V Walk",
    "address_en": "28 Sham Mong Road, Kowloon",
    "std": 0,
    "medium": 0,
    "quick": 7,
    "fast": 0,
    "total": 7
   }
  },
  {
   "type": "Feature",
   "geometry": {
    "type": "Point",
    "coordinates": [
     113.947469,
     22.294656
    ]
   },
   "properties": {
    "district_tc": "離島區",
    "district_en": "Islands",
    "location_tc": "裕雅苑",
    "location_en": "YU NGA COURT",
    "address_en": "8 YI TUNG ROAD",
    "std": 10,
    "medium": 10,
    "quick": 0,
    "fast": 0,
    "total": 20
   }
  },
  {
   "type": "Feature",
   "geometry": {
    "type": "Point",
    "coordinates": [
     114.10788,
     22.342095
    ]
   },
   "properties": {
    "district_tc": "葵青區",
    "district_en": "Kwai Tsing",
    "location_tc": "青富苑",
    "location_en": "Ching Fu Court",
    "address_en": "18 Tsing Yi Road, Tsing Yi, New Territories",
    "std": 5,
    "medium": 11,
    "quick": 0,
    "fast": 0,
    "total": 16
   }
  },
  {
   "type": "Feature",
   "geometry": {
    "type": "Point",
    "coordinates": [
     113.968512,
     22.415174
    ]
   },
   "properties": {
    "district_tc": "屯門區",
    "district_en": "Tuen Mun",
    "location_tc": "和田邨",
    "location_en": "WO TIN ESTATE",
    "address_en": "35 HING KWAI STREET",
    "std": 0,
    "medium": 4,
    "quick": 0,
    "fast": 0,
    "total": 4
   }
  },
  {
   "type": "Feature",
   "geometry": {
    "type": "Point",
    "coordinates": [
     113.972264,
     22.411411
    ]
   },
   "properties": {
    "district_tc": "屯門區",
    "district_en": "Tuen Mun",
    "location_tc": "菁田邨",
    "location_en": "CHING TIN ESTATE",
    "address_en": "10 YAN PO ROAD",
    "std": 0,
    "medium": 4,
    "quick": 0,
    "fast": 0,
    "total": 4
   }
  },
  {
   "type": "Feature",
   "geometry": {
    "type": "Point",
    "coordinates": [
     114.134202,
     22.366968
    ]
   },
   "properties": {
    "district_tc": "葵青區",
    "district_en": "Kwai Tsing",
    "location_tc": "EDGE",
    "location_en": "EDGE",
    "address_en": "30-34 KWAI WING ROAD, KWAI CHUNG, N.T.",
    "std": 0,
    "medium": 0,
    "quick": 8,
    "fast": 0,
    "total": 8
   }
  },
  {
   "type": "Feature",
   "geometry": {
    "type": "Point",
    "coordinates": [
     114.243771,
     22.265284
    ]
   },
   "properties": {
    "district_tc": "東區",
    "district_en": "Eastern",
    "location_tc": "蝶翠苑",
    "location_en": "DIP TSUI COURT",
    "address_en": "388 CHAI WAN ROAD",
    "std": 3,
    "medium": 0,
    "quick": 0,
    "fast": 0,
    "total": 3
   }
  },
  {
   "type": "Feature",
   "geometry": {
    "type": "Point",
    "coordinates": [
     114.14586,
     22.335472
    ]
   },
   "properties": {
    "district_tc": "深水埗區",
    "district_en": "Sham Shui Po",
    "location_tc": "南商金融創新中心",
    "location_en": "NCB INNOVATION CENTRE",
    "address_en": "888 LAI CHI KOK ROAD",
    "std": 0,
    "medium": 7,
    "quick": 0,
    "fast": 0,
    "total": 7
   }
  },
  {
   "type": "Feature",
   "geometry": {
    "type": "Point",
    "coordinates": [
     114.194349,
     22.332279
    ]
   },
   "properties": {
    "district_tc": "黃大仙區",
    "district_en": "Wong Tai Sin",
    "location_tc": "東匯邨",
    "location_en": "TUNG WUI ESTATE (II)",
    "address_en": "LOK SIN ROAD",
    "std": 1,
    "medium": 2,
    "quick": 0,
    "fast": 0,
    "total": 3
   }
  },
  {
   "type": "Feature",
   "geometry": {
    "type": "Point",
    "coordinates": [
     114.13525,
     22.369225
    ]
   },
   "properties": {
    "district_tc": "葵青區",
    "district_en": "Kwai Tsing",
    "location_tc": "石蔭商場",
    "location_en": "Shek Yam Shopping Centre",
    "address_en": "Lei Muk Road, Kwai Chung, NT.",
    "std": 0,
    "medium": 11,
    "quick": 4,
    "fast": 0,
    "total": 15
   }
  },
  {
   "type": "Feature",
   "geometry": {
    "type": "Point",
    "coordinates": [
     114.2001,
     22.338518
    ]
   },
   "properties": {
    "district_tc": "黃大仙區",
    "district_en": "Wong Tai Sin",
    "location_tc": "The Burrow",
    "location_en": "The Burrow",
    "address_en": "212 Choi Hung Rd, San Po Kong",
    "std": 0,
    "medium": 0,
    "quick": 73,
    "fast": 0,
    "total": 73
   }
  },
  {
   "type": "Feature",
   "geometry": {
    "type": "Point",
    "coordinates": [
     114.002365,
     22.462992
    ]
   },
   "properties": {
    "district_tc": "元朗區",
    "district_en": "Yuen Long",
    "location_tc": "天晴邨（服務設施大樓）",
    "location_en": "Tin Ching Estate (Amenity & Community Building)",
    "address_en": "Tin Ching Estate (Amenity & Community Building), Yuen Long, New Territories",
    "std": 5,
    "medium": 0,
    "quick": 0,
    "fast": 0,
    "total": 5
   }
  },
  {
   "type": "Feature",
   "geometry": {
    "type": "Point",
    "coordinates": [
     113.940134,
     22.280847
    ]
   },
   "properties": {
    "district_tc": "離島區",
    "district_en": "Islands",
    "location_tc": "裕泰苑",
    "location_en": "Yu Tai Court",
    "address_en": "TUNG CHUNG ROAD",
    "std": 4,
    "medium": 0,
    "quick": 0,
    "fast": 0,
    "total": 4
   }
  },
  {
   "type": "Feature",
   "geometry": {
    "type": "Point",
    "coordinates": [
     114.113832,
     22.373792
    ]
   },
   "properties": {
    "district_tc": "荃灣區",
    "district_en": "Tsuen Wan",
    "location_tc": "福來邨",
    "location_en": "FUK LOI ESTATE",
    "address_en": "Fuk Loi Estate, Tsuen Wan, New Territories",
    "std": 0,
    "medium": 3,
    "quick": 0,
    "fast": 0,
    "total": 3
   }
  },
  {
   "type": "Feature",
   "geometry": {
    "type": "Point",
    "coordinates": [
     114.134361,
     22.363693
    ]
   },
   "properties": {
    "district_tc": "葵青區",
    "district_en": "Kwai Tsing",
    "location_tc": "金星工業大廈",
    "location_en": "The Venus Industrial Building",
    "address_en": "CASTLE PEAK ROAD - KWAI CHUNG, KWAI TSING",
    "std": 0,
    "medium": 0,
    "quick": 6,
    "fast": 0,
    "total": 6
   }
  },
  {
   "type": "Feature",
   "geometry": {
    "type": "Point",
    "coordinates": [
     114.150086,
     22.338766
    ]
   },
   "properties": {
    "district_tc": "深水埗區",
    "district_en": "Sham Shui Po",
    "location_tc": "卓匯中心",
    "location_en": "Excel Centre",
    "address_en": "CASTLE PEAK ROAD",
    "std": 1,
    "medium": 0,
    "quick": 0,
    "fast": 0,
    "total": 1
   }
  },
  {
   "type": "Feature",
   "geometry": {
    "type": "Point",
    "coordinates": [
     114.189468,
     22.308373
    ]
   },
   "properties": {
    "district_tc": "九龍城區",
    "district_en": "Kowloon City",
    "location_tc": "紅磡邨",
    "location_en": "HUNG HOM ESTATE",
    "address_en": "Hung Hom Estate, Kowloon City, Kowloon",
    "std": 0,
    "medium": 6,
    "quick": 0,
    "fast": 0,
    "total": 6
   }
  },
  {
   "type": "Feature",
   "geometry": {
    "type": "Point",
    "coordinates": [
     114.186994,
     22.300698
    ]
   },
   "properties": {
    "district_tc": "九龍城區",
    "district_en": "Kowloon City",
    "location_tc": "中國人壽中心",
    "location_en": "China Life Centre",
    "address_en": "HUNG LUEN ROAD",
    "std": 0,
    "medium": 8,
    "quick": 2,
    "fast": 0,
    "total": 10
   }
  },
  {
   "type": "Feature",
   "geometry": {
    "type": "Point",
    "coordinates": [
     114.25989,
     22.308522
    ]
   },
   "properties": {
    "district_tc": "西貢區",
    "district_en": "Sai Kung",
    "location_tc": "九龍東帝苑酒店",
    "location_en": "The Royal Garden Kowloon East",
    "address_en": "TONG TAK STREET, SAI KUNG",
    "std": 0,
    "medium": 0,
    "quick": 8,
    "fast": 0,
    "total": 8
   }
  },
  {
   "type": "Feature",
   "geometry": {
    "type": "Point",
    "coordinates": [
     114.248824,
     22.324169
    ]
   },
   "properties": {
    "district_tc": "西貢區",
    "district_en": "Sai Kung",
    "location_tc": "翠林邨",
    "location_en": "TSUI LAM ESTATE",
    "address_en": "TSUI KING STREET, SAI KUNG",
    "std": 0,
    "medium": 0,
    "quick": 12,
    "fast": 0,
    "total": 12
   }
  },
  {
   "type": "Feature",
   "geometry": {
    "type": "Point",
    "coordinates": [
     114.1665,
     22.32123
    ]
   },
   "properties": {
    "district_tc": "油尖旺區",
    "district_en": "Yau Tsim Mong",
    "location_tc": "薈賢居",
    "location_en": "Lodgewood",
    "address_en": "CANTON ROAD",
    "std": 0,
    "medium": 1,
    "quick": 0,
    "fast": 0,
    "total": 1
   }
  },
  {
   "type": "Feature",
   "geometry": {
    "type": "Point",
    "coordinates": [
     114.213687,
     22.284978
    ]
   },
   "properties": {
    "district_tc": "東區",
    "district_en": "Eastern",
    "location_tc": "英皇道1063號",
    "location_en": "1063 KING'S ROAD",
    "address_en": "1063 King's Road, Quarry Bay, Hong Kong",
    "std": 0,
    "medium": 3,
    "quick": 0,
    "fast": 0,
    "total": 3
   }
  },
  {
   "type": "Feature",
   "geometry": {
    "type": "Point",
    "coordinates": [
     114.17512,
     22.279928
    ]
   },
   "properties": {
    "district_tc": "灣仔區",
    "district_en": "Wan Chai",
    "location_tc": "香港瑞吉酒店",
    "location_en": "The St. Regis Hong Kong",
    "address_en": "HARBOUR DRIVE",
    "std": 0,
    "medium": 4,
    "quick": 0,
    "fast": 0,
    "total": 4
   }
  },
  {
   "type": "Feature",
   "geometry": {
    "type": "Point",
    "coordinates": [
     114.205772,
     22.429696
    ]
   },
   "properties": {
    "district_tc": "大埔區",
    "district_en": "Tai Po",
    "location_tc": "嘉熙",
    "location_en": "Solaria",
    "address_en": "FO CHUN ROAD",
    "std": 0,
    "medium": 4,
    "quick": 0,
    "fast": 0,
    "total": 4
   }
  },
  {
   "type": "Feature",
   "geometry": {
    "type": "Point",
    "coordinates": [
     114.224511,
     22.416513
    ]
   },
   "properties": {
    "district_tc": "沙田區",
    "district_en": "Sha Tin",
    "location_tc": "錦暉苑",
    "location_en": "Kam Fai Court",
    "address_en": "HANG KIN STREET",
    "std": 2,
    "medium": 0,
    "quick": 0,
    "fast": 0,
    "total": 2
   }
  },
  {
   "type": "Feature",
   "geometry": {
    "type": "Point",
    "coordinates": [
     114.211339,
     22.41352
    ]
   },
   "properties": {
    "district_tc": "沙田區",
    "district_en": "Sha Tin",
    "location_tc": "香港中文大學醫院",
    "location_en": "CUHK Medical Centre",
    "address_en": "9 CHAK CHEUNG STREET",
    "std": 0,
    "medium": 143,
    "quick": 0,
    "fast": 0,
    "total": 143
   }
  },
  {
   "type": "Feature",
   "geometry": {
    "type": "Point",
    "coordinates": [
     114.221966,
     22.311329
    ]
   },
   "properties": {
    "district_tc": "觀塘區",
    "district_en": "Kwun Tong",
    "location_tc": "Two Sky Parc (威信停車場)",
    "location_en": "Two Sky Parc (Wilson Parking)",
    "address_en": "HUNG TO ROAD",
    "std": 0,
    "medium": 0,
    "quick": 4,
    "fast": 0,
    "total": 4
   }
  },
  {
   "type": "Feature",
   "geometry": {
    "type": "Point",
    "coordinates": [
     114.222723,
     22.312404
    ]
   },
   "properties": {
    "district_tc": "觀塘區",
    "district_en": "Kwun Tong",
    "location_tc": "Landmark East 停車場",
    "location_en": "Landmark East Carpark",
    "address_en": "Landmark East, 100 How Ming Street, Kwun Tong, KLN",
    "std": 0,
    "medium": 4,
    "quick": 3,
    "fast": 0,
    "total": 7
   }
  },
  {
   "type": "Feature",
   "geometry": {
    "type": "Point",
    "coordinates": [
     114.193167,
     22.375397
    ]
   },
   "properties": {
    "district_tc": "沙田區",
    "district_en": "Sha Tin",
    "location_tc": "博康邨",
    "location_en": "Pok Hong Estate",
    "address_en": "Sha Kok Street, Shatin, New Territories",
    "std": 0,
    "medium": 3,
    "quick": 0,
    "fast": 0,
    "total": 3
   }
  },
  {
   "type": "Feature",
   "geometry": {
    "type": "Point",
    "coordinates": [
     114.155146,
     22.338187
    ]
   },
   "properties": {
    "district_tc": "深水埗區",
    "district_en": "Sham Shui Po",
    "location_tc": "元州停車場",
    "location_en": "Un Chau Car Park",
    "address_en": "Un Chau Shopping Centre, 303 Un Chau Street, Cheung Sha Wan,  Kowloon",
    "std": 0,
    "medium": 0,
    "quick": 6,
    "fast": 0,
    "total": 6
   }
  },
  {
   "type": "Feature",
   "geometry": {
    "type": "Point",
    "coordinates": [
     114.170036,
     22.333544
    ]
   },
   "properties": {
    "district_tc": "深水埗區",
    "district_en": "Sham Shui Po",
    "location_tc": "南山邨多層停車場",
    "location_en": "Nam Shan Estate Multi-storey Carpark",
    "address_en": "111, Tai Hang Tung Road, Shek Kip Mei , Kowloon ,HK",
    "std": 0,
    "medium": 3,
    "quick": 0,
    "fast": 0,
    "total": 3
   }
  },
  {
   "type": "Feature",
   "geometry": {
    "type": "Point",
    "coordinates": [
     114.240219,
     22.265087
    ]
   },
   "properties": {
    "district_tc": "東區",
    "district_en": "Eastern",
    "location_tc": "漁灣邨停車場",
    "location_en": "Yue Wan Estate Car Park",
    "address_en": "1/F, Yue Wan Estate Carpark, Yee Fung Street, Chai Wan, Hong Kong",
    "std": 0,
    "medium": 2,
    "quick": 0,
    "fast": 0,
    "total": 2
   }
  },
  {
   "type": "Feature",
   "geometry": {
    "type": "Point",
    "coordinates": [
     114.202835,
     22.34816
    ]
   },
   "properties": {
    "district_tc": "黃大仙區",
    "district_en": "Wong Tai Sin",
    "location_tc": "慈民停車場",
    "location_en": "Tsz Man Car Park",
    "address_en": "Tsz Man Estate Car Park, 55 Tsz Wan Shan Road, Tsz Wan Shan,  Kowloon",
    "std": 0,
    "medium": 17,
    "quick": 0,
    "fast": 0,
    "total": 17
   }
  },
  {
   "type": "Feature",
   "geometry": {
    "type": "Point",
    "coordinates": [
     114.20723,
     22.334633
    ]
   },
   "properties": {
    "district_tc": "黃大仙區",
    "district_en": "Wong Tai Sin",
    "location_tc": "彩虹邨停車場",
    "location_en": "Choi Hung Estate Car Park",
    "address_en": "2 Tse Wai Avenue, Choi Hung Estate. K.L.",
    "std": 0,
    "medium": 3,
    "quick": 0,
    "fast": 0,
    "total": 3
   }
  },
  {
   "type": "Feature",
   "geometry": {
    "type": "Point",
    "coordinates": [
     114.107689,
     22.359987
    ]
   },
   "properties": {
    "district_tc": "葵青區",
    "district_en": "Kwai Tsing",
    "location_tc": "港鐵青衣城二期停車場",
    "location_en": "MTR Maritime Square 2 Car Park",
    "address_en": "Tsing King Road",
    "std": 0,
    "medium": 0,
    "quick": 34,
    "fast": 0,
    "total": 34
   }
  },
  {
   "type": "Feature",
   "geometry": {
    "type": "Point",
    "coordinates": [
     114.22719,
     22.280511
    ]
   },
   "properties": {
    "district_tc": "東區",
    "district_en": "Eastern",
    "location_tc": "愛東停車場",
    "location_en": "Oi Tung Car Park",
    "address_en": "Oi Tung Shopping Centre, 18 Oi Yin Street, Shau Kei Wan, Hong Kong",
    "std": 0,
    "medium": 24,
    "quick": 4,
    "fast": 0,
    "total": 28
   }
  },
  {
   "type": "Feature",
   "geometry": {
    "type": "Point",
    "coordinates": [
     114.222414,
     22.278218
    ]
   },
   "properties": {
    "district_tc": "東區",
    "district_en": "Eastern",
    "location_tc": "耀東1停車場",
    "location_en": "Yiu Tung Car Park 1",
    "address_en": "Yiu Tung Shopping Centre, 12 Yiu Hing Road, Shau Kei Wan, Hong Kong",
    "std": 0,
    "medium": 10,
    "quick": 2,
    "fast": 0,
    "total": 12
   }
  },
  {
   "type": "Feature",
   "geometry": {
    "type": "Point",
    "coordinates": [
     114.248621,
     22.262853
    ]
   },
   "properties": {
    "district_tc": "東區",
    "district_en": "Eastern",
    "location_tc": "小西灣一期停車場",
    "location_en": "Siu Sai Wan Phase 1 Car Park",
    "address_en": "Siu Sai Wan Plaza, 10 Siu Sai Wan Road, Siu Sai Wan, Hong Kong",
    "std": 0,
    "medium": 12,
    "quick": 0,
    "fast": 0,
    "total": 12
   }
  },
  {
   "type": "Feature",
   "geometry": {
    "type": "Point",
    "coordinates": [
     114.24,
     22.26733
    ]
   },
   "properties": {
    "district_tc": "東區",
    "district_en": "Eastern",
    "location_tc": "翠灣停車場",
    "location_en": "Tsui Wan Car Park",
    "address_en": "Tsui Wan Estate Retail and Car Park, 3 Tsui Wan Street, Chai Wan, Hong Kong",
    "std": 0,
    "medium": 18,
    "quick": 0,
    "fast": 0,
    "total": 18
   }
  },
  {
   "type": "Feature",
   "geometry": {
    "type": "Point",
    "coordinates": [
     114.2351,
     22.26303
    ]
   },
   "properties": {
    "district_tc": "東區",
    "district_en": "Eastern",
    "location_tc": "興華B停車場",
    "location_en": "Hing Wah Car Park B",
    "address_en": "Hing Wah Plaza, 11 Wan Tsui Road, Chai Wan, Hong Kong",
    "std": 0,
    "medium": 12,
    "quick": 8,
    "fast": 0,
    "total": 20
   }
  },
  {
   "type": "Feature",
   "geometry": {
    "type": "Point",
    "coordinates": [
     114.226755,
     22.42166
    ]
   },
   "properties": {
    "district_tc": "沙田區",
    "district_en": "Sha Tin",
    "location_tc": "頌安停車場",
    "location_en": "Chung On Car Park",
    "address_en": "Chung On Shopping Centre, 632 Sai Sha Road, Ma On Shan, Sha Tin, New Territories",
    "std": 0,
    "medium": 54,
    "quick": 22,
    "fast": 0,
    "total": 76
   }
  },
  {
   "type": "Feature",
   "geometry": {
    "type": "Point",
    "coordinates": [
     114.230566,
     22.420482
    ]
   },
   "properties": {
    "district_tc": "沙田區",
    "district_en": "Sha Tin",
    "location_tc": "耀安停車場",
    "location_en": "Yiu On Car Park",
    "address_en": "Yiu On Shopping Centre, 2 Hang Hong Street, Ma On Shan, Sha Tin, New Territories",
    "std": 0,
    "medium": 9,
    "quick": 6,
    "fast": 0,
    "total": 15
   }
  },
  {
   "type": "Feature",
   "geometry": {
    "type": "Point",
    "coordinates": [
     114.127127,
     22.500256
    ]
   },
   "properties": {
    "district_tc": "北區",
    "district_en": "North",
    "location_tc": "彩園B停車場",
    "location_en": "Choi Yuen Car Park B",
    "address_en": "Choi Yuen Plaza, 8 Choi Yuen Road, Sheung Shui, New Territories",
    "std": 0,
    "medium": 39,
    "quick": 0,
    "fast": 0,
    "total": 39
   }
  },
  {
   "type": "Feature",
   "geometry": {
    "type": "Point",
    "coordinates": [
     114.179282,
     22.368072
    ]
   },
   "properties": {
    "district_tc": "沙田區",
    "district_en": "Sha Tin",
    "location_tc": "隆亨A停車場",
    "location_en": "Lung Hang A Car Park",
    "address_en": "Lung Hang Commercial Centre, 1 Tin Sam Street, Tai Wai, Sha Tin, New Territories",
    "std": 0,
    "medium": 3,
    "quick": 0,
    "fast": 0,
    "total": 3
   }
  },
  {
   "type": "Feature",
   "geometry": {
    "type": "Point",
    "coordinates": [
     114.182174,
     22.370135
    ]
   },
   "properties": {
    "district_tc": "沙田區",
    "district_en": "Sha Tin",
    "location_tc": "新翠B停車場",
    "location_en": "Sun Chui Car Park B",
    "address_en": "Sun Chui Shopping Centre, 2 Chui Tin Street, Tai Wai, Sha Tin, New Territories",
    "std": 0,
    "medium": 18,
    "quick": 0,
    "fast": 0,
    "total": 18
   }
  },
  {
   "type": "Feature",
   "geometry": {
    "type": "Point",
    "coordinates": [
     114.175472,
     22.37805
    ]
   },
   "properties": {
    "district_tc": "沙田區",
    "district_en": "Sha Tin",
    "location_tc": "美林停車場",
    "location_en": "Mei Lam Car Park",
    "address_en": "Mei Lam Commercial Centre, 30 Mei Tin Road, Tai Wai, Sha Tin, New Territories",
    "std": 0,
    "medium": 18,
    "quick": 0,
    "fast": 0,
    "total": 18
   }
  },
  {
   "type": "Feature",
   "geometry": {
    "type": "Point",
    "coordinates": [
     113.996161,
     22.46133
    ]
   },
   "properties": {
    "district_tc": "元朗區",
    "district_en": "Yuen Long",
    "location_tc": "天華停車場",
    "location_en": "Tin Wah Car Park",
    "address_en": "Tin Wah Estate Retail and Car Park, 21 Tin Tan Street, Tin Shui Wai, Yuen Long, New Territories",
    "std": 0,
    "medium": 12,
    "quick": 0,
    "fast": 0,
    "total": 12
   }
  },
  {
   "type": "Feature",
   "geometry": {
    "type": "Point",
    "coordinates": [
     113.999379,
     22.462297
    ]
   },
   "properties": {
    "district_tc": "元朗區",
    "district_en": "Yuen Long",
    "location_tc": "T Town North 停車場",
    "location_en": "T Town North Car Park",
    "address_en": "Tin Yuet Estate Car Park, 33 & 39 Tin Wah Road, Tin Shui Wai, Yuen Long, New Territories",
    "std": 0,
    "medium": 27,
    "quick": 6,
    "fast": 0,
    "total": 33
   }
  },
  {
   "type": "Feature",
   "geometry": {
    "type": "Point",
    "coordinates": [
     113.999802,
     22.467847
    ]
   },
   "properties": {
    "district_tc": "元朗區",
    "district_en": "Yuen Long",
    "location_tc": "天逸停車場",
    "location_en": "Tin Yat Car Park",
    "address_en": "Tin Yat Estate Retail and Car Park, 76 Tin Shui Road, Tin Shui Wai, Yuen Long, New Territories",
    "std": 0,
    "medium": 13,
    "quick": 0,
    "fast": 0,
    "total": 13
   }
  },
  {
   "type": "Feature",
   "geometry": {
    "type": "Point",
    "coordinates": [
     114.238594,
     22.309386
    ]
   },
   "properties": {
    "district_tc": "觀塘區",
    "district_en": "Kwun Tong",
    "location_tc": "德田A停車場",
    "location_en": "Tak Tin Car Park A",
    "address_en": "Tak Tin Plaza, 223 Pik Wan Road, Lam Tin, Kwun Tong, Kowloon",
    "std": 0,
    "medium": 17,
    "quick": 0,
    "fast": 0,
    "total": 17
   }
  },
  {
   "type": "Feature",
   "geometry": {
    "type": "Point",
    "coordinates": [
     114.238587,
     22.306549
    ]
   },
   "properties": {
    "district_tc": "觀塘區",
    "district_en": "Kwun Tong",
    "location_tc": "德田B停車場",
    "location_en": "Tak Tin Car Park B",
    "address_en": "Tak Tin Plaza, 223 Pik Wan Road, Lam Tin, Kwun Tong, Kowloon",
    "std": 0,
    "medium": 13,
    "quick": 0,
    "fast": 0,
    "total": 13
   }
  },
  {
   "type": "Feature",
   "geometry": {
    "type": "Point",
    "coordinates": [
     114.23645,
     22.308318
    ]
   },
   "properties": {
    "district_tc": "觀塘區",
    "district_en": "Kwun Tong",
    "location_tc": "平田4期停車場",
    "location_en": "Ping Tin Phase 4 Car Park",
    "address_en": "Ping Tin Shopping Centre, 23 On Tin Street, Lam Tin, Kwun Tong, Kowloon",
    "std": 0,
    "medium": 13,
    "quick": 0,
    "fast": 0,
    "total": 13
   }
  },
  {
   "type": "Feature",
   "geometry": {
    "type": "Point",
    "coordinates": [
     113.969919,
     22.407139
    ]
   },
   "properties": {
    "district_tc": "屯門區",
    "district_en": "Tuen Mun",
    "location_tc": "建生停車場",
    "location_en": "Kin Sang Car Park",
    "address_en": "Kin Sang Shopping Centre, 3 Leung Wan Street, Tuen Mun, New Territories",
    "std": 0,
    "medium": 9,
    "quick": 0,
    "fast": 0,
    "total": 9
   }
  },
  {
   "type": "Feature",
   "geometry": {
    "type": "Point",
    "coordinates": [
     114.205714,
     22.381515
    ]
   },
   "properties": {
    "district_tc": "沙田區",
    "district_en": "Sha Tin",
    "location_tc": "愉翠A停車場",
    "location_en": "Yu Chui Car Park A",
    "address_en": "Yu Chui Shopping Centre, 2 Ngau Pei Sha Street, Siu Lek Yuen, Sha Tin, New Territories",
    "std": 0,
    "medium": 22,
    "quick": 14,
    "fast": 0,
    "total": 36
   }
  },
  {
   "type": "Feature",
   "geometry": {
    "type": "Point",
    "coordinates": [
     114.205263,
     22.379993
    ]
   },
   "properties": {
    "district_tc": "沙田區",
    "district_en": "Sha Tin",
    "location_tc": "愉翠B停車場",
    "location_en": "Yu Chui Car Park B",
    "address_en": "Yu Chui Shopping Centre, 2 Ngau Pei Sha Street, Siu Lek Yuen, Sha Tin, New Territories",
    "std": 0,
    "medium": 22,
    "quick": 12,
    "fast": 0,
    "total": 34
   }
  },
  {
   "type": "Feature",
   "geometry": {
    "type": "Point",
    "coordinates": [
     114.215424,
     22.381504
    ]
   },
   "properties": {
    "district_tc": "沙田區",
    "district_en": "Sha Tin",
    "location_tc": "廣源A停車場",
    "location_en": "Kwong Yuen Car Park A",
    "address_en": "Kwong Yuen Shopping Centre, 68 Siu Lek Yuen Road, Sha Tin, New Territories",
    "std": 0,
    "medium": 57,
    "quick": 0,
    "fast": 0,
    "total": 57
   }
  },
  {
   "type": "Feature",
   "geometry": {
    "type": "Point",
    "coordinates": [
     114.196595,
     22.388753
    ]
   },
   "properties": {
    "district_tc": "沙田區",
    "district_en": "Sha Tin",
    "location_tc": "禾輋S停車場",
    "location_en": "Wo Che Car Park S",
    "address_en": "Wo Che Plaza, 3 Tak Hau Street, Sha Tin, New Territories",
    "std": 0,
    "medium": 17,
    "quick": 0,
    "fast": 0,
    "total": 17
   }
  },
  {
   "type": "Feature",
   "geometry": {
    "type": "Point",
    "coordinates": [
     114.023061,
     22.450374
    ]
   },
   "properties": {
    "district_tc": "元朗區",
    "district_en": "Yuen Long",
    "location_tc": "朗屏B停車場",
    "location_en": "Long Ping Car Park B",
    "address_en": "Long Ping Commercial Centre, 1 Long Ping Road, Yuen Long, New Territories",
    "std": 0,
    "medium": 20,
    "quick": 0,
    "fast": 0,
    "total": 20
   }
  },
  {
   "type": "Feature",
   "geometry": {
    "type": "Point",
    "coordinates": [
     114.023311,
     22.448501
    ]
   },
   "properties": {
    "district_tc": "元朗區",
    "district_en": "Yuen Long",
    "location_tc": "朗屏D停車場",
    "location_en": "Long Ping Car Park D",
    "address_en": "Long Ping Commercial Centre, 1 Long Ping Road, Yuen Long, New Territories",
    "std": 0,
    "medium": 27,
    "quick": 0,
    "fast": 0,
    "total": 27
   }
  },
  {
   "type": "Feature",
   "geometry": {
    "type": "Point",
    "coordinates": [
     114.002753,
     22.45135
    ]
   },
   "properties": {
    "district_tc": "元朗區",
    "district_en": "Yuen Long",
    "location_tc": "天耀停車場",
    "location_en": "Tin Yiu Car Park",
    "address_en": "Tin Yiu Plaza, 2 Tin Wu Road, Tin Shui Wai, Yuen Long, New Territories",
    "std": 0,
    "medium": 18,
    "quick": 0,
    "fast": 0,
    "total": 18
   }
  },
  {
   "type": "Feature",
   "geometry": {
    "type": "Point",
    "coordinates": [
     114.008088,
     22.453857
    ]
   },
   "properties": {
    "district_tc": "元朗區",
    "district_en": "Yuen Long",
    "location_tc": "天慈停車場",
    "location_en": "Tin Tsz Car Park",
    "address_en": "Tin Tsz Shopping Centre, 9 Tin Hei Street, Tin Shui Wai, Yuen Long, New Territories",
    "std": 0,
    "medium": 18,
    "quick": 0,
    "fast": 0,
    "total": 18
   }
  },
  {
   "type": "Feature",
   "geometry": {
    "type": "Point",
    "coordinates": [
     114.173875,
     22.448533
    ]
   },
   "properties": {
    "district_tc": "大埔區",
    "district_en": "Tai Po",
    "location_tc": "廣褔停車場",
    "location_en": "Kwong Fuk Car Park",
    "address_en": "Kwong Fuk Commercial Centre, 28 Plover Cove Road, Tai Po, New Territories",
    "std": 0,
    "medium": 18,
    "quick": 0,
    "fast": 0,
    "total": 18
   }
  },
  {
   "type": "Feature",
   "geometry": {
    "type": "Point",
    "coordinates": [
     114.169807,
     22.455049
    ]
   },
   "properties": {
    "district_tc": "大埔區",
    "district_en": "Tai Po",
    "location_tc": "大元A停車場",
    "location_en": "Tai Yuen Car Park A",
    "address_en": "Tai Yuen Commercial Centre, 10 Ting Kok Road, Tai Po, New Territories",
    "std": 0,
    "medium": 10,
    "quick": 2,
    "fast": 0,
    "total": 12
   }
  },
  {
   "type": "Feature",
   "geometry": {
    "type": "Point",
    "coordinates": [
     114.185872,
     22.338482
    ]
   },
   "properties": {
    "district_tc": "黃大仙區",
    "district_en": "Wong Tai Sin",
    "location_tc": "樂富生活創庫停車場",
    "location_en": "Lok Fu UNY Car Park",
    "address_en": "Lok Fu Place, 198 Junction Road, Wang Tau Hom, Kowloon",
    "std": 0,
    "medium": 12,
    "quick": 8,
    "fast": 0,
    "total": 20
   }
  },
  {
   "type": "Feature",
   "geometry": {
    "type": "Point",
    "coordinates": [
     114.186961,
     22.335232
    ]
   },
   "properties": {
    "district_tc": "黃大仙區",
    "district_en": "Wong Tai Sin",
    "location_tc": "樂富邨停車場",
    "location_en": "Lok Fu Estate Car Park",
    "address_en": "Lok Fu Place, 198 Junction Road, Wang Tau Hom, Kowloon",
    "std": 0,
    "medium": 9,
    "quick": 0,
    "fast": 0,
    "total": 9
   }
  },
  {
   "type": "Feature",
   "geometry": {
    "type": "Point",
    "coordinates": [
     114.153289,
     22.328977
    ]
   },
   "properties": {
    "district_tc": "深水埗區",
    "district_en": "Sham Shui Po",
    "location_tc": "南昌薈停車場",
    "location_en": "Nam Cheong Place Car Park",
    "address_en": "Nam Cheong Place, 19 Sai Chuen Road, Sham Shui Po, Kowloon",
    "std": 0,
    "medium": 18,
    "quick": 6,
    "fast": 0,
    "total": 24
   }
  },
  {
   "type": "Feature",
   "geometry": {
    "type": "Point",
    "coordinates": [
     114.157698,
     22.326358
    ]
   },
   "properties": {
    "district_tc": "深水埗區",
    "district_en": "Sham Shui Po",
    "location_tc": "南昌停車場",
    "location_en": "Nam Cheong Car Park",
    "address_en": "Nam Cheong Estate Retail and Car Park, 3 Cheong San Lane, Sham Shui Po, Kowloon",
    "std": 0,
    "medium": 3,
    "quick": 0,
    "fast": 0,
    "total": 3
   }
  },
  {
   "type": "Feature",
   "geometry": {
    "type": "Point",
    "coordinates": [
     114.195506,
     22.346504
    ]
   },
   "properties": {
    "district_tc": "黃大仙區",
    "district_en": "Wong Tai Sin",
    "location_tc": "盈福停車場",
    "location_en": "Ying Fuk Car Park",
    "address_en": "Ying Fuk Court Retail and Car Park, 17 Wing Chuk Street, Wong Tai Sin, Kowloon",
    "std": 0,
    "medium": 9,
    "quick": 0,
    "fast": 0,
    "total": 9
   }
  },
  {
   "type": "Feature",
   "geometry": {
    "type": "Point",
    "coordinates": [
     114.234771,
     22.317989
    ]
   },
   "properties": {
    "district_tc": "觀塘區",
    "district_en": "Kwun Tong",
    "location_tc": "秀茂坪15期停車場",
    "location_en": "Sau Mau Ping Phase 15 Car Park",
    "address_en": "Sau Mau Ping Shopping Centre, 101 Sau Ming Road, Sau Mau Ping, Kwun Tong, Kowloon",
    "std": 0,
    "medium": 27,
    "quick": 0,
    "fast": 0,
    "total": 27
   }
  },
  {
   "type": "Feature",
   "geometry": {
    "type": "Point",
    "coordinates": [
     114.236143,
     22.317872
    ]
   },
   "properties": {
    "district_tc": "觀塘區",
    "district_en": "Kwun Tong",
    "location_tc": "寶達 A停車場",
    "location_en": "Po Tat Car Park A",
    "address_en": "Po Tat Shopping Centre, 2 Po Lam Road, Sau Mau Ping, Kwun Tong, Kowloon",
    "std": 0,
    "medium": 51,
    "quick": 2,
    "fast": 0,
    "total": 53
   }
  },
  {
   "type": "Feature",
   "geometry": {
    "type": "Point",
    "coordinates": [
     114.101831,
     22.361
    ]
   },
   "properties": {
    "district_tc": "葵青區",
    "district_en": "Kwai Tsing",
    "location_tc": "長安1期停車場",
    "location_en": "Cheung On Phase 1 Car Park",
    "address_en": "Cheung On Estate Retail and Car Park, 1 Tam Kon Shan Road, Tsing Yi, New Territories",
    "std": 0,
    "medium": 6,
    "quick": 0,
    "fast": 0,
    "total": 6
   }
  },
  {
   "type": "Feature",
   "geometry": {
    "type": "Point",
    "coordinates": [
     114.220744,
     22.320473
    ]
   },
   "properties": {
    "district_tc": "觀塘區",
    "district_en": "Kwun Tong",
    "location_tc": "樂華南停車場",
    "location_en": "Lok Wah South Car Park",
    "address_en": "Lok Wah (South) Estate Retail and Car Park, 70 Chun Wah Road, Ngau Tau Kwok, Kwun Tong, Kowloon",
    "std": 0,
    "medium": 18,
    "quick": 0,
    "fast": 0,
    "total": 18
   }
  },
  {
   "type": "Feature",
   "geometry": {
    "type": "Point",
    "coordinates": [
     114.219897,
     22.321666
    ]
   },
   "properties": {
    "district_tc": "觀塘區",
    "district_en": "Kwun Tong",
    "location_tc": "樂華北A停車場",
    "location_en": "Lok Wah North Car Park A",
    "address_en": "Lok Wah Commercial Centre, 70 Chun Wah Road, Ngau Tau Kwok, Kwun Tong, Kowloon",
    "std": 0,
    "medium": 9,
    "quick": 2,
    "fast": 0,
    "total": 11
   }
  },
  {
   "type": "Feature",
   "geometry": {
    "type": "Point",
    "coordinates": [
     114.219932,
     22.322173
    ]
   },
   "properties": {
    "district_tc": "觀塘區",
    "district_en": "Kwun Tong",
    "location_tc": "樂華北B停車場",
    "location_en": "Lok Wah North Car Park B",
    "address_en": "Lok Wah Commercial Centre, 70 Chun Wah Road, Ngau Tau Kwok, Kwun Tong, Kowloon",
    "std": 0,
    "medium": 16,
    "quick": 0,
    "fast": 0,
    "total": 16
   }
  },
  {
   "type": "Feature",
   "geometry": {
    "type": "Point",
    "coordinates": [
     114.229106,
     22.313236
    ]
   },
   "properties": {
    "district_tc": "觀塘區",
    "district_en": "Kwun Tong",
    "location_tc": "翠屏北 1 號停車場",
    "location_en": "Tsui Ping North Car Park 1",
    "address_en": "Tsui Ping North Shopping Circuit, 18 Tsui Ping Road, Kwun Tong, Kowloon",
    "std": 0,
    "medium": 9,
    "quick": 0,
    "fast": 0,
    "total": 9
   }
  },
  {
   "type": "Feature",
   "geometry": {
    "type": "Point",
    "coordinates": [
     114.20095,
     22.347704
    ]
   },
   "properties": {
    "district_tc": "黃大仙區",
    "district_en": "Wong Tai Sin",
    "location_tc": "慈雲山中心A停車場",
    "location_en": "Tsz Wan Shan SC Car Park A",
    "address_en": "Tsz Wan Shan Shopping Centre, 23 Yuk Wah Street, Tsz Wan Shan, Kowloon",
    "std": 0,
    "medium": 38,
    "quick": 2,
    "fast": 0,
    "total": 40
   }
  },
  {
   "type": "Feature",
   "geometry": {
    "type": "Point",
    "coordinates": [
     114.199616,
     22.349401
    ]
   },
   "properties": {
    "district_tc": "黃大仙區",
    "district_en": "Wong Tai Sin",
    "location_tc": "慈愛停車場",
    "location_en": "Tsz Oi Car Park",
    "address_en": "Tsz Oi Court Retail and Car Park, 2 Wan Wah Street, Tsz Wan Shan, Kowloon",
    "std": 0,
    "medium": 9,
    "quick": 0,
    "fast": 0,
    "total": 9
   }
  },
  {
   "type": "Feature",
   "geometry": {
    "type": "Point",
    "coordinates": [
     114.201173,
     22.34429
    ]
   },
   "properties": {
    "district_tc": "黃大仙區",
    "district_en": "Wong Tai Sin",
    "location_tc": "鳳德停車場",
    "location_en": "Fung Tak Car Park A",
    "address_en": "Fung Tak Shopping Centre, 111 Fung Tak Road, Diamond Hill, Kowloon",
    "std": 0,
    "medium": 20,
    "quick": 6,
    "fast": 0,
    "total": 26
   }
  },
  {
   "type": "Feature",
   "geometry": {
    "type": "Point",
    "coordinates": [
     114.199753,
     22.346302
    ]
   },
   "properties": {
    "district_tc": "黃大仙區",
    "district_en": "Wong Tai Sin",
    "location_tc": "慈雲山中心D停車場",
    "location_en": "Tsz Wan Shan SC Car Park D",
    "address_en": "Tsz Wan Shan Shopping Centre, 23 Yuk Wah Street, Tsz Wan Shan, Kowloon",
    "std": 0,
    "medium": 9,
    "quick": 0,
    "fast": 0,
    "total": 9
   }
  },
  {
   "type": "Feature",
   "geometry": {
    "type": "Point",
    "coordinates": [
     114.214223,
     22.334345
    ]
   },
   "properties": {
    "district_tc": "黃大仙區",
    "district_en": "Wong Tai Sin",
    "location_tc": "彩雲B,C停車場",
    "location_en": "Choi Wan Car Park B & C",
    "address_en": "Choi Wan Commercial Complex, 45 Clear Water Bay Road, Ngau Chi Wan, Kowloon",
    "std": 0,
    "medium": 30,
    "quick": 0,
    "fast": 0,
    "total": 30
   }
  },
  {
   "type": "Feature",
   "geometry": {
    "type": "Point",
    "coordinates": [
     114.224626,
     22.333161
    ]
   },
   "properties": {
    "district_tc": "觀塘區",
    "district_en": "Kwun Tong",
    "location_tc": "順利 (佐敦谷公園) 停車場",
    "location_en": "Shun Lee (Jordan Valley Park) Car Park",
    "address_en": "Shun Lee Commercial Centre, 15 Lee On Road, Kwun Tong, Kowloon",
    "std": 0,
    "medium": 9,
    "quick": 0,
    "fast": 0,
    "total": 9
   }
  },
  {
   "type": "Feature",
   "geometry": {
    "type": "Point",
    "coordinates": [
     114.225355,
     22.331751
    ]
   },
   "properties": {
    "district_tc": "觀塘區",
    "district_en": "Kwun Tong",
    "location_tc": "順利街市停車場",
    "location_en": "Shun Lee Fresh Market Car Park",
    "address_en": "Shun Lee Commercial Centre, 15 Lee On Road, Kwun Tong, Kowloon",
    "std": 0,
    "medium": 6,
    "quick": 10,
    "fast": 0,
    "total": 16
   }
  },
  {
   "type": "Feature",
   "geometry": {
    "type": "Point",
    "coordinates": [
     114.226715,
     22.33008
    ]
   },
   "properties": {
    "district_tc": "觀塘區",
    "district_en": "Kwun Tong",
    "location_tc": "順利(商場)停車場",
    "location_en": "Shun Lee (Shopping Centre) Car Park",
    "address_en": "Shun Lee Commercial Centre, 15 Lee On Road, Kwun Tong, Kowloon",
    "std": 0,
    "medium": 1,
    "quick": 4,
    "fast": 1,
    "total": 6
   }
  },
  {
   "type": "Feature",
   "geometry": {
    "type": "Point",
    "coordinates": [
     114.22652,
     22.328343
    ]
   },
   "properties": {
    "district_tc": "觀塘區",
    "district_en": "Kwun Tong",
    "location_tc": "順安停車場",
    "location_en": "Shun On Car Park",
    "address_en": "Shun On Commercial Centre, 1 Lee On Road, Kwun Tong, Kowloon",
    "std": 0,
    "medium": 4,
    "quick": 0,
    "fast": 0,
    "total": 4
   }
  },
  {
   "type": "Feature",
   "geometry": {
    "type": "Point",
    "coordinates": [
     114.181846,
     22.315203
    ]
   },
   "properties": {
    "district_tc": "九龍城區",
    "district_en": "Kowloon City",
    "location_tc": "何文田停車場",
    "location_en": "Homantin Car Park",
    "address_en": "Homantin Plaza, 80 Fat Kwong Street, Ho Man Tin, Kowloon",
    "std": 0,
    "medium": 15,
    "quick": 0,
    "fast": 0,
    "total": 15
   }
  },
  {
   "type": "Feature",
   "geometry": {
    "type": "Point",
    "coordinates": [
     113.963193,
     22.37568
    ]
   },
   "properties": {
    "district_tc": "屯門區",
    "district_en": "Tuen Mun",
    "location_tc": "蝴蝶停車場",
    "location_en": "Butterfly Car Park",
    "address_en": "Butterfly Plaza, 1 Wu Chui Road, Tuen Mun, New Territories",
    "std": 0,
    "medium": 27,
    "quick": 0,
    "fast": 0,
    "total": 27
   }
  },
  {
   "type": "Feature",
   "geometry": {
    "type": "Point",
    "coordinates": [
     113.978527,
     22.380657
    ]
   },
   "properties": {
    "district_tc": "屯門區",
    "district_en": "Tuen Mun",
    "location_tc": "三聖停車場",
    "location_en": "Sam Shing Car Park",
    "address_en": "Sam Shing Commercial Centre, 6 Sam Shing Street, Tuen Mun,  New Territories",
    "std": 0,
    "medium": 12,
    "quick": 0,
    "fast": 0,
    "total": 12
   }
  },
  {
   "type": "Feature",
   "geometry": {
    "type": "Point",
    "coordinates": [
     114.150743,
     22.339688
    ]
   },
   "properties": {
    "district_tc": "深水埗區",
    "district_en": "Sham Shui Po",
    "location_tc": "半島大廈",
    "location_en": "Peninsula Tower",
    "address_en": "538 Castle Peak Road, Cheung Sha Wan",
    "std": 0,
    "medium": 0,
    "quick": 2,
    "fast": 0,
    "total": 2
   }
  },
  {
   "type": "Feature",
   "geometry": {
    "type": "Point",
    "coordinates": [
     114.130964,
     22.363772
    ]
   },
   "properties": {
    "district_tc": "葵青區",
    "district_en": "Kwai Tsing",
    "location_tc": "新葵興廣場",
    "location_en": "Sun Kwai Hing Plaza",
    "address_en": "166-174 Hing Fong Road, Kwai Chung",
    "std": 0,
    "medium": 0,
    "quick": 2,
    "fast": 0,
    "total": 2
   }
  },
  {
   "type": "Feature",
   "geometry": {
    "type": "Point",
    "coordinates": [
     114.197201,
     22.33669
    ]
   },
   "properties": {
    "district_tc": "黃大仙區",
    "district_en": "Wong Tai Sin",
    "location_tc": "新科技廣場",
    "location_en": "New Tech Plaza",
    "address_en": "34 Tai Yau Street, San Po Kong",
    "std": 0,
    "medium": 0,
    "quick": 2,
    "fast": 0,
    "total": 2
   }
  },
  {
   "type": "Feature",
   "geometry": {
    "type": "Point",
    "coordinates": [
     114.146437,
     22.33285
    ]
   },
   "properties": {
    "district_tc": "深水埗區",
    "district_en": "Sham Shui Po",
    "location_tc": "海麗邨停車場",
    "location_en": "Hoi Lai Estate Car Park",
    "address_en": "100 Sham Mong Road, Cheung Sha Wan, Kowloon, HK",
    "std": 0,
    "medium": 10,
    "quick": 0,
    "fast": 0,
    "total": 10
   }
  },
  {
   "type": "Feature",
   "geometry": {
    "type": "Point",
    "coordinates": [
     114.104421,
     22.361907
    ]
   },
   "properties": {
    "district_tc": "葵青區",
    "district_en": "Kwai Tsing",
    "location_tc": "青宏停車場",
    "location_en": "Ching Wang Court Car Park",
    "address_en": "Ching Wang Court Car Park, 1 Nga Ying Chau Street, Tsing Yi,  New Territories",
    "std": 0,
    "medium": 22,
    "quick": 0,
    "fast": 0,
    "total": 22
   }
  },
  {
   "type": "Feature",
   "geometry": {
    "type": "Point",
    "coordinates": [
     114.004349,
     22.457275
    ]
   },
   "properties": {
    "district_tc": "元朗區",
    "district_en": "Yuen Long",
    "location_tc": "嘉湖2期停車場",
    "location_en": "+WOO Phase 2 Car Park",
    "address_en": "12-18 Tin Yan Road, Tin Shui Wai, Yuen Long, NT",
    "std": 0,
    "medium": 10,
    "quick": 4,
    "fast": 0,
    "total": 14
   }
  },
  {
   "type": "Feature",
   "geometry": {
    "type": "Point",
    "coordinates": [
     114.242386,
     22.268238
    ]
   },
   "properties": {
    "district_tc": "東區",
    "district_en": "Eastern",
    "location_tc": "柴灣工業城二期",
    "location_en": "Chai Wan Industrial City Phase II",
    "address_en": "70 Wing Tai Road, Chai Wan, Hong Kong",
    "std": 0,
    "medium": 0,
    "quick": 6,
    "fast": 0,
    "total": 6
   }
  },
  {
   "type": "Feature",
   "geometry": {
    "type": "Point",
    "coordinates": [
     114.209363,
     22.427248
    ]
   },
   "properties": {
    "district_tc": "沙田區",
    "district_en": "Sha Tin",
    "location_tc": "科學園停車場 P3",
    "location_en": "Science Park Car Park P3",
    "address_en": "12 Science Park West Avenue",
    "std": 340,
    "medium": 6,
    "quick": 4,
    "fast": 0,
    "total": 350
   }
  },
  {
   "type": "Feature",
   "geometry": {
    "type": "Point",
    "coordinates": [
     114.149879,
     22.270254
    ]
   },
   "properties": {
    "district_tc": "中西區",
    "district_en": "Central & Western",
    "location_tc": "山頂廣場",
    "location_en": "Peak Galleria",
    "address_en": "118 Peak Road",
    "std": 0,
    "medium": 3,
    "quick": 2,
    "fast": 0,
    "total": 5
   }
  },
  {
   "type": "Feature",
   "geometry": {
    "type": "Point",
    "coordinates": [
     114.233414,
     22.315714
    ]
   },
   "properties": {
    "district_tc": "觀塘區",
    "district_en": "Kwun Tong",
    "location_tc": "秀茂坪1期停車場",
    "location_en": "Sau Mau Ping Phase 1 Car Park",
    "address_en": "Sau Mau Ping Shopping Centre, 101 Sau Ming Road, Sau Mau Ping,  Kwun Tong, Kowloon",
    "std": 0,
    "medium": 12,
    "quick": 0,
    "fast": 0,
    "total": 12
   }
  },
  {
   "type": "Feature",
   "geometry": {
    "type": "Point",
    "coordinates": [
     114.047746,
     22.316644
    ]
   },
   "properties": {
    "district_tc": "荃灣區",
    "district_en": "Tsuen Wan",
    "location_tc": "香港迪士尼樂園私家車停車場",
    "location_en": "Hong Kong Disneyland Car Park",
    "address_en": "Hong Kong Disneyland Resort, Lautau Island, Hong Kong",
    "std": 0,
    "medium": 8,
    "quick": 0,
    "fast": 0,
    "total": 8
   }
  },
  {
   "type": "Feature",
   "geometry": {
    "type": "Point",
    "coordinates": [
     114.138306,
     22.372139
    ]
   },
   "properties": {
    "district_tc": "葵青區",
    "district_en": "Kwai Tsing",
    "location_tc": "寧峰停車場",
    "location_en": "Ning Fung Car Park",
    "address_en": "Ning Fung Court Car Park, 99 Lei Muk Road, Kwai Chung,  New Territories",
    "std": 0,
    "medium": 13,
    "quick": 0,
    "fast": 0,
    "total": 13
   }
  },
  {
   "type": "Feature",
   "geometry": {
    "type": "Point",
    "coordinates": [
     114.217536,
     22.31848
    ]
   },
   "properties": {
    "district_tc": "觀塘區",
    "district_en": "Kwun Tong",
    "location_tc": "牛頭角上邨停車場",
    "location_en": "Upper Ngau Tau Kok Car Park",
    "address_en": "Upper Ngau Tau Kok Estate Car Park, 15 On Tak Road, Ngau Tau Kwok,  Kwun Tong, Kowloon",
    "std": 0,
    "medium": 44,
    "quick": 0,
    "fast": 0,
    "total": 44
   }
  },
  {
   "type": "Feature",
   "geometry": {
    "type": "Point",
    "coordinates": [
     114.02845,
     22.442671
    ]
   },
   "properties": {
    "district_tc": "元朗區",
    "district_en": "Yuen Long",
    "location_tc": "元朗千色匯",
    "location_en": "KOLOUR • Yuen Long",
    "address_en": "1 Kau Yuk Road, Yuen Long",
    "std": 0,
    "medium": 8,
    "quick": 4,
    "fast": 0,
    "total": 12
   }
  },
  {
   "type": "Feature",
   "geometry": {
    "type": "Point",
    "coordinates": [
     114.10731,
     22.35574
    ]
   },
   "properties": {
    "district_tc": "葵青區",
    "district_en": "Kwai Tsing",
    "location_tc": "青衣運動場及游泳池停車場",
    "location_en": "Tsing Yi Sports Ground and Swimming Pool Car Park",
    "address_en": "51 Tsing King Road, Tsing Yi",
    "std": 0,
    "medium": 3,
    "quick": 0,
    "fast": 0,
    "total": 3
   }
  },
  {
   "type": "Feature",
   "geometry": {
    "type": "Point",
    "coordinates": [
     114.192558,
     22.288479
    ]
   },
   "properties": {
    "district_tc": "東區",
    "district_en": "Eastern",
    "location_tc": "友邦廣場停車場",
    "location_en": "AIA Tower Car Park",
    "address_en": "183 Electric Road, North Point, Hong Kong",
    "std": 0,
    "medium": 15,
    "quick": 2,
    "fast": 0,
    "total": 17
   }
  },
  {
   "type": "Feature",
   "geometry": {
    "type": "Point",
    "coordinates": [
     114.173148,
     22.295469
    ]
   },
   "properties": {
    "district_tc": "油尖旺區",
    "district_en": "Yau Tsim Mong",
    "location_tc": "H Zentre 中間道",
    "location_en": "H Zentre Middle Road",
    "address_en": "15 Middle Road, Tsim Sha Tsui",
    "std": 0,
    "medium": 165,
    "quick": 6,
    "fast": 0,
    "total": 171
   }
  },
  {
   "type": "Feature",
   "geometry": {
    "type": "Point",
    "coordinates": [
     114.164642,
     22.246014
    ]
   },
   "properties": {
    "district_tc": "南區",
    "district_en": "Southern",
    "location_tc": "珍寶閣",
    "location_en": "Jumbo Court",
    "address_en": "3 Welfare Road, Aberdeen, Hong Kong",
    "std": 0,
    "medium": 0,
    "quick": 10,
    "fast": 0,
    "total": 10
   }
  },
  {
   "type": "Feature",
   "geometry": {
    "type": "Point",
    "coordinates": [
     114.098618,
     22.361475
    ]
   },
   "properties": {
    "district_tc": "葵青區",
    "district_en": "Kwai Tsing",
    "location_tc": "青衣東北公園",
    "location_en": "Tsing Yi Northeast Park",
    "address_en": "10 Tam Kon Shan Road, Tsing Yi",
    "std": 0,
    "medium": 6,
    "quick": 0,
    "fast": 0,
    "total": 6
   }
  },
  {
   "type": "Feature",
   "geometry": {
    "type": "Point",
    "coordinates": [
     114.207716,
     22.38961
    ]
   },
   "properties": {
    "district_tc": "沙田區",
    "district_en": "Sha Tin",
    "location_tc": "企業中心",
    "location_en": "Corporation Park",
    "address_en": "11 On Lai Street, Shatin",
    "std": 0,
    "medium": 2,
    "quick": 4,
    "fast": 4,
    "total": 10
   }
  },
  {
   "type": "Feature",
   "geometry": {
    "type": "Point",
    "coordinates": [
     114.210686,
     22.341402
    ]
   },
   "properties": {
    "district_tc": "黃大仙區",
    "district_en": "Wong Tai Sin",
    "location_tc": "瓊麗停車場",
    "location_en": "King Lai Car Park",
    "address_en": "King Lai Court Car Park, 36 - 38 Fung Shing Street, Wong Tai Sin,  Kowloon",
    "std": 0,
    "medium": 12,
    "quick": 0,
    "fast": 0,
    "total": 12
   }
  },
  {
   "type": "Feature",
   "geometry": {
    "type": "Point",
    "coordinates": [
     114.194009,
     22.377968
    ]
   },
   "properties": {
    "district_tc": "沙田區",
    "district_en": "Sha Tin",
    "location_tc": "沙角1號停車場",
    "location_en": "Sha Kok Car Park 1",
    "address_en": "Sha Kok Commercial Centre, 5 Sha Kok Street, Sha Tin,  New Territories",
    "std": 0,
    "medium": 9,
    "quick": 4,
    "fast": 0,
    "total": 13
   }
  },
  {
   "type": "Feature",
   "geometry": {
    "type": "Point",
    "coordinates": [
     114.212755,
     22.287562
    ]
   },
   "properties": {
    "district_tc": "東區",
    "district_en": "Eastern",
    "location_tc": "太古坊一座",
    "location_en": "One Taikoo Place",
    "address_en": "979 King's Road, Quarry Bay, Hong Kong",
    "std": 0,
    "medium": 6,
    "quick": 0,
    "fast": 0,
    "total": 6
   }
  },
  {
   "type": "Feature",
   "geometry": {
    "type": "Point",
    "coordinates": [
     114.165757,
     22.332975
    ]
   },
   "properties": {
    "district_tc": "深水埗區",
    "district_en": "Sham Shui Po",
    "location_tc": "石硤尾邨",
    "location_en": "Shek Kip Mei Estate",
    "address_en": "Nam Cheong Street, Shek Kip Mei, Kowloon",
    "std": 0,
    "medium": 10,
    "quick": 0,
    "fast": 0,
    "total": 10
   }
  },
  {
   "type": "Feature",
   "geometry": {
    "type": "Point",
    "coordinates": [
     114.062881,
     22.434347
    ]
   },
   "properties": {
    "district_tc": "元朗區",
    "district_en": "Yuen Long",
    "location_tc": "錦上路車站停車場",
    "location_en": "Kam Sheung Road Station Car Park",
    "address_en": "No. 29 Kam Ho Road, Kam Tin, Yuen Long, New Territories.",
    "std": 0,
    "medium": 183,
    "quick": 5,
    "fast": 0,
    "total": 188
   }
  },
  {
   "type": "Feature",
   "geometry": {
    "type": "Point",
    "coordinates": [
     114.116095,
     22.361627
    ]
   },
   "properties": {
    "district_tc": "葵青區",
    "district_en": "Kwai Tsing",
    "location_tc": "崇利中心",
    "location_en": "Sunley Centre",
    "address_en": "9 Wing Yin Street, Tsuen Wan, New Territories",
    "std": 0,
    "medium": 0,
    "quick": 4,
    "fast": 0,
    "total": 4
   }
  },
  {
   "type": "Feature",
   "geometry": {
    "type": "Point",
    "coordinates": [
     114.038086,
     22.443537
    ]
   },
   "properties": {
    "district_tc": "元朗區",
    "district_en": "Yuen Long",
    "location_tc": "元政路",
    "location_en": "Yuen Ching Road",
    "address_en": "Yuen Ching Road, Shap Pat Heung, Yuen Long, New Territories",
    "std": 0,
    "medium": 0,
    "quick": 6,
    "fast": 0,
    "total": 6
   }
  },
  {
   "type": "Feature",
   "geometry": {
    "type": "Point",
    "coordinates": [
     114.159637,
     22.301578
    ]
   },
   "properties": {
    "district_tc": "油尖旺區",
    "district_en": "Yau Tsim Mong",
    "location_tc": "M+ 停車場",
    "location_en": "M+ Car Park",
    "address_en": "West Kowloon Cultural District, No.38 Museum Drive, Kowloon, Hong Kong",
    "std": 0,
    "medium": 13,
    "quick": 0,
    "fast": 4,
    "total": 17
   }
  },
  {
   "type": "Feature",
   "geometry": {
    "type": "Point",
    "coordinates": [
     114.183233,
     22.30304
    ]
   },
   "properties": {
    "district_tc": "油尖旺區",
    "district_en": "Yau Tsim Mong",
    "location_tc": "國際都會2期停車場",
    "location_en": "The Metropolis 2 Car Park",
    "address_en": "6-8 Metropolis Drive, Hung Hom, Kowloon",
    "std": 0,
    "medium": 4,
    "quick": 4,
    "fast": 0,
    "total": 8
   }
  },
  {
   "type": "Feature",
   "geometry": {
    "type": "Point",
    "coordinates": [
     114.224661,
     22.320615
    ]
   },
   "properties": {
    "district_tc": "觀塘區",
    "district_en": "Kwun Tong",
    "location_tc": "康寧道公園",
    "location_en": "Hong Ning Road Park",
    "address_en": "Junction between Hong Ning Road and Wo Hong Path, Kwun Tong, KL",
    "std": 0,
    "medium": 6,
    "quick": 0,
    "fast": 0,
    "total": 6
   }
  },
  {
   "type": "Feature",
   "geometry": {
    "type": "Point",
    "coordinates": [
     114.208171,
     22.42748
    ]
   },
   "properties": {
    "district_tc": "沙田區",
    "district_en": "Sha Tin",
    "location_tc": "科學園停車場 P4",
    "location_en": "Science Park Car Park P4",
    "address_en": "19 Science Park West Avenue",
    "std": 182,
    "medium": 59,
    "quick": 6,
    "fast": 0,
    "total": 247
   }
  },
  {
   "type": "Feature",
   "geometry": {
    "type": "Point",
    "coordinates": [
     114.155543,
     22.301593
    ]
   },
   "properties": {
    "district_tc": "油尖旺區",
    "district_en": "Yau Tsim Mong",
    "location_tc": "香港故宮文化博物館停車場",
    "location_en": "Hong Kong Palace Museum Car Park",
    "address_en": "8 Museum Drive, HKPM, WKCD, Kowloon, Hong Kong",
    "std": 0,
    "medium": 10,
    "quick": 3,
    "fast": 0,
    "total": 13
   }
  },
  {
   "type": "Feature",
   "geometry": {
    "type": "Point",
    "coordinates": [
     114.110268,
     22.368951
    ]
   },
   "properties": {
    "district_tc": "荃灣區",
    "district_en": "Tsuen Wan",
    "location_tc": "新界荃灣海貴路",
    "location_en": "Hoi Kwai Road, Tsuen Wan",
    "address_en": "1570 Tsuen Wan -\nHoi Kwai Road, Tsuen Wan, New Territories",
    "std": 0,
    "medium": 0,
    "quick": 2,
    "fast": 4,
    "total": 6
   }
  },
  {
   "type": "Feature",
   "geometry": {
    "type": "Point",
    "coordinates": [
     114.216822,
     22.333335
    ]
   },
   "properties": {
    "district_tc": "黃大仙區",
    "district_en": "Wong Tai Sin",
    "location_tc": "彩雲(二)邨停車場",
    "location_en": "Choi Wan (II) Estate Car Park",
    "address_en": "No. 55 Clear Water Bay Road Wong Tai Sin Kowloon",
    "std": 0,
    "medium": 2,
    "quick": 0,
    "fast": 0,
    "total": 2
   }
  },
  {
   "type": "Feature",
   "geometry": {
    "type": "Point",
    "coordinates": [
     114.128944,
     22.49558
    ]
   },
   "properties": {
    "district_tc": "北區",
    "district_en": "North",
    "location_tc": "清濤苑停車場",
    "location_en": "Ching Tao Court Carpark",
    "address_en": "Chiu Hiu Road, Sheung Shui, New Territories",
    "std": 0,
    "medium": 13,
    "quick": 0,
    "fast": 0,
    "total": 13
   }
  },
  {
   "type": "Feature",
   "geometry": {
    "type": "Point",
    "coordinates": [
     114.239624,
     22.296045
    ]
   },
   "properties": {
    "district_tc": "觀塘區",
    "district_en": "Kwun Tong",
    "location_tc": "油美苑停車場",
    "location_en": "Yau Mei Court Carpark",
    "address_en": "Yau Mei Court, Yau Tong",
    "std": 0,
    "medium": 1,
    "quick": 0,
    "fast": 0,
    "total": 1
   }
  },
  {
   "type": "Feature",
   "geometry": {
    "type": "Point",
    "coordinates": [
     114.209142,
     22.333587
    ]
   },
   "properties": {
    "district_tc": "觀塘區",
    "district_en": "Kwun Tong",
    "location_tc": "坪石邨停車場",
    "location_en": "Ping Shek Estate Car Park",
    "address_en": "2 Clear Water Bay Road, Ngau Tau Kok",
    "std": 0,
    "medium": 3,
    "quick": 0,
    "fast": 0,
    "total": 3
   }
  },
  {
   "type": "Feature",
   "geometry": {
    "type": "Point",
    "coordinates": [
     114.202763,
     22.331978
    ]
   },
   "properties": {
    "district_tc": "九龍城區",
    "district_en": "Kowloon City",
    "location_tc": "啟晴邨停車場",
    "location_en": "Kai Ching Estate Car Park",
    "address_en": "Kai Ching Estate, No.12 Muk Hung Street, Kowloon City, Kowloon",
    "std": 16,
    "medium": 7,
    "quick": 0,
    "fast": 0,
    "total": 23
   }
  },
  {
   "type": "Feature",
   "geometry": {
    "type": "Point",
    "coordinates": [
     114.15657,
     22.248346
    ]
   },
   "properties": {
    "district_tc": "南區",
    "district_en": "Southern",
    "location_tc": "漁暉苑停車場",
    "location_en": "Yue Fai Court Carpark",
    "address_en": "YUE KWONG RD 45",
    "std": 0,
    "medium": 2,
    "quick": 0,
    "fast": 0,
    "total": 2
   }
  },
  {
   "type": "Feature",
   "geometry": {
    "type": "Point",
    "coordinates": [
     114.19834,
     22.33117
    ]
   },
   "properties": {
    "district_tc": "九龍城區",
    "district_en": "Kowloon City",
    "location_tc": "Airside",
    "location_en": "Airside",
    "address_en": "2 Concorde Road, Kai Tak, Kowloon, Hong Kong",
    "std": 566,
    "medium": 259,
    "quick": 29,
    "fast": 1,
    "total": 855
   }
  },
  {
   "type": "Feature",
   "geometry": {
    "type": "Point",
    "coordinates": [
     114.164056,
     22.340747
    ]
   },
   "properties": {
    "district_tc": "深水埗區",
    "district_en": "Sham Shui Po",
    "location_tc": "澤安邨停車場",
    "location_en": "Chak On Estate Car Park",
    "address_en": "Chak On Estate, 1 Chak On Rd, Shek Kip Mei",
    "std": 0,
    "medium": 3,
    "quick": 0,
    "fast": 0,
    "total": 3
   }
  },
  {
   "type": "Feature",
   "geometry": {
    "type": "Point",
    "coordinates": [
     113.999355,
     22.469236
    ]
   },
   "properties": {
    "district_tc": "元朗區",
    "district_en": "Yuen Long",
    "location_tc": "天恒邨停車場",
    "location_en": "Tin Heng Estate Car Park",
    "address_en": "Tin Heng Estate, 83 Tin Shui Rd, Tin Shui Wai",
    "std": 0,
    "medium": 5,
    "quick": 0,
    "fast": 0,
    "total": 5
   }
  },
  {
   "type": "Feature",
   "geometry": {
    "type": "Point",
    "coordinates": [
     114.150054,
     22.329488
    ]
   },
   "properties": {
    "district_tc": "深水埗區",
    "district_en": "Sham Shui Po",
    "location_tc": "海達邨停車場",
    "location_en": "Hoi Tat Estate carpark",
    "address_en": "Sham Mong Road  No.38",
    "std": 0,
    "medium": 5,
    "quick": 0,
    "fast": 0,
    "total": 5
   }
  },
  {
   "type": "Feature",
   "geometry": {
    "type": "Point",
    "coordinates": [
     114.204294,
     22.32893
    ]
   },
   "properties": {
    "district_tc": "九龍城區",
    "district_en": "Kowloon City",
    "location_tc": "德朗邨A停車場",
    "location_en": "Tak Long Estate Carpark A",
    "address_en": "Shing Kai Road, Kowloon City, Kowloon",
    "std": 9,
    "medium": 12,
    "quick": 0,
    "fast": 0,
    "total": 21
   }
  },
  {
   "type": "Feature",
   "geometry": {
    "type": "Point",
    "coordinates": [
     114.108287,
     22.345374
    ]
   },
   "properties": {
    "district_tc": "葵青區",
    "district_en": "Kwai Tsing",
    "location_tc": "長青邨停車場",
    "location_en": "Cheung Ching Estate Car Park",
    "address_en": "CHING HONG ROAD, TSING YI",
    "std": 0,
    "medium": 30,
    "quick": 2,
    "fast": 0,
    "total": 32
   }
  },
  {
   "type": "Feature",
   "geometry": {
    "type": "Point",
    "coordinates": [
     113.953005,
     22.296927
    ]
   },
   "properties": {
    "district_tc": "離島區",
    "district_en": "Islands",
    "location_tc": "迎東邨停車場",
    "location_en": "Ying Tung Estate Carpark",
    "address_en": "12 YING TUNG ROAD",
    "std": 5,
    "medium": 0,
    "quick": 0,
    "fast": 0,
    "total": 5
   }
  },
  {
   "type": "Feature",
   "geometry": {
    "type": "Point",
    "coordinates": [
     114.173751,
     22.282904
    ]
   },
   "properties": {
    "district_tc": "灣仔區",
    "district_en": "Wan Chai",
    "location_tc": "會展(博覽道中)停車場",
    "location_en": "HKCEC (Expo Drive Central) Car Park",
    "address_en": "1 Expo Drive Central, Wanchai, Hong Kong",
    "std": 0,
    "medium": 5,
    "quick": 8,
    "fast": 0,
    "total": 13
   }
  },
  {
   "type": "Feature",
   "geometry": {
    "type": "Point",
    "coordinates": [
     114.157493,
     22.328535
    ]
   },
   "properties": {
    "district_tc": "深水埗區",
    "district_en": "Sham Shui Po",
    "location_tc": "通州街停車場",
    "location_en": "Tung Chau Street",
    "address_en": "Tung Chau Street, Sham Shui Po",
    "std": 0,
    "medium": 0,
    "quick": 8,
    "fast": 0,
    "total": 8
   }
  },
  {
   "type": "Feature",
   "geometry": {
    "type": "Point",
    "coordinates": [
     114.200843,
     22.332675
    ]
   },
   "properties": {
    "district_tc": "九龍城區",
    "district_en": "Kowloon City",
    "location_tc": "雙子匯1座停車場",
    "location_en": "The Twins Carpark Tower I",
    "address_en": "12 Concorde Road, Kai Tak, San Po Kong, Kowloon",
    "std": 197,
    "medium": 73,
    "quick": 0,
    "fast": 0,
    "total": 270
   }
  },
  {
   "type": "Feature",
   "geometry": {
    "type": "Point",
    "coordinates": [
     113.942543,
     22.318381
    ]
   },
   "properties": {
    "district_tc": "離島區",
    "district_en": "Islands",
    "location_tc": "K11 Atelier 11 SKIES 北停車場",
    "location_en": "K11 Atelier 11 SKIES North Car Park",
    "address_en": "6 Sky City Road East, Hong Kong International Airport",
    "std": 0,
    "medium": 28,
    "quick": 0,
    "fast": 0,
    "total": 28
   }
  },
  {
   "type": "Feature",
   "geometry": {
    "type": "Point",
    "coordinates": [
     113.942501,
     22.316861
    ]
   },
   "properties": {
    "district_tc": "離島區",
    "district_en": "Islands",
    "location_tc": "11 SKIES 南停車場",
    "location_en": "11 SKIES South Car Park",
    "address_en": "8 Sky City Road East, Hong Kong International Airport",
    "std": 0,
    "medium": 222,
    "quick": 14,
    "fast": 0,
    "total": 236
   }
  },
  {
   "type": "Feature",
   "geometry": {
    "type": "Point",
    "coordinates": [
     114.175831,
     22.308455
    ]
   },
   "properties": {
    "district_tc": "油尖旺區",
    "district_en": "Yau Tsim Mong",
    "location_tc": "伊利沙伯醫院訪客停車場",
    "location_en": "Queen Elizabeth Hospital Visitor Carpark",
    "address_en": "1/F, Blcok T, Queen Elizabeth Hospital, 30 Gascoigne Road, Kwoloon",
    "std": 0,
    "medium": 2,
    "quick": 0,
    "fast": 0,
    "total": 2
   }
  },
  {
   "type": "Feature",
   "geometry": {
    "type": "Point",
    "coordinates": [
     114.163087,
     22.323775
    ]
   },
   "properties": {
    "district_tc": "油尖旺區",
    "district_en": "Yau Tsim Mong",
    "location_tc": "One Bedford Place",
    "location_en": "One Bedford Place",
    "address_en": "No. 100 Bedford Road, Kowloon",
    "std": 0,
    "medium": 0,
    "quick": 15,
    "fast": 0,
    "total": 15
   }
  },
  {
   "type": "Feature",
   "geometry": {
    "type": "Point",
    "coordinates": [
     114.127357,
     22.367915
    ]
   },
   "properties": {
    "district_tc": "葵青區",
    "district_en": "Kwai Tsing",
    "location_tc": "葵涌商場停車場",
    "location_en": "Kwai Chung Shopping Centre",
    "address_en": "Sheung Kok Street, Kwai Chung, N.T.",
    "std": 0,
    "medium": 54,
    "quick": 0,
    "fast": 0,
    "total": 54
   }
  },
  {
   "type": "Feature",
   "geometry": {
    "type": "Point",
    "coordinates": [
     114.16696,
     22.247046
    ]
   },
   "properties": {
    "district_tc": "南區",
    "district_en": "Southern",
    "location_tc": "THE SOUTHSIDE",
    "location_en": "THE SOUTHSIDE",
    "address_en": "11 Heung Yip Road, Wong Chuk Hang, Hong Kong",
    "std": 0,
    "medium": 234,
    "quick": 23,
    "fast": 0,
    "total": 257
   }
  },
  {
   "type": "Feature",
   "geometry": {
    "type": "Point",
    "coordinates": [
     114.200758,
     22.339
    ]
   },
   "properties": {
    "district_tc": "黃大仙區",
    "district_en": "Wong Tai Sin",
    "location_tc": "啟鑽苑停車場",
    "location_en": "Kai Chuen Court Carpark",
    "address_en": "235 Choi Hung Road, San Po Kong, Kowloon",
    "std": 0,
    "medium": 52,
    "quick": 0,
    "fast": 0,
    "total": 52
   }
  },
  {
   "type": "Feature",
   "geometry": {
    "type": "Point",
    "coordinates": [
     114.123469,
     22.505996
    ]
   },
   "properties": {
    "district_tc": "北區",
    "district_en": "North",
    "location_tc": "嘉富坊公眾停車場",
    "location_en": "Ka Fu Fong Public Car Park",
    "address_en": "186 San Wan Road, Sheung Shui, New Territories",
    "std": 0,
    "medium": 326,
    "quick": 0,
    "fast": 0,
    "total": 326
   }
  },
  {
   "type": "Feature",
   "geometry": {
    "type": "Point",
    "coordinates": [
     114.255308,
     22.308972
    ]
   },
   "properties": {
    "district_tc": "西貢區",
    "district_en": "Sai Kung",
    "location_tc": "彩明2號停車場",
    "location_en": "Choi Ming Car Park 2",
    "address_en": "Choi Ming Shopping Centre, 1 Choi Ming Street, Tiu Keng Leng, Tseung Kwan O, New Territories",
    "std": 0,
    "medium": 9,
    "quick": 30,
    "fast": 0,
    "total": 39
   }
  },
  {
   "type": "Feature",
   "geometry": {
    "type": "Point",
    "coordinates": [
     114.256217,
     22.308864
    ]
   },
   "properties": {
    "district_tc": "西貢區",
    "district_en": "Sai Kung",
    "location_tc": "唐明停車場",
    "location_en": "Tong Ming Car Park",
    "address_en": "Tong Ming Court Retail and Car Park, 15 Tong Ming Street, Tseung Kwan O, New Territories",
    "std": 0,
    "medium": 36,
    "quick": 0,
    "fast": 0,
    "total": 36
   }
  },
  {
   "type": "Feature",
   "geometry": {
    "type": "Point",
    "coordinates": [
     114.257642,
     22.310691
    ]
   },
   "properties": {
    "district_tc": "西貢區",
    "district_en": "Sai Kung",
    "location_tc": "TKO Spot B停車場",
    "location_en": "TKO Spot Car Park B",
    "address_en": "TKO Spot, 2 Tong Ming Street, Tseung Kwan O, New Territories",
    "std": 0,
    "medium": 9,
    "quick": 12,
    "fast": 0,
    "total": 21
   }
  },
  {
   "type": "Feature",
   "geometry": {
    "type": "Point",
    "coordinates": [
     114.264292,
     22.317634
    ]
   },
   "properties": {
    "district_tc": "西貢區",
    "district_en": "Sai Kung",
    "location_tc": "TKO Gateway 西翼停車場",
    "location_en": "TKO Gateway Car Park West",
    "address_en": "TKO Gateway, 2 Sheung Ning Street, Tseung Kwan O, New Territories",
    "std": 0,
    "medium": 9,
    "quick": 0,
    "fast": 0,
    "total": 9
   }
  },
  {
   "type": "Feature",
   "geometry": {
    "type": "Point",
    "coordinates": [
     114.266422,
     22.317261
    ]
   },
   "properties": {
    "district_tc": "西貢區",
    "district_en": "Sai Kung",
    "location_tc": "TKO Gateway 東翼停車場",
    "location_en": "TKO Gateway Car Park East",
    "address_en": "TKO Gateway, 2 Sheung Ning Street, Tseung Kwan O, New Territories",
    "std": 0,
    "medium": 7,
    "quick": 8,
    "fast": 0,
    "total": 15
   }
  },
  {
   "type": "Feature",
   "geometry": {
    "type": "Point",
    "coordinates": [
     114.266501,
     22.315847
    ]
   },
   "properties": {
    "district_tc": "西貢區",
    "district_en": "Sai Kung",
    "location_tc": "TKO Gateway 南翼停車場",
    "location_en": "TKO Gateway Car Park South",
    "address_en": "TKO Gateway South, 8 Ngan O Road, Tseung Kwan O, New Territories",
    "std": 0,
    "medium": 14,
    "quick": 0,
    "fast": 0,
    "total": 14
   }
  },
  {
   "type": "Feature",
   "geometry": {
    "type": "Point",
    "coordinates": [
     114.259057,
     22.324448
    ]
   },
   "properties": {
    "district_tc": "西貢區",
    "district_en": "Sai Kung",
    "location_tc": "欣明停車場",
    "location_en": "Yan Ming Court Car Park",
    "address_en": "Yan Ming Court Retail and Car Park, 100 Po Lam Road North, Tseung Kwan O, New Territories",
    "std": 0,
    "medium": 12,
    "quick": 0,
    "fast": 0,
    "total": 12
   }
  },
  {
   "type": "Feature",
   "geometry": {
    "type": "Point",
    "coordinates": [
     114.25679,
     22.325824
    ]
   },
   "properties": {
    "district_tc": "西貢區",
    "district_en": "Sai Kung",
    "location_tc": "英明停車場",
    "location_en": "Ying Ming Court Car Park",
    "address_en": "Ying Ming Court Car Park, 20 Po Lam Road North, Tseung Kwan O, New Territories",
    "std": 0,
    "medium": 14,
    "quick": 0,
    "fast": 0,
    "total": 14
   }
  },
  {
   "type": "Feature",
   "geometry": {
    "type": "Point",
    "coordinates": [
     113.975528,
     22.393813
    ]
   },
   "properties": {
    "district_tc": "屯門區",
    "district_en": "Tuen Mun",
    "location_tc": "錦薈坊",
    "location_en": "K-Point",
    "address_en": "1 Tuen Lung Street, Tuen Mun",
    "std": 0,
    "medium": 0,
    "quick": 2,
    "fast": 0,
    "total": 2
   }
  },
  {
   "type": "Feature",
   "geometry": {
    "type": "Point",
    "coordinates": [
     114.136232,
     22.287126
    ]
   },
   "properties": {
    "district_tc": "中西區",
    "district_en": "Central & Western",
    "location_tc": "香港商業中心",
    "location_en": "Hong Kong Plaza",
    "address_en": "188 Connaught Road West, Sai Ying Pun",
    "std": 0,
    "medium": 0,
    "quick": 2,
    "fast": 0,
    "total": 2
   }
  },
  {
   "type": "Feature",
   "geometry": {
    "type": "Point",
    "coordinates": [
     114.031707,
     22.443909
    ]
   },
   "properties": {
    "district_tc": "元朗區",
    "district_en": "Yuen Long",
    "location_tc": "加點",
    "location_en": "YOHO PLUS",
    "address_en": "2-6 Fung Cheung Road, Yuen Long",
    "std": 0,
    "medium": 0,
    "quick": 4,
    "fast": 0,
    "total": 4
   }
  },
  {
   "type": "Feature",
   "geometry": {
    "type": "Point",
    "coordinates": [
     114.157892,
     22.301092
    ]
   },
   "properties": {
    "district_tc": "油尖旺區",
    "district_en": "Yau Tsim Mong",
    "location_tc": "藝術公園停車場",
    "location_en": "Art Park Car Park",
    "address_en": "West Kowloon Cultural District, No.36 Museum Drive, Kowloon, Hong Kong",
    "std": 0,
    "medium": 32,
    "quick": 2,
    "fast": 4,
    "total": 38
   }
  },
  {
   "type": "Feature",
   "geometry": {
    "type": "Point",
    "coordinates": [
     114.21225,
     22.424341
    ]
   },
   "properties": {
    "district_tc": "沙田區",
    "district_en": "Sha Tin",
    "location_tc": "科學園停車場 P1",
    "location_en": "Science Park Car Park P1",
    "address_en": "3 Science and Technology West Ave",
    "std": 18,
    "medium": 35,
    "quick": 57,
    "fast": 0,
    "total": 110
   }
  },
  {
   "type": "Feature",
   "geometry": {
    "type": "Point",
    "coordinates": [
     114.256607,
     22.322704
    ]
   },
   "properties": {
    "district_tc": "西貢區",
    "district_en": "Sai Kung",
    "location_tc": "都會豪庭",
    "location_en": "MCP Discovery (The Metropolis)",
    "address_en": "8 Mau Yip Road, Tseung Kwan O",
    "std": 0,
    "medium": 5,
    "quick": 4,
    "fast": 0,
    "total": 9
   }
  },
  {
   "type": "Feature",
   "geometry": {
    "type": "Point",
    "coordinates": [
     114.180114,
     22.373564
    ]
   },
   "properties": {
    "district_tc": "沙田區",
    "district_en": "Sha Tin",
    "location_tc": "圍方停車場",
    "location_en": "The Wai Car Park",
    "address_en": "18 Che Kung Miu Road，New Territories, Hong Kong.",
    "std": 0,
    "medium": 0,
    "quick": 58,
    "fast": 0,
    "total": 58
   }
  },
  {
   "type": "Feature",
   "geometry": {
    "type": "Point",
    "coordinates": [
     114.231438,
     22.425214
    ]
   },
   "properties": {
    "district_tc": "沙田區",
    "district_en": "Sha Tin",
    "location_tc": "馬鞍山廣場停車場",
    "location_en": "Ma On Shan Plaza Car Park",
    "address_en": "608 Sai Sha Road, Ma On Shan, Shatin, NT",
    "std": 0,
    "medium": 4,
    "quick": 4,
    "fast": 0,
    "total": 8
   }
  },
  {
   "type": "Feature",
   "geometry": {
    "type": "Point",
    "coordinates": [
     114.138818,
     22.257957
    ]
   },
   "properties": {
    "district_tc": "南區",
    "district_en": "Southern",
    "location_tc": "置富南區廣場",
    "location_en": "Chi Fu Landmark",
    "address_en": "Chi Fu Road, Pok Fu Lum",
    "std": 0,
    "medium": 0,
    "quick": 2,
    "fast": 0,
    "total": 2
   }
  },
  {
   "type": "Feature",
   "geometry": {
    "type": "Point",
    "coordinates": [
     114.105224,
     22.426543
    ]
   },
   "properties": {
    "district_tc": "元朗區",
    "district_en": "Yuen Long",
    "location_tc": "雷公田村49號",
    "location_en": "No. 49, Lui Kung Tin Village",
    "address_en": "No. 49, Lui Kung Tin Village",
    "std": 0,
    "medium": 0,
    "quick": 4,
    "fast": 0,
    "total": 4
   }
  },
  {
   "type": "Feature",
   "geometry": {
    "type": "Point",
    "coordinates": [
     114.08684,
     22.44024
    ]
   },
   "properties": {
    "district_tc": "元朗區",
    "district_en": "Yuen Long",
    "location_tc": "橫台山梁屋村充電站",
    "location_en": "Wang Toi Shan Leung Uk Tsuen Charging Point",
    "address_en": "DD111 LOT 1689SA (部份), 1689SB, 1689SBSS1, 1689SC, 1689SD, 1695, 1696(part of), Leung Uk Tsuen",
    "std": 0,
    "medium": 0,
    "quick": 4,
    "fast": 0,
    "total": 4
   }
  },
  {
   "type": "Feature",
   "geometry": {
    "type": "Point",
    "coordinates": [
     114.022122,
     22.425503
    ]
   },
   "properties": {
    "district_tc": "元朗區",
    "district_en": "Yuen Long",
    "location_tc": "公庵路300號",
    "location_en": "300 Kung Um Road",
    "address_en": "公庵路300號",
    "std": 0,
    "medium": 0,
    "quick": 4,
    "fast": 0,
    "total": 4
   }
  },
  {
   "type": "Feature",
   "geometry": {
    "type": "Point",
    "coordinates": [
     114.202025,
     22.338119
    ]
   },
   "properties": {
    "district_tc": "黃大仙區",
    "district_en": "Wong Tai Sin",
    "location_tc": "啟翔苑",
    "location_en": "Kai Cheung Court",
    "address_en": "Choi Hung Rd, Diamond Hill",
    "std": 0,
    "medium": 6,
    "quick": 0,
    "fast": 0,
    "total": 6
   }
  },
  {
   "type": "Feature",
   "geometry": {
    "type": "Point",
    "coordinates": [
     114.223878,
     22.408493
    ]
   },
   "properties": {
    "district_tc": "沙田區",
    "district_en": "Sha Tin",
    "location_tc": "錦駿苑",
    "location_en": "Kam Chun Court",
    "address_en": "150 Ma On Shan Rd, Ma On Shan",
    "std": 5,
    "medium": 5,
    "quick": 0,
    "fast": 0,
    "total": 10
   }
  },
  {
   "type": "Feature",
   "geometry": {
    "type": "Point",
    "coordinates": [
     114.205941,
     22.389091
    ]
   },
   "properties": {
    "district_tc": "沙田區",
    "district_en": "Sha Tin",
    "location_tc": "愉德苑",
    "location_en": "Yu Tak Court",
    "address_en": "29 On Muk St, Sha Tin",
    "std": 0,
    "medium": 3,
    "quick": 0,
    "fast": 0,
    "total": 3
   }
  },
  {
   "type": "Feature",
   "geometry": {
    "type": "Point",
    "coordinates": [
     113.969147,
     22.399954
    ]
   },
   "properties": {
    "district_tc": "屯門區",
    "district_en": "Tuen Mun",
    "location_tc": "鴻昌工業中心",
    "location_en": "HUNG CHEUNG INDUSTRIAL CENTRE",
    "address_en": "TSING YEUNG CIRCUIT, TUEN MUN",
    "std": 0,
    "medium": 0,
    "quick": 1,
    "fast": 0,
    "total": 1
   }
  },
  {
   "type": "Feature",
   "geometry": {
    "type": "Point",
    "coordinates": [
     114.202705,
     22.387218
    ]
   },
   "properties": {
    "district_tc": "沙田區",
    "district_en": "Sha Tin",
    "location_tc": "置富第一城-樂薈停車場",
    "location_en": "Fortune City One Plus Car Park",
    "address_en": "1-2 Ngan Shing Street, Shatin, NT",
    "std": 0,
    "medium": 2,
    "quick": 2,
    "fast": 0,
    "total": 4
   }
  },
  {
   "type": "Feature",
   "geometry": {
    "type": "Point",
    "coordinates": [
     114.146402,
     22.339179
    ]
   },
   "properties": {
    "district_tc": "深水埗區",
    "district_en": "Sham Shui Po",
    "location_tc": "長沙灣瓊林街83號",
    "location_en": "83 King Lam Street, Cheung Sha Wan",
    "address_en": "83 King Lam Street",
    "std": 0,
    "medium": 24,
    "quick": 4,
    "fast": 0,
    "total": 28
   }
  },
  {
   "type": "Feature",
   "geometry": {
    "type": "Point",
    "coordinates": [
     114.162577,
     22.281144
    ]
   },
   "properties": {
    "district_tc": "中西區",
    "district_en": "Central & Western",
    "location_tc": "長江集團中心二期",
    "location_en": "CHEUNG KONG CENTER II",
    "address_en": "Hutchison House, 10 Harcourt Rd, Central",
    "std": 0,
    "medium": 0,
    "quick": 4,
    "fast": 0,
    "total": 4
   }
  },
  {
   "type": "Feature",
   "geometry": {
    "type": "Point",
    "coordinates": [
     114.116492,
     22.366363
    ]
   },
   "properties": {
    "district_tc": "荃灣區",
    "district_en": "Tsuen Wan",
    "location_tc": "第一亞洲中心",
    "location_en": "First Asia Tower",
    "address_en": "First Asia Tower, Fui Yiu Kok St, Tsuen Wan",
    "std": 0,
    "medium": 0,
    "quick": 10,
    "fast": 0,
    "total": 10
   }
  },
  {
   "type": "Feature",
   "geometry": {
    "type": "Point",
    "coordinates": [
     114.202179,
     22.344416
    ]
   },
   "properties": {
    "district_tc": "黃大仙區",
    "district_en": "Wong Tai Sin",
    "location_tc": "鳳禮停車場",
    "location_en": "Fung Lai Car Park",
    "address_en": "Fung Lai Court Car Park, 8 Fung Lai Road, Diamond Hill,  Kowloon",
    "std": 0,
    "medium": 14,
    "quick": 0,
    "fast": 0,
    "total": 14
   }
  },
  {
   "type": "Feature",
   "geometry": {
    "type": "Point",
    "coordinates": [
     114.227974,
     22.31708
    ]
   },
   "properties": {
    "district_tc": "觀塘區",
    "district_en": "Kwun Tong",
    "location_tc": "寶珮停車場",
    "location_en": "Po Pui Car Park",
    "address_en": "Po Pui Court Car Park, Po Pui Street, Kwun Tong,  Kowloon",
    "std": 0,
    "medium": 18,
    "quick": 0,
    "fast": 0,
    "total": 18
   }
  },
  {
   "type": "Feature",
   "geometry": {
    "type": "Point",
    "coordinates": [
     113.963103,
     22.404597
    ]
   },
   "properties": {
    "district_tc": "屯門區",
    "district_en": "Tuen Mun",
    "location_tc": "新圍停車場",
    "location_en": "San Wai Car Park",
    "address_en": "23 Tin King Rd, Tuen Mun",
    "std": 0,
    "medium": 3,
    "quick": 0,
    "fast": 0,
    "total": 3
   }
  },
  {
   "type": "Feature",
   "geometry": {
    "type": "Point",
    "coordinates": [
     114.24173,
     22.355838
    ]
   },
   "properties": {
    "district_tc": "西貢區",
    "district_en": "Sai Kung",
    "location_tc": "蠔涌路充電站",
    "location_en": "Ho Chung Road Charging Point",
    "address_en": "Ho Chung Rd DD247/Lot84",
    "std": 0,
    "medium": 0,
    "quick": 2,
    "fast": 0,
    "total": 2
   }
  },
  {
   "type": "Feature",
   "geometry": {
    "type": "Point",
    "coordinates": [
     114.106406,
     22.349335
    ]
   },
   "properties": {
    "district_tc": "葵青區",
    "district_en": "Kwai Tsing",
    "location_tc": "長康一期2號停車場",
    "location_en": "Cheung Hong Car Park No. 2",
    "address_en": "12 CHING HONG ROAD, TSING YI",
    "std": 0,
    "medium": 0,
    "quick": 12,
    "fast": 0,
    "total": 12
   }
  },
  {
   "type": "Feature",
   "geometry": {
    "type": "Point",
    "coordinates": [
     114.263512,
     22.429622
    ]
   },
   "properties": {
    "district_tc": "西貢區",
    "district_en": "Sai Kung",
    "location_tc": "西貢輋下村63號",
    "location_en": "No. 63 Che Ha Village, Sai Kung",
    "address_en": "No. 63 Che Ha Village, Sai Kung",
    "std": 0,
    "medium": 0,
    "quick": 4,
    "fast": 0,
    "total": 4
   }
  },
  {
   "type": "Feature",
   "geometry": {
    "type": "Point",
    "coordinates": [
     113.982191,
     22.236364
    ]
   },
   "properties": {
    "district_tc": "離島區",
    "district_en": "Islands",
    "location_tc": "鹹田舊村充電站",
    "location_en": "Ham Tin Villas Charging Point",
    "address_en": "Pui O",
    "std": 0,
    "medium": 2,
    "quick": 0,
    "fast": 0,
    "total": 2
   }
  },
  {
   "type": "Feature",
   "geometry": {
    "type": "Point",
    "coordinates": [
     114.186377,
     22.309627
    ]
   },
   "properties": {
    "district_tc": "九龍城區",
    "district_en": "Kowloon City",
    "location_tc": "香港海關宿舍",
    "location_en": "Customs Staff Quarters",
    "address_en": "Tsing Chau Street",
    "std": 0,
    "medium": 5,
    "quick": 0,
    "fast": 0,
    "total": 5
   }
  },
  {
   "type": "Feature",
   "geometry": {
    "type": "Point",
    "coordinates": [
     114.191652,
     22.244195
    ]
   },
   "properties": {
    "district_tc": "南區",
    "district_en": "Southern",
    "location_tc": "雙溪充電站",
    "location_en": "Twin Brook Charging Point",
    "address_en": "43 Repulse Bay Road",
    "std": 0,
    "medium": 0,
    "quick": 1,
    "fast": 0,
    "total": 1
   }
  },
  {
   "type": "Feature",
   "geometry": {
    "type": "Point",
    "coordinates": [
     114.200506,
     22.376458
    ]
   },
   "properties": {
    "district_tc": "沙田區",
    "district_en": "Sha Tin",
    "location_tc": "瓏珀山",
    "location_en": "St. Michel",
    "address_en": "33 To Shek Street",
    "std": 0,
    "medium": 0,
    "quick": 3,
    "fast": 0,
    "total": 3
   }
  },
  {
   "type": "Feature",
   "geometry": {
    "type": "Point",
    "coordinates": [
     114.197177,
     22.396777
    ]
   },
   "properties": {
    "district_tc": "沙田區",
    "district_en": "Sha Tin",
    "location_tc": "海輝工業中心",
    "location_en": "Hopeful Factory Centre",
    "address_en": "7-11 Au Pui Wan Street",
    "std": 0,
    "medium": 0,
    "quick": 0,
    "fast": 6,
    "total": 6
   }
  },
  {
   "type": "Feature",
   "geometry": {
    "type": "Point",
    "coordinates": [
     113.970332,
     22.400161
    ]
   },
   "properties": {
    "district_tc": "屯門區",
    "district_en": "Tuen Mun",
    "location_tc": "大興工業大廈",
    "location_en": "Tai Hing Industrial Building",
    "address_en": "3 Tsing Yeung Circuit",
    "std": 0,
    "medium": 0,
    "quick": 4,
    "fast": 0,
    "total": 4
   }
  },
  {
   "type": "Feature",
   "geometry": {
    "type": "Point",
    "coordinates": [
     114.207485,
     22.430217
    ]
   },
   "properties": {
    "district_tc": "大埔區",
    "district_en": "Tai Po",
    "location_tc": "海日灣",
    "location_en": "The Horizon",
    "address_en": "18 Fo Chun Road",
    "std": 0,
    "medium": 0,
    "quick": 5,
    "fast": 0,
    "total": 5
   }
  },
  {
   "type": "Feature",
   "geometry": {
    "type": "Point",
    "coordinates": [
     114.20212,
     22.427411
    ]
   },
   "properties": {
    "district_tc": "大埔區",
    "district_en": "Tai Po",
    "location_tc": "Silicon Hill",
    "location_en": "Silicon Hill",
    "address_en": "No. 63 Yau King Lane",
    "std": 0,
    "medium": 0,
    "quick": 5,
    "fast": 0,
    "total": 5
   }
  },
  {
   "type": "Feature",
   "geometry": {
    "type": "Point",
    "coordinates": [
     114.205811,
     22.428631
    ]
   },
   "properties": {
    "district_tc": "大埔區",
    "district_en": "Tai Po",
    "location_tc": "海日灣II",
    "location_en": "Centra Horizon",
    "address_en": "18 Chong San Road",
    "std": 0,
    "medium": 0,
    "quick": 6,
    "fast": 0,
    "total": 6
   }
  },
  {
   "type": "Feature",
   "geometry": {
    "type": "Point",
    "coordinates": [
     114.092181,
     22.367655
    ]
   },
   "properties": {
    "district_tc": "荃灣區",
    "district_en": "Tsuen Wan",
    "location_tc": "華麗海灣酒店",
    "location_en": "Grand Bay View Hotel and Resort",
    "address_en": "123 Castle Peak Road",
    "std": 0,
    "medium": 0,
    "quick": 2,
    "fast": 0,
    "total": 2
   }
  },
  {
   "type": "Feature",
   "geometry": {
    "type": "Point",
    "coordinates": [
     114.162144,
     22.280143
    ]
   },
   "properties": {
    "district_tc": "中西區",
    "district_en": "Central & Western",
    "location_tc": "The Henderson美利道停車場",
    "location_en": "The Henderson Murray Road Car Park",
    "address_en": "2 Murray Road, Central, Hong Kong",
    "std": 0,
    "medium": 148,
    "quick": 46,
    "fast": 0,
    "total": 194
   }
  },
  {
   "type": "Feature",
   "geometry": {
    "type": "Point",
    "coordinates": [
     114.184646,
     22.306892
    ]
   },
   "properties": {
    "district_tc": "油尖旺區",
    "district_en": "Yau Tsim Mong",
    "location_tc": "必嘉坊．曦匯停車場",
    "location_en": "Baker Circle・Dover Car Park",
    "address_en": "38 Gillies Avenue South, Hung Hom, Kowloon",
    "std": 0,
    "medium": 3,
    "quick": 0,
    "fast": 0,
    "total": 3
   }
  },
  {
   "type": "Feature",
   "geometry": {
    "type": "Point",
    "coordinates": [
     114.160154,
     22.320681
    ]
   },
   "properties": {
    "district_tc": "油尖旺區",
    "district_en": "Yau Tsim Mong",
    "location_tc": "利奧坊．壹隅停車場",
    "location_en": "The Quinn．Square Mile Car Park",
    "address_en": "5 Sham Mong Road, Mong Kok, Kowloon",
    "std": 0,
    "medium": 9,
    "quick": 0,
    "fast": 0,
    "total": 9
   }
  },
  {
   "type": "Feature",
   "geometry": {
    "type": "Point",
    "coordinates": [
     114.136527,
     22.285492
    ]
   },
   "properties": {
    "district_tc": "中西區",
    "district_en": "Central & Western",
    "location_tc": "翰林峰停車場",
    "location_en": "Novum West Car Park",
    "address_en": "460 Queen's Road West, Sai Ying Poon, Hong Kong",
    "std": 0,
    "medium": 2,
    "quick": 0,
    "fast": 0,
    "total": 2
   }
  },
  {
   "type": "Feature",
   "geometry": {
    "type": "Point",
    "coordinates": [
     114.201772,
     22.331823
    ]
   },
   "properties": {
    "district_tc": "九龍城區",
    "district_en": "Kowloon City",
    "location_tc": "雙子匯2座停車場",
    "location_en": "The Twins Carpark Tower II",
    "address_en": "12 Muk Chui Street, Kai Tak, San Po Kong, Kowloon",
    "std": 296,
    "medium": 107,
    "quick": 0,
    "fast": 0,
    "total": 403
   }
  },
  {
   "type": "Feature",
   "geometry": {
    "type": "Point",
    "coordinates": [
     114.186774,
     22.313816
    ]
   },
   "properties": {
    "district_tc": "九龍城區",
    "district_en": "Kowloon City",
    "location_tc": "高山道公眾停車場",
    "location_en": "Ko Shan Road Public Vehicle Parking",
    "address_en": "Lower Ground Floor, 60, Ko Shan Road, To Kwa Wan",
    "std": 0,
    "medium": 38,
    "quick": 0,
    "fast": 0,
    "total": 38
   }
  },
  {
   "type": "Feature",
   "geometry": {
    "type": "Point",
    "coordinates": [
     114.196657,
     22.325429
    ]
   },
   "properties": {
    "district_tc": "九龍城區",
    "district_en": "Kowloon City",
    "location_tc": "體藝館停車場",
    "location_en": "Arena Carpark",
    "address_en": "38-39 Shing Kai Road, Kowloon, Hong Kong, Kowloon City, KLN",
    "std": 0,
    "medium": 244,
    "quick": 0,
    "fast": 0,
    "total": 244
   }
  },
  {
   "type": "Feature",
   "geometry": {
    "type": "Point",
    "coordinates": [
     113.998397,
     22.456708
    ]
   },
   "properties": {
    "district_tc": "元朗區",
    "district_en": "Yuen Long",
    "location_tc": "天瑞停車場",
    "location_en": "Tin Shui Car Park",
    "address_en": "Tin Shui Shopping Centre, 9 Tin Shui Road, Tin Shui Wai, Yuen Long, New Territories",
    "std": 0,
    "medium": 24,
    "quick": 0,
    "fast": 0,
    "total": 24
   }
  },
  {
   "type": "Feature",
   "geometry": {
    "type": "Point",
    "coordinates": [
     114.15643,
     22.242655
    ]
   },
   "properties": {
    "district_tc": "南區",
    "district_en": "Southern",
    "location_tc": "漁安停車場",
    "location_en": "Yue On Car Park",
    "address_en": "Yue On Court Car Park, 3 Yue On Court Road, Ap Lei Chau,  Hong Kong",
    "std": 0,
    "medium": 24,
    "quick": 0,
    "fast": 0,
    "total": 24
   }
  },
  {
   "type": "Feature",
   "geometry": {
    "type": "Point",
    "coordinates": [
     114.192501,
     22.334364
    ]
   },
   "properties": {
    "district_tc": "黃大仙區",
    "district_en": "Wong Tai Sin",
    "location_tc": "東頭二(B)停車場",
    "location_en": "Tung Tau II Car Park B",
    "address_en": "Tung Tau Estate Retail and Car Park, 183 Tung Tau Tsuen Road, Wong Tai Sin,  Kowloon",
    "std": 0,
    "medium": 0,
    "quick": 9,
    "fast": 0,
    "total": 9
   }
  },
  {
   "type": "Feature",
   "geometry": {
    "type": "Point",
    "coordinates": [
     114.186246,
     22.344023
    ]
   },
   "properties": {
    "district_tc": "黃大仙區",
    "district_en": "Wong Tai Sin",
    "location_tc": "天宏停車場",
    "location_en": "Tin Wang Car Park",
    "address_en": "Tin Wang Court Retail and Car Park, 51 Chuk Yuen Road, Wong Tai Sin,  Kowloon",
    "std": 0,
    "medium": 12,
    "quick": 0,
    "fast": 0,
    "total": 12
   }
  },
  {
   "type": "Feature",
   "geometry": {
    "type": "Point",
    "coordinates": [
     114.159416,
     22.331677
    ]
   },
   "properties": {
    "district_tc": "深水埗區",
    "district_en": "Sham Shui Po",
    "location_tc": "麗安停車場",
    "location_en": "Lai On Car Park",
    "address_en": "Lai On Estate Car Park, 420 Lai Chi Kok Road, Sham Shui Po,  Kowloon",
    "std": 0,
    "medium": 18,
    "quick": 0,
    "fast": 0,
    "total": 18
   }
  },
  {
   "type": "Feature",
   "geometry": {
    "type": "Point",
    "coordinates": [
     114.190079,
     22.344245
    ]
   },
   "properties": {
    "district_tc": "黃大仙區",
    "district_en": "Wong Tai Sin",
    "location_tc": "竹園南停車場(天虹)",
    "location_en": "Chuk Yuen (S) Tin Hung Car Park",
    "address_en": "Chuk Yuen Plaza, 15 Chuk Yuen Road, Wong Tai Sin,  Kowloon",
    "std": 0,
    "medium": 30,
    "quick": 0,
    "fast": 0,
    "total": 30
   }
  },
  {
   "type": "Feature",
   "geometry": {
    "type": "Point",
    "coordinates": [
     114.17503,
     22.45239
    ]
   },
   "properties": {
    "district_tc": "大埔區",
    "district_en": "Tai Po",
    "location_tc": "明雅停車場",
    "location_en": "Ming Nga Car Park",
    "address_en": "Ming Nga Court Car Park, 7-11 On Po Lane, Tai Po,  New Territories",
    "std": 0,
    "medium": 12,
    "quick": 0,
    "fast": 0,
    "total": 12
   }
  },
  {
   "type": "Feature",
   "geometry": {
    "type": "Point",
    "coordinates": [
     114.226679,
     22.416745
    ]
   },
   "properties": {
    "district_tc": "沙田區",
    "district_en": "Sha Tin",
    "location_tc": "錦鞍停車場",
    "location_en": "Kam On Car Park",
    "address_en": "Kam On Court Car Park, 20 Hang Kam Street, Ma On Shan,  Sha Tin, New Territories",
    "std": 0,
    "medium": 24,
    "quick": 0,
    "fast": 0,
    "total": 24
   }
  },
  {
   "type": "Feature",
   "geometry": {
    "type": "Point",
    "coordinates": [
     114.172075,
     22.278644
    ]
   },
   "properties": {
    "district_tc": "灣仔區",
    "district_en": "Wan Chai",
    "location_tc": "六國中心",
    "location_en": "Luk Kwok Centre",
    "address_en": "72 Gloucester Road",
    "std": 0,
    "medium": 3,
    "quick": 0,
    "fast": 0,
    "total": 3
   }
  },
  {
   "type": "Feature",
   "geometry": {
    "type": "Point",
    "coordinates": [
     114.148675,
     22.327622
    ]
   },
   "properties": {
    "district_tc": "深水埗區",
    "district_en": "Sham Shui Po",
    "location_tc": "維港匯2期",
    "location_en": "Grand Victoria II",
    "address_en": "8 Lai Ying St, Cheung Sha Wan",
    "std": 0,
    "medium": 7,
    "quick": 0,
    "fast": 0,
    "total": 7
   }
  },
  {
   "type": "Feature",
   "geometry": {
    "type": "Point",
    "coordinates": [
     114.147885,
     22.328141
    ]
   },
   "properties": {
    "district_tc": "深水埗區",
    "district_en": "Sham Shui Po",
    "location_tc": "維港滙1期",
    "location_en": "Grand Victoria I",
    "address_en": "6 Lai Ying St, Cheung Sha Wan",
    "std": 0,
    "medium": 6,
    "quick": 0,
    "fast": 0,
    "total": 6
   }
  },
  {
   "type": "Feature",
   "geometry": {
    "type": "Point",
    "coordinates": [
     114.19285,
     22.27855
    ]
   },
   "properties": {
    "district_tc": "灣仔區",
    "district_en": "Wan Chai",
    "location_tc": "龍濤苑",
    "location_en": "Dragon Centre",
    "address_en": "21 Wun Sha St, Tai Hang",
    "std": 0,
    "medium": 1,
    "quick": 0,
    "fast": 0,
    "total": 1
   }
  },
  {
   "type": "Feature",
   "geometry": {
    "type": "Point",
    "coordinates": [
     113.995814,
     22.435851
    ]
   },
   "properties": {
    "district_tc": "元朗區",
    "district_en": "Yuen Long",
    "location_tc": "樂翹軒 I",
    "location_en": "Eminence Terrace I",
    "address_en": "12 Hung Shui Kiu Tin Sam Rd, Hung Shui Kiu",
    "std": 0,
    "medium": 28,
    "quick": 0,
    "fast": 0,
    "total": 28
   }
  },
  {
   "type": "Feature",
   "geometry": {
    "type": "Point",
    "coordinates": [
     114.268865,
     22.378649
    ]
   },
   "properties": {
    "district_tc": "西貢區",
    "district_en": "Sai Kung",
    "location_tc": "翠塘花園",
    "location_en": "Lakeside Garden",
    "address_en": "1 Chui Tong Rd, Sai Kung",
    "std": 2,
    "medium": 0,
    "quick": 0,
    "fast": 0,
    "total": 2
   }
  },
  {
   "type": "Feature",
   "geometry": {
    "type": "Point",
    "coordinates": [
     114.145289,
     22.496531
    ]
   },
   "properties": {
    "district_tc": "北區",
    "district_en": "North",
    "location_tc": "海迅中心",
    "location_en": "Hi Speed Centre 1",
    "address_en": "18 On Chuen St, Fanling",
    "std": 0,
    "medium": 10,
    "quick": 8,
    "fast": 0,
    "total": 18
   }
  },
  {
   "type": "Feature",
   "geometry": {
    "type": "Point",
    "coordinates": [
     113.991034,
     22.373899
    ]
   },
   "properties": {
    "district_tc": "屯門區",
    "district_en": "Tuen Mun",
    "location_tc": "屯門帝御",
    "location_en": "The Royale",
    "address_en": "8 Castle Peak Road-Castle Peak Bay, Tuen Mun",
    "std": 0,
    "medium": 16,
    "quick": 0,
    "fast": 0,
    "total": 16
   }
  },
  {
   "type": "Feature",
   "geometry": {
    "type": "Point",
    "coordinates": [
     114.198017,
     22.322365
    ]
   },
   "properties": {
    "district_tc": "九龍城區",
    "district_en": "Kowloon City",
    "location_tc": "主場館停車場",
    "location_en": "Stadium Carpark",
    "address_en": "Kai Tak Sport Park, 38-39 Shing Kai Road, Kowloon, Hong Kong, Kowloon City,KLN",
    "std": 0,
    "medium": 341,
    "quick": 0,
    "fast": 0,
    "total": 341
   }
  },
  {
   "type": "Feature",
   "geometry": {
    "type": "Point",
    "coordinates": [
     114.211787,
     22.31575
    ]
   },
   "properties": {
    "district_tc": "觀塘區",
    "district_en": "Kwun Tong",
    "location_tc": "啟匯停車場",
    "location_en": "Harbourside HQ Car Park",
    "address_en": "Harbourside HQ, 8 Lam Chak Street, Kowloon Bay, KLN",
    "std": 2,
    "medium": 5,
    "quick": 2,
    "fast": 0,
    "total": 9
   }
  },
  {
   "type": "Feature",
   "geometry": {
    "type": "Point",
    "coordinates": [
     113.970833,
     22.383053
    ]
   },
   "properties": {
    "district_tc": "屯門區",
    "district_en": "Tuen Mun",
    "location_tc": "兆翠苑停車場",
    "location_en": "Siu Tsui Court Carpark",
    "address_en": "Siu Tsui Court, 26 Hang Fu Street, Tuen Mun",
    "std": 0,
    "medium": 10,
    "quick": 0,
    "fast": 0,
    "total": 10
   }
  },
  {
   "type": "Feature",
   "geometry": {
    "type": "Point",
    "coordinates": [
     114.222187,
     22.311163
    ]
   },
   "properties": {
    "district_tc": "觀塘區",
    "district_en": "Kwun Tong",
    "location_tc": "One Sky Parc",
    "location_en": "One Sky Parc",
    "address_en": "53 Hung To Road, Kwun Tong, Kowloon",
    "std": 0,
    "medium": 0,
    "quick": 2,
    "fast": 0,
    "total": 2
   }
  },
  {
   "type": "Feature",
   "geometry": {
    "type": "Point",
    "coordinates": [
     114.221172,
     22.312797
    ]
   },
   "properties": {
    "district_tc": "觀塘區",
    "district_en": "Kwun Tong",
    "location_tc": "The Millennity",
    "location_en": "The Millennity",
    "address_en": "98 How Ming Street, Kwun Tong, Kowloon",
    "std": 0,
    "medium": 12,
    "quick": 0,
    "fast": 0,
    "total": 12
   }
  },
  {
   "type": "Feature",
   "geometry": {
    "type": "Point",
    "coordinates": [
     114.226112,
     22.311284
    ]
   },
   "properties": {
    "district_tc": "觀塘區",
    "district_en": "Kwun Tong",
    "location_tc": "觀塘廣場",
    "location_en": "Kwun Tong Plaza",
    "address_en": "68 Hoi Yuen Road, Kwun Tong",
    "std": 0,
    "medium": 5,
    "quick": 0,
    "fast": 0,
    "total": 5
   }
  },
  {
   "type": "Feature",
   "geometry": {
    "type": "Point",
    "coordinates": [
     114.167088,
     22.249277
    ]
   },
   "properties": {
    "district_tc": "南區",
    "district_en": "Southern",
    "location_tc": "Landmark South",
    "location_en": "Landmark South",
    "address_en": "39 Yip Kan Street, Wong Chuk Hang, Hong Kong",
    "std": 0,
    "medium": 110,
    "quick": 7,
    "fast": 0,
    "total": 117
   }
  },
  {
   "type": "Feature",
   "geometry": {
    "type": "Point",
    "coordinates": [
     114.029617,
     22.450715
    ]
   },
   "properties": {
    "district_tc": "元朗區",
    "district_en": "Yuen Long",
    "location_tc": "朗壹廣場",
    "location_en": "One North",
    "address_en": "8 Hong Yip Street, Yuen Long, New Territories",
    "std": 0,
    "medium": 74,
    "quick": 7,
    "fast": 0,
    "total": 81
   }
  },
  {
   "type": "Feature",
   "geometry": {
    "type": "Point",
    "coordinates": [
     114.221342,
     22.31339
    ]
   },
   "properties": {
    "district_tc": "觀塘區",
    "district_en": "Kwun Tong",
    "location_tc": "創紀之城1期",
    "location_en": "Millennium City 1",
    "address_en": "388 Kwun Tong Road, Kwun Tong",
    "std": 0,
    "medium": 0,
    "quick": 2,
    "fast": 0,
    "total": 2
   }
  },
  {
   "type": "Feature",
   "geometry": {
    "type": "Point",
    "coordinates": [
     114.170092,
     22.336934
    ]
   },
   "properties": {
    "district_tc": "深水埗區",
    "district_en": "Sham Shui Po",
    "location_tc": "石硤尾公園體育館停車場",
    "location_en": "Shek Kip Mei Park Sports Centre",
    "address_en": "Nam Shan Chuen Road, Sham Shui Po",
    "std": 0,
    "medium": 1,
    "quick": 0,
    "fast": 0,
    "total": 1
   }
  },
  {
   "type": "Feature",
   "geometry": {
    "type": "Point",
    "coordinates": [
     114.170296,
     22.335155
    ]
   },
   "properties": {
    "district_tc": "深水埗區",
    "district_en": "Sham Shui Po",
    "location_tc": "石硤尾公園第三期",
    "location_en": "Shek Kip Mei Park Stage Three",
    "address_en": "Nam Shan Chuen Road, Sham Shui Po",
    "std": 0,
    "medium": 1,
    "quick": 0,
    "fast": 0,
    "total": 1
   }
  },
  {
   "type": "Feature",
   "geometry": {
    "type": "Point",
    "coordinates": [
     114.24045,
     22.296321
    ]
   },
   "properties": {
    "district_tc": "觀塘區",
    "district_en": "Kwun Tong",
    "location_tc": "高翔苑停車場",
    "location_en": "Ko Cheung Court Car Park",
    "address_en": "No.32 Ko Chiu Road, Yau Tong, Kowloon",
    "std": 0,
    "medium": 15,
    "quick": 0,
    "fast": 0,
    "total": 15
   }
  },
  {
   "type": "Feature",
   "geometry": {
    "type": "Point",
    "coordinates": [
     114.208713,
     22.342684
    ]
   },
   "properties": {
    "district_tc": "黃大仙區",
    "district_en": "Wong Tai Sin",
    "location_tc": "富山邨停車場",
    "location_en": "Fu Shan Estate Car Park",
    "address_en": "Po Kong Village Rd, Diamond Hill",
    "std": 0,
    "medium": 2,
    "quick": 0,
    "fast": 0,
    "total": 2
   }
  },
  {
   "type": "Feature",
   "geometry": {
    "type": "Point",
    "coordinates": [
     114.240088,
     22.313959
    ]
   },
   "properties": {
    "district_tc": "觀塘區",
    "district_en": "Kwun Tong",
    "location_tc": "康華苑停車場",
    "location_en": "Hong Wah Court Car Park",
    "address_en": "No.2 Lin Tak Road, Lam Tin, Kowloon",
    "std": 0,
    "medium": 2,
    "quick": 0,
    "fast": 0,
    "total": 2
   }
  },
  {
   "type": "Feature",
   "geometry": {
    "type": "Point",
    "coordinates": [
     114.200296,
     22.341739
    ]
   },
   "properties": {
    "district_tc": "黃大仙區",
    "district_en": "Wong Tai Sin",
    "location_tc": "龍蟠苑停車場",
    "location_en": "Lung Poon Court Car Park",
    "address_en": "8 Lung Poon Street, Diamond Hill, Kowloon",
    "std": 0,
    "medium": 10,
    "quick": 0,
    "fast": 0,
    "total": 10
   }
  },
  {
   "type": "Feature",
   "geometry": {
    "type": "Point",
    "coordinates": [
     114.202073,
     22.293203
    ]
   },
   "properties": {
    "district_tc": "東區",
    "district_en": "Eastern",
    "location_tc": "北角匯二至三期 B2/F B 區",
    "location_en": "Harbour North Phase 2 & 3 B2/F Zone B",
    "address_en": "123 Java Road, North Point (Phase 2) ; 133 Java Road, North Point (Phase 3)",
    "std": 0,
    "medium": 0,
    "quick": 4,
    "fast": 0,
    "total": 4
   }
  },
  {
   "type": "Feature",
   "geometry": {
    "type": "Point",
    "coordinates": [
     113.940528,
     22.29372
    ]
   },
   "properties": {
    "district_tc": "離島區",
    "district_en": "Islands",
    "location_tc": "東涌海濱路的士站",
    "location_en": "Taxi Stand at Tung Chung Waterfront Road",
    "address_en": "Near the Tung Chung Development Pier",
    "std": 0,
    "medium": 0,
    "quick": 0,
    "fast": 2,
    "total": 2
   }
  },
  {
   "type": "Feature",
   "geometry": {
    "type": "Point",
    "coordinates": [
     114.133275,
     22.285936
    ]
   },
   "properties": {
    "district_tc": "中西區",
    "district_en": "Central & Western",
    "location_tc": "寶翠園停車場",
    "location_en": "The Belcher's Car Park",
    "address_en": "8 Belcher's Street, Sai Wan, Hong Kong",
    "std": 0,
    "medium": 9,
    "quick": 4,
    "fast": 0,
    "total": 13
   }
  },
  {
   "type": "Feature",
   "geometry": {
    "type": "Point",
    "coordinates": [
     113.902807,
     22.255862
    ]
   },
   "properties": {
    "district_tc": "離島區",
    "district_en": "Islands",
    "location_tc": "昂坪公共運輸交匯處的士站",
    "location_en": "Taxi Stand at Ngong Ping Public Transport Interchange",
    "address_en": "Ngong Ping Public Transport Interchange",
    "std": 0,
    "medium": 0,
    "quick": 0,
    "fast": 2,
    "total": 2
   }
  },
  {
   "type": "Feature",
   "geometry": {
    "type": "Point",
    "coordinates": [
     113.996449,
     22.266736
    ]
   },
   "properties": {
    "district_tc": "離島區",
    "district_en": "Islands",
    "location_tc": "銀石街的士站",
    "location_en": "Taxi Stand at Ngan Shek Street",
    "address_en": "Opposite Mui Wo Municipal Building",
    "std": 0,
    "medium": 0,
    "quick": 0,
    "fast": 1,
    "total": 1
   }
  },
  {
   "type": "Feature",
   "geometry": {
    "type": "Point",
    "coordinates": [
     114.163061,
     22.24803
    ]
   },
   "properties": {
    "district_tc": "南區",
    "district_en": "Southern",
    "location_tc": "恒雲國際中心",
    "location_en": "Hundsun International Center",
    "address_en": "44 Heung Yip Road, Wong Chuk Hang, Hong Kong",
    "std": 0,
    "medium": 0,
    "quick": 2,
    "fast": 0,
    "total": 2
   }
  },
  {
   "type": "Feature",
   "geometry": {
    "type": "Point",
    "coordinates": [
     114.213156,
     22.538983
    ]
   },
   "properties": {
    "district_tc": "北區",
    "district_en": "North",
    "location_tc": "沙頭角農莊充電站",
    "location_en": "Sha Tau Kwok Farm Charging Point",
    "address_en": "Sha Tau Kwok Farm",
    "std": 0,
    "medium": 0,
    "quick": 7,
    "fast": 0,
    "total": 7
   }
  },
  {
   "type": "Feature",
   "geometry": {
    "type": "Point",
    "coordinates": [
     114.168452,
     22.248723
    ]
   },
   "properties": {
    "district_tc": "南區",
    "district_en": "Southern",
    "location_tc": "怡達工業大廈",
    "location_en": "E Tat Factory Building",
    "address_en": "4 Heung Yip Road, Wong Chuk Hang, Hong Kong",
    "std": 0,
    "medium": 0,
    "quick": 5,
    "fast": 0,
    "total": 5
   }
  },
  {
   "type": "Feature",
   "geometry": {
    "type": "Point",
    "coordinates": [
     114.134228,
     22.365893
    ]
   },
   "properties": {
    "district_tc": "葵青區",
    "district_en": "Kwai Tsing",
    "location_tc": "蘇濤工商中心",
    "location_en": "So Tao Centre",
    "address_en": "11 Kwai Sau Rd, Kwai Chung",
    "std": 0,
    "medium": 0,
    "quick": 3,
    "fast": 0,
    "total": 3
   }
  },
  {
   "type": "Feature",
   "geometry": {
    "type": "Point",
    "coordinates": [
     114.11724,
     22.366277
    ]
   },
   "properties": {
    "district_tc": "荃灣區",
    "district_en": "Tsuen Wan",
    "location_tc": "富源工業大廈",
    "location_en": "Fu Yuen Industrial Building",
    "address_en": "18-22 FUI YIU KOK STREET",
    "std": 0,
    "medium": 0,
    "quick": 6,
    "fast": 0,
    "total": 6
   }
  },
  {
   "type": "Feature",
   "geometry": {
    "type": "Point",
    "coordinates": [
     114.218233,
     22.313294
    ]
   },
   "properties": {
    "district_tc": "觀塘區",
    "district_en": "Kwun Tong",
    "location_tc": "偉業街143號",
    "location_en": "143 Wai Yip Street",
    "address_en": "143 Wai Yip Street, Kwun Tong",
    "std": 0,
    "medium": 0,
    "quick": 6,
    "fast": 0,
    "total": 6
   }
  },
  {
   "type": "Feature",
   "geometry": {
    "type": "Point",
    "coordinates": [
     114.26084,
     22.37454
    ]
   },
   "properties": {
    "district_tc": "西貢區",
    "district_en": "Sai Kung",
    "location_tc": "北港充電站",
    "location_en": "Pak Kong Charging Point",
    "address_en": "DD217 Lot870 Cp1-18, Hiram's Highway, Pak Kong, Sai Kung, New Territories",
    "std": 0,
    "medium": 0,
    "quick": 6,
    "fast": 0,
    "total": 6
   }
  },
  {
   "type": "Feature",
   "geometry": {
    "type": "Point",
    "coordinates": [
     114.09173,
     22.42987
    ]
   },
   "properties": {
    "district_tc": "元朗區",
    "district_en": "Yuen Long",
    "location_tc": "錦上園藝",
    "location_en": "Kam Sheung Garden",
    "address_en": "DD112 Lot 223SA, Lai Uk Tsuen, Kam Tin, Yuen Long, New Territories",
    "std": 0,
    "medium": 0,
    "quick": 6,
    "fast": 0,
    "total": 6
   }
  },
  {
   "type": "Feature",
   "geometry": {
    "type": "Point",
    "coordinates": [
     114.082511,
     22.431567
    ]
   },
   "properties": {
    "district_tc": "元朗區",
    "district_en": "Yuen Long",
    "location_tc": "水流田快充站",
    "location_en": "Shui Lau Tin Fast Charging Point",
    "address_en": "DD 112 LOT 631 RP, Shui Lau Tin Tsuen, Pat Heung, Yuen Long, New Territories",
    "std": 0,
    "medium": 0,
    "quick": 2,
    "fast": 0,
    "total": 2
   }
  },
  {
   "type": "Feature",
   "geometry": {
    "type": "Point",
    "coordinates": [
     114.198179,
     22.336838
    ]
   },
   "properties": {
    "district_tc": "黃大仙區",
    "district_en": "Wong Tai Sin",
    "location_tc": "新蒲崗善美工業大廈",
    "location_en": "Perfect Industrial Building",
    "address_en": "G/F, Perfect Industrial Building, 31 Tai Yau St, San Po Kong",
    "std": 0,
    "medium": 0,
    "quick": 12,
    "fast": 0,
    "total": 12
   }
  },
  {
   "type": "Feature",
   "geometry": {
    "type": "Point",
    "coordinates": [
     114.27297,
     22.297578
    ]
   },
   "properties": {
    "district_tc": "西貢區",
    "district_en": "Sai Kung",
    "location_tc": "將軍澳石角路3號",
    "location_en": "3 Shek Kok Rd., Tseung Kwan O",
    "address_en": "3 Shek Kok Rd., Tseung Kwan O, New Territories",
    "std": 0,
    "medium": 0,
    "quick": 4,
    "fast": 0,
    "total": 4
   }
  },
  {
   "type": "Feature",
   "geometry": {
    "type": "Point",
    "coordinates": [
     114.0438,
     22.44526
    ]
   },
   "properties": {
    "district_tc": "元朗區",
    "district_en": "Yuen Long",
    "location_tc": "元朗東成里132號",
    "location_en": "No.132, Tung Shing Lei, Yuen Long",
    "address_en": "No.132, Tung Shing Lei, Yuen Long",
    "std": 0,
    "medium": 0,
    "quick": 8,
    "fast": 0,
    "total": 8
   }
  },
  {
   "type": "Feature",
   "geometry": {
    "type": "Point",
    "coordinates": [
     114.220227,
     22.313114
    ]
   },
   "properties": {
    "district_tc": "觀塘區",
    "district_en": "Kwun Tong",
    "location_tc": "瑞泰偉基商業廣場",
    "location_en": "Sui Tai Wai Kee Plaza",
    "address_en": "25 Hung To Rd, Kwun Tong",
    "std": 0,
    "medium": 0,
    "quick": 8,
    "fast": 0,
    "total": 8
   }
  },
  {
   "type": "Feature",
   "geometry": {
    "type": "Point",
    "coordinates": [
     114.03793,
     22.444997
    ]
   },
   "properties": {
    "district_tc": "元朗區",
    "district_en": "Yuen Long",
    "location_tc": "形點 I (C, D區)",
    "location_en": "Yoho Mall I Zone C, D  I C, D",
    "address_en": "Castle Peak Road - Yuen Long",
    "std": 0,
    "medium": 3,
    "quick": 7,
    "fast": 0,
    "total": 10
   }
  },
  {
   "type": "Feature",
   "geometry": {
    "type": "Point",
    "coordinates": [
     114.04053,
     22.444622
    ]
   },
   "properties": {
    "district_tc": "元朗區",
    "district_en": "Yuen Long",
    "location_tc": "博愛醫院巴士站",
    "location_en": "Pok Oi Hospital Bus Stop",
    "address_en": "Au Tau, Yuen Long, N.T.",
    "std": 0,
    "medium": 7,
    "quick": 7,
    "fast": 0,
    "total": 14
   }
  },
  {
   "type": "Feature",
   "geometry": {
    "type": "Point",
    "coordinates": [
     114.11192,
     22.32924
    ]
   },
   "properties": {
    "district_tc": "葵青區",
    "district_en": "Kwai Tsing",
    "location_tc": "青衣青衣航運路3758號",
    "location_en": "3758 Tsing Yi Hong Wan Rd, Tsing Yi",
    "address_en": "3758 Tsing Yi Hong Wan Rd, Tsing Yi",
    "std": 0,
    "medium": 0,
    "quick": 10,
    "fast": 27,
    "total": 37
   }
  },
  {
   "type": "Feature",
   "geometry": {
    "type": "Point",
    "coordinates": [
     113.99253,
     22.43363
    ]
   },
   "properties": {
    "district_tc": "元朗區",
    "district_en": "Yuen Long",
    "location_tc": "田廈路田心村充電站",
    "location_en": "Tin Sum Tsuen Tin Ha Road Charging Point",
    "address_en": "Tin Ha Road, Tin Sum Tsuen, Hung Shui Kiu",
    "std": 0,
    "medium": 0,
    "quick": 6,
    "fast": 12,
    "total": 18
   }
  },
  {
   "type": "Feature",
   "geometry": {
    "type": "Point",
    "coordinates": [
     113.9909,
     22.45727
    ]
   },
   "properties": {
    "district_tc": "元朗區",
    "district_en": "Yuen Long",
    "location_tc": "流浮山充電站",
    "location_en": "Lau Fau Shan Charging Point",
    "address_en": "Ping Ha Rd, Tin Shui Wai",
    "std": 0,
    "medium": 0,
    "quick": 4,
    "fast": 0,
    "total": 4
   }
  },
  {
   "type": "Feature",
   "geometry": {
    "type": "Point",
    "coordinates": [
     114.07283,
     22.4272
    ]
   },
   "properties": {
    "district_tc": "元朗區",
    "district_en": "Yuen Long",
    "location_tc": "石湖塘洗車屋",
    "location_en": "Shek Wu Tong Carwash",
    "address_en": "Shek Tin Road Shek Wu Tong, Kam Tin",
    "std": 0,
    "medium": 0,
    "quick": 1,
    "fast": 0,
    "total": 1
   }
  },
  {
   "type": "Feature",
   "geometry": {
    "type": "Point",
    "coordinates": [
     113.971706,
     22.393417
    ]
   },
   "properties": {
    "district_tc": "屯門區",
    "district_en": "Tuen Mun",
    "location_tc": "匯賢一號‧雋峰",
    "location_en": "One Vista Summit",
    "address_en": "3 San Hop Ln, Tuen Mun",
    "std": 0,
    "medium": 4,
    "quick": 1,
    "fast": 0,
    "total": 5
   }
  },
  {
   "type": "Feature",
   "geometry": {
    "type": "Point",
    "coordinates": [
     114.075091,
     22.425491
    ]
   },
   "properties": {
    "district_tc": "元朗區",
    "district_en": "Yuen Long",
    "location_tc": "錦上路115號",
    "location_en": "115 Kam Sheung Road",
    "address_en": "115 Kam Sheung Road",
    "std": 0,
    "medium": 0,
    "quick": 2,
    "fast": 0,
    "total": 2
   }
  },
  {
   "type": "Feature",
   "geometry": {
    "type": "Point",
    "coordinates": [
     113.976723,
     22.381957
    ]
   },
   "properties": {
    "district_tc": "屯門區",
    "district_en": "Tuen Mun",
    "location_tc": "恒福商場",
    "location_en": "Hanford Plaza",
    "address_en": "333 CASTLE PEAK ROAD - CASTLE PEAK BAY",
    "std": 0,
    "medium": 1,
    "quick": 0,
    "fast": 0,
    "total": 1
   }
  },
  {
   "type": "Feature",
   "geometry": {
    "type": "Point",
    "coordinates": [
     114.167829,
     22.236431
    ]
   },
   "properties": {
    "district_tc": "南區",
    "district_en": "Southern",
    "location_tc": "香港海洋公園 ‧ 水上樂園停車場",
    "location_en": "Water World Ocean Park Hong Kong Carpark",
    "address_en": "33 Ocean Drive, Aberdeen, Hong Kong",
    "std": 0,
    "medium": 5,
    "quick": 0,
    "fast": 0,
    "total": 5
   }
  },
  {
   "type": "Feature",
   "geometry": {
    "type": "Point",
    "coordinates": [
     114.201224,
     22.398958
    ]
   },
   "properties": {
    "district_tc": "沙田區",
    "district_en": "Sha Tin",
    "location_tc": "駿景廣場",
    "location_en": "Plaza Ascot",
    "address_en": "1 Tsun King Road, Fo Tan, Shatin",
    "std": 0,
    "medium": 0,
    "quick": 11,
    "fast": 0,
    "total": 11
   }
  },
  {
   "type": "Feature",
   "geometry": {
    "type": "Point",
    "coordinates": [
     114.120318,
     22.365415
    ]
   },
   "properties": {
    "district_tc": "荃灣區",
    "district_en": "Tsuen Wan",
    "location_tc": "嘉民達力中心",
    "location_en": "Goodman Dynamic Centre",
    "address_en": "188 Yeung Uk Road",
    "std": 0,
    "medium": 0,
    "quick": 2,
    "fast": 0,
    "total": 2
   }
  },
  {
   "type": "Feature",
   "geometry": {
    "type": "Point",
    "coordinates": [
     114.119398,
     22.365626
    ]
   },
   "properties": {
    "district_tc": "荃灣區",
    "district_en": "Tsuen Wan",
    "location_tc": "嘉民國際訊通中心",
    "location_en": "Goodman Global Gateway",
    "address_en": "168 Yeung Uk Road",
    "std": 0,
    "medium": 0,
    "quick": 4,
    "fast": 2,
    "total": 6
   }
  },
  {
   "type": "Feature",
   "geometry": {
    "type": "Point",
    "coordinates": [
     114.108441,
     22.332142
    ]
   },
   "properties": {
    "district_tc": "葵青區",
    "district_en": "Kwai Tsing",
    "location_tc": "嘉民領達中心",
    "location_en": "Goodman Interlink",
    "address_en": "39 Tsing Yi Road",
    "std": 0,
    "medium": 6,
    "quick": 8,
    "fast": 2,
    "total": 16
   }
  },
  {
   "type": "Feature",
   "geometry": {
    "type": "Point",
    "coordinates": [
     114.190953,
     22.397415
    ]
   },
   "properties": {
    "district_tc": "沙田區",
    "district_en": "Sha Tin",
    "location_tc": "嘉民沙田物流中心",
    "location_en": "Goodman Sha Tin Logistic Centre Phase 1",
    "address_en": "6 Wong Chuk Yeung Street",
    "std": 0,
    "medium": 0,
    "quick": 2,
    "fast": 1,
    "total": 3
   }
  },
  {
   "type": "Feature",
   "geometry": {
    "type": "Point",
    "coordinates": [
     113.97016,
     22.391926
    ]
   },
   "properties": {
    "district_tc": "屯門區",
    "district_en": "Tuen Mun",
    "location_tc": "嘉民屯門物流中心",
    "location_en": "Goodman Tuen Mun Distribution Centre",
    "address_en": "3A Hung Cheung Road",
    "std": 0,
    "medium": 0,
    "quick": 4,
    "fast": 2,
    "total": 6
   }
  },
  {
   "type": "Feature",
   "geometry": {
    "type": "Point",
    "coordinates": [
     113.971009,
     22.39449
    ]
   },
   "properties": {
    "district_tc": "屯門區",
    "district_en": "Tuen Mun",
    "location_tc": "嘉民環宇物流廣場",
    "location_en": "Goodman Western Plaza",
    "address_en": "2 Tin Hau Road",
    "std": 0,
    "medium": 0,
    "quick": 4,
    "fast": 2,
    "total": 6
   }
  },
  {
   "type": "Feature",
   "geometry": {
    "type": "Point",
    "coordinates": [
     114.107185,
     22.343811
    ]
   },
   "properties": {
    "district_tc": "葵青區",
    "district_en": "Kwai Tsing",
    "location_tc": "美景花園",
    "location_en": "Mayfair Gardens",
    "address_en": "Sai Shan Rd, Sai Shan",
    "std": 0,
    "medium": 0,
    "quick": 2,
    "fast": 0,
    "total": 2
   }
  },
  {
   "type": "Feature",
   "geometry": {
    "type": "Point",
    "coordinates": [
     114.268099,
     22.314034
    ]
   },
   "properties": {
    "district_tc": "西貢區",
    "district_en": "Sai Kung",
    "location_tc": "昭明苑",
    "location_en": "Chiu Ming Court",
    "address_en": "11 Chiu Shun Rd",
    "std": 0,
    "medium": 5,
    "quick": 0,
    "fast": 0,
    "total": 5
   }
  },
  {
   "type": "Feature",
   "geometry": {
    "type": "Point",
    "coordinates": [
     113.980645,
     22.389242
    ]
   },
   "properties": {
    "district_tc": "屯門區",
    "district_en": "Tuen Mun",
    "location_tc": "顯發邨",
    "location_en": "Hin Fat Estate",
    "address_en": "Hin Fat Ln, Tuen Mun",
    "std": 0,
    "medium": 7,
    "quick": 0,
    "fast": 0,
    "total": 7
   }
  },
  {
   "type": "Feature",
   "geometry": {
    "type": "Point",
    "coordinates": [
     114.195115,
     22.327043
    ]
   },
   "properties": {
    "district_tc": "九龍城區",
    "district_en": "Kowloon City",
    "location_tc": "啟欣苑",
    "location_en": "Kai Yan Court",
    "address_en": "6 Muk Lai St, Kai Tak",
    "std": 0,
    "medium": 17,
    "quick": 0,
    "fast": 0,
    "total": 17
   }
  },
  {
   "type": "Feature",
   "geometry": {
    "type": "Point",
    "coordinates": [
     114.202869,
     22.29254
    ]
   },
   "properties": {
    "district_tc": "東區",
    "district_en": "Eastern",
    "location_tc": "驥華苑",
    "location_en": "Kei Wah Court",
    "address_en": "9 Tin Chiu St, North Point",
    "std": 0,
    "medium": 2,
    "quick": 0,
    "fast": 0,
    "total": 2
   }
  },
  {
   "type": "Feature",
   "geometry": {
    "type": "Point",
    "coordinates": [
     114.159982,
     22.280163
    ]
   },
   "properties": {
    "district_tc": "中西區",
    "district_en": "Central & Western",
    "location_tc": "中國銀行大廈",
    "location_en": "Bank of China Building",
    "address_en": "2A Des Voeux Road Central",
    "std": 0,
    "medium": 3,
    "quick": 0,
    "fast": 0,
    "total": 3
   }
  },
  {
   "type": "Feature",
   "geometry": {
    "type": "Point",
    "coordinates": [
     113.970414,
     22.395357
    ]
   },
   "properties": {
    "district_tc": "屯門區",
    "district_en": "Tuen Mun",
    "location_tc": "屯門恒威工業中心",
    "location_en": "Hang Wai Industrial Building",
    "address_en": "6 Kin Tai Street",
    "std": 0,
    "medium": 5,
    "quick": 12,
    "fast": 0,
    "total": 17
   }
  },
  {
   "type": "Feature",
   "geometry": {
    "type": "Point",
    "coordinates": [
     114.143281,
     22.495577
    ]
   },
   "properties": {
    "district_tc": "北區",
    "district_en": "North",
    "location_tc": "川田集團工貿廣場",
    "location_en": "Kawada Plaza",
    "address_en": "1 On Kui St, Fanling",
    "std": 0,
    "medium": 0,
    "quick": 0,
    "fast": 6,
    "total": 6
   }
  },
  {
   "type": "Feature",
   "geometry": {
    "type": "Point",
    "coordinates": [
     114.162317,
     22.248078
    ]
   },
   "properties": {
    "district_tc": "南區",
    "district_en": "Southern",
    "location_tc": "南島廣場",
    "location_en": "South Island Place",
    "address_en": "8 Wong Chuk Hang Rd, Wong Chuk Hang",
    "std": 0,
    "medium": 0,
    "quick": 8,
    "fast": 0,
    "total": 8
   }
  },
  {
   "type": "Feature",
   "geometry": {
    "type": "Point",
    "coordinates": [
     114.213297,
     22.283517
    ]
   },
   "properties": {
    "district_tc": "東區",
    "district_en": "Eastern",
    "location_tc": "栢蕙苑",
    "location_en": "Parkvale",
    "address_en": "8 Greig Road, Quarry Bay",
    "std": 0,
    "medium": 3,
    "quick": 0,
    "fast": 0,
    "total": 3
   }
  },
  {
   "type": "Feature",
   "geometry": {
    "type": "Point",
    "coordinates": [
     114.093852,
     22.340527
    ]
   },
   "properties": {
    "district_tc": "葵青區",
    "district_en": "Kwai Tsing",
    "location_tc": "招商局 - 香港友聯船廠",
    "location_en": "China merchants - Yiu Lian Dockyards",
    "address_en": "1-7,Sai Tso Wan Road, Tsing Yi Island",
    "std": 0,
    "medium": 14,
    "quick": 0,
    "fast": 0,
    "total": 14
   }
  },
  {
   "type": "Feature",
   "geometry": {
    "type": "Point",
    "coordinates": [
     114.166434,
     22.441903
    ]
   },
   "properties": {
    "district_tc": "大埔區",
    "district_en": "Tai Po",
    "location_tc": "幸匯(運頭塘新城)",
    "location_en": "Better Place (Wan Tau Tong Square)",
    "address_en": "10 Hiu Wan Rd, Tai Po",
    "std": 0,
    "medium": 0,
    "quick": 10,
    "fast": 0,
    "total": 10
   }
  },
  {
   "type": "Feature",
   "geometry": {
    "type": "Point",
    "coordinates": [
     114.148984,
     22.339408
    ]
   },
   "properties": {
    "district_tc": "深水埗區",
    "district_en": "Sham Shui Po",
    "location_tc": "東方國際大廈",
    "location_en": "Orient International Tower",
    "address_en": "1018 Tai Nan West Street, Lai Chi Kok",
    "std": 0,
    "medium": 0,
    "quick": 4,
    "fast": 0,
    "total": 4
   }
  },
  {
   "type": "Feature",
   "geometry": {
    "type": "Point",
    "coordinates": [
     114.0114,
     22.451373
    ]
   },
   "properties": {
    "district_tc": "元朗區",
    "district_en": "Yuen Long",
    "location_tc": "丫髻山地單車樂園",
    "location_en": "AKKI Bike Park",
    "address_en": "Yung Yuen Road, Ha Mei New Village, Ping Shan, Yuen Long",
    "std": 0,
    "medium": 0,
    "quick": 4,
    "fast": 0,
    "total": 4
   }
  },
  {
   "type": "Feature",
   "geometry": {
    "type": "Point",
    "coordinates": [
     114.171108,
     22.274491
    ]
   },
   "properties": {
    "district_tc": "灣仔區",
    "district_en": "Wan Chai",
    "location_tc": "合和中心2期",
    "location_en": "Hopewell Centre II",
    "address_en": "15 Kennedy Rd, Wan Chai",
    "std": 0,
    "medium": 32,
    "quick": 0,
    "fast": 0,
    "total": 32
   }
  },
  {
   "type": "Feature",
   "geometry": {
    "type": "Point",
    "coordinates": [
     114.110713,
     22.374158
    ]
   },
   "properties": {
    "district_tc": "荃灣區",
    "district_en": "Tsuen Wan",
    "location_tc": "國際企業中心三期停車場",
    "location_en": "International Enterprise Centre III Car Park",
    "address_en": "48 Pak Tin Par St, Tsuen Wan",
    "std": 0,
    "medium": 0,
    "quick": 4,
    "fast": 0,
    "total": 4
   }
  },
  {
   "type": "Feature",
   "geometry": {
    "type": "Point",
    "coordinates": [
     114.224451,
     22.280795
    ]
   },
   "properties": {
    "district_tc": "東區",
    "district_en": "Eastern",
    "location_tc": "海天廣場停車場",
    "location_en": "Marina House Car Park",
    "address_en": "68 Hing Man Street, Shau Kei Wan",
    "std": 0,
    "medium": 17,
    "quick": 0,
    "fast": 0,
    "total": 17
   }
  },
  {
   "type": "Feature",
   "geometry": {
    "type": "Point",
    "coordinates": [
     114.207328,
     22.322291
    ]
   },
   "properties": {
    "district_tc": "觀塘區",
    "district_en": "Kwun Tong",
    "location_tc": "商業廣場停車場",
    "location_en": "Corporation Square Car Park",
    "address_en": "8 Lam Lok Street, Kowloon Bay",
    "std": 2,
    "medium": 0,
    "quick": 0,
    "fast": 0,
    "total": 2
   }
  },
  {
   "type": "Feature",
   "geometry": {
    "type": "Point",
    "coordinates": [
     114.033737,
     22.445372
    ]
   },
   "properties": {
    "district_tc": "元朗區",
    "district_en": "Yuen Long",
    "location_tc": "元點停車場",
    "location_en": "Yoho Mix Parking",
    "address_en": "1 Long Lok Rd, Yuen Long",
    "std": 0,
    "medium": 0,
    "quick": 2,
    "fast": 0,
    "total": 2
   }
  },
  {
   "type": "Feature",
   "geometry": {
    "type": "Point",
    "coordinates": [
     114.18125,
     22.249183
    ]
   },
   "properties": {
    "district_tc": "南區",
    "district_en": "Southern",
    "location_tc": "壽臣山廣場",
    "location_en": "Shouson Place",
    "address_en": "Shouson Hill Road",
    "std": 0,
    "medium": 0,
    "quick": 2,
    "fast": 0,
    "total": 2
   }
  },
  {
   "type": "Feature",
   "geometry": {
    "type": "Point",
    "coordinates": [
     114.05469,
     22.36485
    ]
   },
   "properties": {
    "district_tc": "荃灣區",
    "district_en": "Tsuen Wan",
    "location_tc": "浪翠園三期",
    "location_en": "Sea Crest Villa Phase 3",
    "address_en": "18 Castle Peak Rd-Tsing Lung Tau, Tsing Lung Tau",
    "std": 0,
    "medium": 6,
    "quick": 0,
    "fast": 0,
    "total": 6
   }
  },
  {
   "type": "Feature",
   "geometry": {
    "type": "Point",
    "coordinates": [
     114.220386,
     22.310755
    ]
   },
   "properties": {
    "district_tc": "觀塘區",
    "district_en": "Kwun Tong",
    "location_tc": "嘉靈大廈",
    "location_en": "Karin Building",
    "address_en": "Wai Yip Street, Kwun Tong",
    "std": 0,
    "medium": 0,
    "quick": 1,
    "fast": 0,
    "total": 1
   }
  },
  {
   "type": "Feature",
   "geometry": {
    "type": "Point",
    "coordinates": [
     114.174877,
     22.333295
    ]
   },
   "properties": {
    "district_tc": "九龍城區",
    "district_en": "Kowloon City",
    "location_tc": "又一居A停車場",
    "location_en": "Parc Oasis (Carpark A, Visitor Parking)",
    "address_en": "Parc Oasis Road",
    "std": 0,
    "medium": 1,
    "quick": 0,
    "fast": 0,
    "total": 1
   }
  },
  {
   "type": "Feature",
   "geometry": {
    "type": "Point",
    "coordinates": [
     114.219087,
     22.287214
    ]
   },
   "properties": {
    "district_tc": "東區",
    "district_en": "Eastern",
    "location_tc": "星輝台停車場",
    "location_en": "Shing Fai Terrace",
    "address_en": "Taikoo Shing",
    "std": 0,
    "medium": 0,
    "quick": 12,
    "fast": 0,
    "total": 12
   }
  },
  {
   "type": "Feature",
   "geometry": {
    "type": "Point",
    "coordinates": [
     114.180838,
     22.375703
    ]
   },
   "properties": {
    "district_tc": "沙田區",
    "district_en": "Sha Tin",
    "location_tc": "成全工業大廈",
    "location_en": "Shing Chuen Industrial Building",
    "address_en": "Shing Wan Rd, Tai Wai",
    "std": 0,
    "medium": 0,
    "quick": 0,
    "fast": 10,
    "total": 10
   }
  },
  {
   "type": "Feature",
   "geometry": {
    "type": "Point",
    "coordinates": [
     114.153109,
     22.335755
    ]
   },
   "properties": {
    "district_tc": "深水埗區",
    "district_en": "Sham Shui Po",
    "location_tc": "幸俊苑停車場",
    "location_en": "Hang Chun Court Car Park",
    "address_en": "2 HANG CHEUNG STREET",
    "std": 0,
    "medium": 6,
    "quick": 0,
    "fast": 0,
    "total": 6
   }
  },
  {
   "type": "Feature",
   "geometry": {
    "type": "Point",
    "coordinates": [
     114.171119,
     22.453738
    ]
   },
   "properties": {
    "district_tc": "大埔區",
    "district_en": "Tai Po",
    "location_tc": "大埔超級城多層停車場",
    "location_en": "Tai Po Mega Mall Multi-Storey Carpark",
    "address_en": "No.2, On Pong Road, Tai Po, N.T.",
    "std": 0,
    "medium": 2,
    "quick": 4,
    "fast": 0,
    "total": 6
   }
  },
  {
   "type": "Feature",
   "geometry": {
    "type": "Point",
    "coordinates": [
     113.969669,
     22.387667
    ]
   },
   "properties": {
    "district_tc": "屯門區",
    "district_en": "Tuen Mun",
    "location_tc": "業旺邨停車場一期及二期",
    "location_en": "Yip Wong Estate Phase 1 & 2 Car Park",
    "address_en": "21&25 Tin Sau Road, Tuen Mun",
    "std": 0,
    "medium": 33,
    "quick": 2,
    "fast": 0,
    "total": 35
   }
  },
  {
   "type": "Feature",
   "geometry": {
    "type": "Point",
    "coordinates": [
     114.127041,
     22.357749
    ]
   },
   "properties": {
    "district_tc": "葵青區",
    "district_en": "Kwai Tsing",
    "location_tc": "新都會廣場",
    "location_en": "Metroplaza",
    "address_en": "223 Hing Fong Road, Kwai Fong, NT",
    "std": 1,
    "medium": 1,
    "quick": 5,
    "fast": 0,
    "total": 7
   }
  },
  {
   "type": "Feature",
   "geometry": {
    "type": "Point",
    "coordinates": [
     114.186047,
     22.317607
    ]
   },
   "properties": {
    "district_tc": "九龍城區",
    "district_en": "Kowloon City",
    "location_tc": "樂民新村",
    "location_en": "Lok Man Sun Chuen",
    "address_en": "160 KAU PUI LUNG ROAD",
    "std": 0,
    "medium": 2,
    "quick": 0,
    "fast": 0,
    "total": 2
   }
  },
  {
   "type": "Feature",
   "geometry": {
    "type": "Point",
    "coordinates": [
     114.188942,
     22.381853
    ]
   },
   "properties": {
    "district_tc": "沙田區",
    "district_en": "Sha Tin",
    "location_tc": "新城市廣場一期停車場",
    "location_en": "New Town Plaza I",
    "address_en": "18-19, Shatin Centre Street, Shatin",
    "std": 0,
    "medium": 0,
    "quick": 12,
    "fast": 0,
    "total": 12
   }
  },
  {
   "type": "Feature",
   "geometry": {
    "type": "Point",
    "coordinates": [
     114.187588,
     22.379864
    ]
   },
   "properties": {
    "district_tc": "沙田區",
    "district_en": "Sha Tin",
    "location_tc": "新城市廣場三期停車場",
    "location_en": "New Town Plaza III",
    "address_en": "2-8, Shatin Centre Street, Shatin",
    "std": 0,
    "medium": 0,
    "quick": 4,
    "fast": 0,
    "total": 4
   }
  },
  {
   "type": "Feature",
   "geometry": {
    "type": "Point",
    "coordinates": [
     114.187703,
     22.385755
    ]
   },
   "properties": {
    "district_tc": "沙田區",
    "district_en": "Sha Tin",
    "location_tc": "新城市中央廣場",
    "location_en": "HomeSquare",
    "address_en": "138, Sha Tin Rural Committee Road, Sha Tin, New Territories",
    "std": 0,
    "medium": 0,
    "quick": 2,
    "fast": 0,
    "total": 2
   }
  },
  {
   "type": "Feature",
   "geometry": {
    "type": "Point",
    "coordinates": [
     114.224854,
     22.412963
    ]
   },
   "properties": {
    "district_tc": "沙田區",
    "district_en": "Sha Tin",
    "location_tc": "欣安邨停車場",
    "location_en": "Yan On Estate carpark",
    "address_en": "No.3 Hang Chi street Yan On Estate carpark",
    "std": 5,
    "medium": 10,
    "quick": 0,
    "fast": 0,
    "total": 15
   }
  },
  {
   "type": "Feature",
   "geometry": {
    "type": "Point",
    "coordinates": [
     114.173073,
     22.461516
    ]
   },
   "properties": {
    "district_tc": "大埔區",
    "district_en": "Tai Po",
    "location_tc": "富蝶邨一期停車場",
    "location_en": "Fu Tip Estate Phase 1 carpark",
    "address_en": "11 Chung Nga Road, Tai Po, N.T.",
    "std": 0,
    "medium": 2,
    "quick": 0,
    "fast": 0,
    "total": 2
   }
  },
  {
   "type": "Feature",
   "geometry": {
    "type": "Point",
    "coordinates": [
     114.176119,
     22.464263
    ]
   },
   "properties": {
    "district_tc": "大埔區",
    "district_en": "Tai Po",
    "location_tc": "富蝶邨二期停車場",
    "location_en": "Fu Tip Estate Phase 2 carpark",
    "address_en": "11 Choi TIp Street, Tai PO, N.T.",
    "std": 0,
    "medium": 19,
    "quick": 0,
    "fast": 0,
    "total": 19
   }
  },
  {
   "type": "Feature",
   "geometry": {
    "type": "Point",
    "coordinates": [
     114.260676,
     22.303418
    ]
   },
   "properties": {
    "district_tc": "西貢區",
    "district_en": "Sai Kung",
    "location_tc": "海天晉滙停車場",
    "location_en": "Ocean PopWalk",
    "address_en": "28 Tong Chun Street, Tseung Kwan O, N.T.",
    "std": 0,
    "medium": 0,
    "quick": 6,
    "fast": 0,
    "total": 6
   }
  },
  {
   "type": "Feature",
   "geometry": {
    "type": "Point",
    "coordinates": [
     114.223553,
     22.413102
    ]
   },
   "properties": {
    "district_tc": "沙田區",
    "district_en": "Sha Tin",
    "location_tc": "保泰街利華士智能停車場",
    "location_en": "nevas smart car park (Po Tai Street)",
    "address_en": "Po Tai  Street, Ma On Shan, New Territories",
    "std": 0,
    "medium": 0,
    "quick": 2,
    "fast": 0,
    "total": 2
   }
  },
  {
   "type": "Feature",
   "geometry": {
    "type": "Point",
    "coordinates": [
     114.023653,
     22.417815
    ]
   },
   "properties": {
    "district_tc": "元朗區",
    "district_en": "Yuen Long",
    "location_tc": "大棠村充電站",
    "location_en": "Tai Tong Tsuen Charging Point",
    "address_en": "DD117 Lot 1213",
    "std": 0,
    "medium": 0,
    "quick": 6,
    "fast": 0,
    "total": 6
   }
  },
  {
   "type": "Feature",
   "geometry": {
    "type": "Point",
    "coordinates": [
     114.110542,
     22.335394
    ]
   },
   "properties": {
    "district_tc": "葵青區",
    "district_en": "Kwai Tsing",
    "location_tc": "亞洲物流中心-順豐大廈",
    "location_en": "Asia Logistics Hub - SF Centre",
    "address_en": "S.F.Centre 9/F Asia Logistics Hub",
    "std": 0,
    "medium": 1,
    "quick": 0,
    "fast": 0,
    "total": 1
   }
  },
  {
   "type": "Feature",
   "geometry": {
    "type": "Point",
    "coordinates": [
     114.04,
     22.31786
    ]
   },
   "properties": {
    "district_tc": "離島區",
    "district_en": "Islands",
    "location_tc": "大嶼山充電站暨粵車南下資訊中心",
    "location_en": "Lantau Charging Station cum Southbound Travel for Guangdong Vehicles Information Centre",
    "address_en": "Chak Yan Road, Penny's Bay, Lantau Island",
    "std": 0,
    "medium": 0,
    "quick": 9,
    "fast": 0,
    "total": 9
   }
  },
  {
   "type": "Feature",
   "geometry": {
    "type": "Point",
    "coordinates": [
     113.98112,
     22.4048
    ]
   },
   "properties": {
    "district_tc": "屯門區",
    "district_en": "Tuen Mun",
    "location_tc": "偉景花園",
    "location_en": "Grandeur Gardens",
    "address_en": "3 King Fung Path, Tuen Mun San Hui",
    "std": 0,
    "medium": 0,
    "quick": 0,
    "fast": 4,
    "total": 4
   }
  },
  {
   "type": "Feature",
   "geometry": {
    "type": "Point",
    "coordinates": [
     114.221731,
     22.30962
    ]
   },
   "properties": {
    "district_tc": "觀塘區",
    "district_en": "Kwun Tong",
    "location_tc": "The MOD充電站",
    "location_en": "The MOD Charging Point",
    "address_en": "162 Wai Yip Street, Kwun Tong",
    "std": 0,
    "medium": 0,
    "quick": 4,
    "fast": 0,
    "total": 4
   }
  },
  {
   "type": "Feature",
   "geometry": {
    "type": "Point",
    "coordinates": [
     114.162417,
     22.324262
    ]
   },
   "properties": {
    "district_tc": "油尖旺區",
    "district_en": "Yau Tsim Mong",
    "location_tc": "宏創坊充電站",
    "location_en": "KHORA Charging Point",
    "address_en": "128 Bedford Rd, Tai Kok Tsui",
    "std": 0,
    "medium": 0,
    "quick": 2,
    "fast": 0,
    "total": 2
   }
  },
  {
   "type": "Feature",
   "geometry": {
    "type": "Point",
    "coordinates": [
     114.110521,
     22.331817
    ]
   },
   "properties": {
    "district_tc": "葵青區",
    "district_en": "Kwai Tsing",
    "location_tc": "青衣9號貨櫃碼頭充電站",
    "location_en": "Kwai Tsing Container Terminal 9 Charging Point",
    "address_en": "Kwai Tsing Container Terminal 9, Tsing Yi",
    "std": 0,
    "medium": 0,
    "quick": 20,
    "fast": 0,
    "total": 20
   }
  },
  {
   "type": "Feature",
   "geometry": {
    "type": "Point",
    "coordinates": [
     114.028883,
     22.462572
    ]
   },
   "properties": {
    "district_tc": "元朗區",
    "district_en": "Yuen Long",
    "location_tc": "元朗工業村充電站",
    "location_en": "Yuen Long Industrial Estate Charging Point",
    "address_en": "25 Wang Lok St",
    "std": 0,
    "medium": 0,
    "quick": 10,
    "fast": 0,
    "total": 10
   }
  },
  {
   "type": "Feature",
   "geometry": {
    "type": "Point",
    "coordinates": [
     113.990756,
     22.443041
    ]
   },
   "properties": {
    "district_tc": "元朗區",
    "district_en": "Yuen Long",
    "location_tc": "元朗夏村充電站",
    "location_en": "Yuen Long Ha Tsuen Charging Point",
    "address_en": "DD124  LOT1181 Tin Ha Rd, Yuen Long",
    "std": 0,
    "medium": 0,
    "quick": 6,
    "fast": 0,
    "total": 6
   }
  },
  {
   "type": "Feature",
   "geometry": {
    "type": "Point",
    "coordinates": [
     114.256902,
     22.304177
    ]
   },
   "properties": {
    "district_tc": "西貢區",
    "district_en": "Sai Kung",
    "location_tc": "將軍澳政府合署公眾停車場",
    "location_en": "Tseung Kwan O Government Offices Public Car Park",
    "address_en": "30 Tong Yin Street, Tseung Kwan O, New Territories",
    "std": 0,
    "medium": 161,
    "quick": 0,
    "fast": 0,
    "total": 161
   }
  },
  {
   "type": "Feature",
   "geometry": {
    "type": "Point",
    "coordinates": [
     114.209938,
     22.322146
    ]
   },
   "properties": {
    "district_tc": "觀塘區",
    "district_en": "Kwun Tong",
    "location_tc": "THE CENDAS 停車場",
    "location_en": "THE CENDAS Carpark",
    "address_en": "THE CENDAS, 15 Sheung Yuet Road, Kowloon Bay",
    "std": 0,
    "medium": 173,
    "quick": 0,
    "fast": 0,
    "total": 173
   }
  },
  {
   "type": "Feature",
   "geometry": {
    "type": "Point",
    "coordinates": [
     114.177885,
     22.310975
    ]
   },
   "properties": {
    "district_tc": "九龍城區",
    "district_en": "Kowloon City",
    "location_tc": "中國石油何文田油電站",
    "location_en": "PetroChina Ho Man Tin Petrol-cum-Charging Station",
    "address_en": "107 Princess Margaret Road, Ho Man Tin",
    "std": 0,
    "medium": 0,
    "quick": 0,
    "fast": 4,
    "total": 4
   }
  },
  {
   "type": "Feature",
   "geometry": {
    "type": "Point",
    "coordinates": [
     114.199356,
     22.238587
    ]
   },
   "properties": {
    "district_tc": "南區",
    "district_en": "Southern",
    "location_tc": "中國石油淺水灣油電站",
    "location_en": "PetroChina Repulse Bay Petrol-cum-Charging Station",
    "address_en": "Rural Building Lot No. 1196, South Bay Road, Repulse Bay (At the junction of South Bay Road)",
    "std": 0,
    "medium": 0,
    "quick": 0,
    "fast": 2,
    "total": 2
   }
  },
  {
   "type": "Feature",
   "geometry": {
    "type": "Point",
    "coordinates": [
     114.19951,
     22.334588
    ]
   },
   "properties": {
    "district_tc": "黃大仙區",
    "district_en": "Wong Tai Sin",
    "location_tc": "友邦九龍金融中心停車場",
    "location_en": "AIA Financial Centre Car Park",
    "address_en": "712 Prince Edward Road East, Kowloon",
    "std": 0,
    "medium": 1,
    "quick": 0,
    "fast": 0,
    "total": 1
   }
  },
  {
   "type": "Feature",
   "geometry": {
    "type": "Point",
    "coordinates": [
     114.135246,
     22.338811
    ]
   },
   "properties": {
    "district_tc": "深水埗區",
    "district_en": "Sham Shui Po",
    "location_tc": "清麗苑停車場",
    "location_en": "CHING LAI COURT Car Park",
    "address_en": "264 LAI KING HILL ROAD",
    "std": 0,
    "medium": 3,
    "quick": 0,
    "fast": 0,
    "total": 3
   }
  },
  {
   "type": "Feature",
   "geometry": {
    "type": "Point",
    "coordinates": [
     114.155356,
     22.333492
    ]
   },
   "properties": {
    "district_tc": "深水埗區",
    "district_en": "Sham Shui Po",
    "location_tc": "麗翠苑停車場",
    "location_en": "Lai Tsui Court Car Park",
    "address_en": "608 LAI CHI KOK ROAD",
    "std": 3,
    "medium": 0,
    "quick": 0,
    "fast": 0,
    "total": 3
   }
  },
  {
   "type": "Feature",
   "geometry": {
    "type": "Point",
    "coordinates": [
     114.165541,
     22.336643
    ]
   },
   "properties": {
    "district_tc": "深水埗區",
    "district_en": "Sham Shui Po",
    "location_tc": "白田邨7&8期停車場",
    "location_en": "Pak Tin Estate Phase 7 & 8 Carpark",
    "address_en": "51 Pak Tin Street, Shek Kip Mei, Kowloon",
    "std": 6,
    "medium": 5,
    "quick": 0,
    "fast": 0,
    "total": 11
   }
  },
  {
   "type": "Feature",
   "geometry": {
    "type": "Point",
    "coordinates": [
     114.157104,
     22.340139
    ]
   },
   "properties": {
    "district_tc": "深水埗區",
    "district_en": "Sham Shui Po",
    "location_tc": "蘇屋邨停車場二期",
    "location_en": "SO UK Estate Car Park Phase 2",
    "address_en": "380 PO ON ROAD",
    "std": 3,
    "medium": 12,
    "quick": 0,
    "fast": 0,
    "total": 15
   }
  },
  {
   "type": "Feature",
   "geometry": {
    "type": "Point",
    "coordinates": [
     114.157229,
     22.335144
    ]
   },
   "properties": {
    "district_tc": "深水埗區",
    "district_en": "Sham Shui Po",
    "location_tc": "元州邨五期停車場",
    "location_en": "Un Chau Estate Phase 5 Carpark",
    "address_en": "303 Un Chau Street, Un Chau Estate",
    "std": 0,
    "medium": 3,
    "quick": 0,
    "fast": 0,
    "total": 3
   }
  },
  {
   "type": "Feature",
   "geometry": {
    "type": "Point",
    "coordinates": [
     114.021929,
     22.441551
    ]
   },
   "properties": {
    "district_tc": "元朗區",
    "district_en": "Yuen Long",
    "location_tc": "元朗游泳池停車場",
    "location_en": "Yuen Long Swimming Pool Car Park",
    "address_en": "Yuen Long Tai Yuk Road 10, Yuen Long",
    "std": 0,
    "medium": 17,
    "quick": 0,
    "fast": 0,
    "total": 17
   }
  },
  {
   "type": "Feature",
   "geometry": {
    "type": "Point",
    "coordinates": [
     114.151433,
     22.331032
    ]
   },
   "properties": {
    "district_tc": "深水埗區",
    "district_en": "Sham Shui Po",
    "location_tc": "凱德苑停車場",
    "location_en": "Hoi Tak Court Carpark",
    "address_en": "No.5 Fat Cheung Street West, Cheung Sha Wan",
    "std": 2,
    "medium": 0,
    "quick": 0,
    "fast": 0,
    "total": 2
   }
  },
  {
   "type": "Feature",
   "geometry": {
    "type": "Point",
    "coordinates": [
     114.220897,
     22.312864
    ]
   },
   "properties": {
    "district_tc": "觀塘區",
    "district_en": "Kwun Tong",
    "location_tc": "The ANGLE 停車場",
    "location_en": "The ANGLE Car Park",
    "address_en": "98 HOW MING STREET,KWUN TONG,KOWLOON",
    "std": 0,
    "medium": 12,
    "quick": 0,
    "fast": 0,
    "total": 12
   }
  },
  {
   "type": "Feature",
   "geometry": {
    "type": "Point",
    "coordinates": [
     114.265225,
     22.316642
    ]
   },
   "properties": {
    "district_tc": "西貢區",
    "district_en": "Sai Kung",
    "location_tc": "東港城商場",
    "location_en": "East Point City",
    "address_en": "8 Chung Wa Road, Hang Hau, TKO",
    "std": 0,
    "medium": 0,
    "quick": 10,
    "fast": 0,
    "total": 10
   }
  },
  {
   "type": "Feature",
   "geometry": {
    "type": "Point",
    "coordinates": [
     114.19258,
     22.325254
    ]
   },
   "properties": {
    "district_tc": "九龍城區",
    "district_en": "Kowloon City",
    "location_tc": "啟悅苑",
    "location_en": "Kai Yuet Court",
    "address_en": "Sung Wong Toi Rd, Ma Tau Chung",
    "std": 0,
    "medium": 13,
    "quick": 2,
    "fast": 0,
    "total": 15
   }
  },
  {
   "type": "Feature",
   "geometry": {
    "type": "Point",
    "coordinates": [
     114.208322,
     22.343343
    ]
   },
   "properties": {
    "district_tc": "黃大仙區",
    "district_en": "Wong Tai Sin",
    "location_tc": "加德士蒲崗村道油電站",
    "location_en": "Caltex Po Kong Village Road Petro-cum-Charging Station",
    "address_en": "5 Fung Shing Street, Diamond Hill",
    "std": 0,
    "medium": 0,
    "quick": 0,
    "fast": 2,
    "total": 2
   }
  },
  {
   "type": "Feature",
   "geometry": {
    "type": "Point",
    "coordinates": [
     114.202114,
     22.427407
    ]
   },
   "properties": {
    "district_tc": "大埔區",
    "district_en": "Tai Po",
    "location_tc": "Silicon Lane 商場",
    "location_en": "Silicon Lane Shopping Mall",
    "address_en": "Silicon Hill, 63 Yau King Ln, Ma Liu Shui, New Territories",
    "std": 0,
    "medium": 0,
    "quick": 4,
    "fast": 0,
    "total": 4
   }
  },
  {
   "type": "Feature",
   "geometry": {
    "type": "Point",
    "coordinates": [
     114.002148,
     22.459319
    ]
   },
   "properties": {
    "district_tc": "元朗區",
    "district_en": "Yuen Long",
    "location_tc": "Yoho West",
    "location_en": "Yoho West",
    "address_en": "1 Tin Yan Road, Tin Shui Wai",
    "std": 0,
    "medium": 0,
    "quick": 3,
    "fast": 0,
    "total": 3
   }
  },
  {
   "type": "Feature",
   "geometry": {
    "type": "Point",
    "coordinates": [
     114.158321,
     22.333262
    ]
   },
   "properties": {
    "district_tc": "深水埗區",
    "district_en": "Sham Shui Po",
    "location_tc": "怡閣停車場",
    "location_en": "Yee Kok Car Park",
    "address_en": "329 - 343 Cheung Sha Wan Road, Sham Shui Po, Kowloon",
    "std": 0,
    "medium": 6,
    "quick": 0,
    "fast": 0,
    "total": 6
   }
  },
  {
   "type": "Feature",
   "geometry": {
    "type": "Point",
    "coordinates": [
     114.220578,
     22.322426
    ]
   },
   "properties": {
    "district_tc": "觀塘區",
    "district_en": "Kwun Tong",
    "location_tc": "樂雅停車場",
    "location_en": "Lok Nga Car Park",
    "address_en": "50 Chun Wah Road, Ngau Tau Kwok, Kwun Tong, Kowloon",
    "std": 0,
    "medium": 6,
    "quick": 0,
    "fast": 0,
    "total": 6
   }
  },
  {
   "type": "Feature",
   "geometry": {
    "type": "Point",
    "coordinates": [
     114.109404,
     22.373876
    ]
   },
   "properties": {
    "district_tc": "荃灣區",
    "district_en": "Tsuen Wan",
    "location_tc": "京匯廣場",
    "location_en": "Kingview Plaza",
    "address_en": "39 Sha Tsui Road, Tsuen Wan",
    "std": 0,
    "medium": 6,
    "quick": 2,
    "fast": 0,
    "total": 8
   }
  },
  {
   "type": "Feature",
   "geometry": {
    "type": "Point",
    "coordinates": [
     114.169801,
     22.278838
    ]
   },
   "properties": {
    "district_tc": "灣仔區",
    "district_en": "Wan Chai",
    "location_tc": "夏慤大廈",
    "location_en": "Harcourt House",
    "address_en": "39 Gloucester Road, Wanchai",
    "std": 0,
    "medium": 0,
    "quick": 4,
    "fast": 0,
    "total": 4
   }
  },
  {
   "type": "Feature",
   "geometry": {
    "type": "Point",
    "coordinates": [
     114.108102,
     22.338301
    ]
   },
   "properties": {
    "district_tc": "葵青區",
    "district_en": "Kwai Tsing",
    "location_tc": "豐樹青衣物流中心",
    "location_en": "Mapletree Logistics Hub Tsing Yi",
    "address_en": "30 Tsing Yi Rd, Tsing Yi",
    "std": 0,
    "medium": 0,
    "quick": 2,
    "fast": 0,
    "total": 2
   }
  },
  {
   "type": "Feature",
   "geometry": {
    "type": "Point",
    "coordinates": [
     113.969608,
     22.372889
    ]
   },
   "properties": {
    "district_tc": "屯門區",
    "district_en": "Tuen Mun",
    "location_tc": "邁亞美海灣停車場",
    "location_en": "Miami Beach Tower Car Park",
    "address_en": "68 Wu Chui Road, Tuen Mun",
    "std": 0,
    "medium": 2,
    "quick": 0,
    "fast": 0,
    "total": 2
   }
  },
  {
   "type": "Feature",
   "geometry": {
    "type": "Point",
    "coordinates": [
     113.98475,
     22.37822
    ]
   },
   "properties": {
    "district_tc": "屯門區",
    "district_en": "Tuen Mun",
    "location_tc": "海景花園停車場",
    "location_en": "Seaview Garden Car Park",
    "address_en": "1 Tsing Yung St, Tuen Mun",
    "std": 0,
    "medium": 4,
    "quick": 0,
    "fast": 0,
    "total": 4
   }
  },
  {
   "type": "Feature",
   "geometry": {
    "type": "Point",
    "coordinates": [
     113.943685,
     22.320603
    ]
   },
   "properties": {
    "district_tc": "離島區",
    "district_en": "Islands",
    "location_tc": "亞洲國際博覽館",
    "location_en": "Asiaworld-Expo",
    "address_en": "Asiaworld-Expo Charging Facilities",
    "std": 0,
    "medium": 12,
    "quick": 0,
    "fast": 0,
    "total": 12
   }
  },
  {
   "type": "Feature",
   "geometry": {
    "type": "Point",
    "coordinates": [
     114.18679,
     22.27517
    ]
   },
   "properties": {
    "district_tc": "灣仔區",
    "district_en": "Wan Chai",
    "location_tc": "南華體育會",
    "location_en": "South China Athletic Association (SCAA)",
    "address_en": "88 Caroline Hill Rd, Causeway Bay",
    "std": 0,
    "medium": 9,
    "quick": 2,
    "fast": 0,
    "total": 11
   }
  },
  {
   "type": "Feature",
   "geometry": {
    "type": "Point",
    "coordinates": [
     114.157757,
     22.33597
    ]
   },
   "properties": {
    "district_tc": "深水埗區",
    "district_en": "Sham Shui Po",
    "location_tc": "睿峰",
    "location_en": "The vertex",
    "address_en": "FUK WING STREET, SHAM SHUI PO",
    "std": 0,
    "medium": 0,
    "quick": 8,
    "fast": 0,
    "total": 8
   }
  },
  {
   "type": "Feature",
   "geometry": {
    "type": "Point",
    "coordinates": [
     114.149152,
     22.326729
    ]
   },
   "properties": {
    "district_tc": "深水埗區",
    "district_en": "Sham Shui Po",
    "location_tc": "SOHO West",
    "location_en": "SOHO West",
    "address_en": "10 Lai Ying Street, Cheung Sha Wan",
    "std": 0,
    "medium": 0,
    "quick": 2,
    "fast": 0,
    "total": 2
   }
  },
  {
   "type": "Feature",
   "geometry": {
    "type": "Point",
    "coordinates": [
     114.214894,
     22.316366
    ]
   },
   "properties": {
    "district_tc": "觀塘區",
    "district_en": "Kwun Tong",
    "location_tc": "永英工業大廈",
    "location_en": "Wing Ying Industrial Building",
    "address_en": "95 Wai Yip Street, Kwun Tong",
    "std": 0,
    "medium": 0,
    "quick": 8,
    "fast": 0,
    "total": 8
   }
  },
  {
   "type": "Feature",
   "geometry": {
    "type": "Point",
    "coordinates": [
     114.245782,
     22.268548
    ]
   },
   "properties": {
    "district_tc": "東區",
    "district_en": "Eastern",
    "location_tc": "楊耀松工業大廈",
    "location_en": "Yeung Yiu Chung Industrial Building",
    "address_en": "2 Fung Yip Street, Chai Wan",
    "std": 0,
    "medium": 0,
    "quick": 4,
    "fast": 0,
    "total": 4
   }
  },
  {
   "type": "Feature",
   "geometry": {
    "type": "Point",
    "coordinates": [
     114.024665,
     22.436284
    ]
   },
   "properties": {
    "district_tc": "元朗區",
    "district_en": "Yuen Long",
    "location_tc": "The Green Atrium 停車場",
    "location_en": "The Green Atrium Car Park",
    "address_en": "68 Kung Um Road",
    "std": 0,
    "medium": 0,
    "quick": 2,
    "fast": 0,
    "total": 2
   }
  },
  {
   "type": "Feature",
   "geometry": {
    "type": "Point",
    "coordinates": [
     114.017935,
     22.431634
    ]
   },
   "properties": {
    "district_tc": "元朗區",
    "district_en": "Yuen Long",
    "location_tc": "山下村地面停車場",
    "location_en": "Shan Ha Tsuen Car Park",
    "address_en": "Shan Ha Tsuen",
    "std": 0,
    "medium": 0,
    "quick": 0,
    "fast": 2,
    "total": 2
   }
  },
  {
   "type": "Feature",
   "geometry": {
    "type": "Point",
    "coordinates": [
     113.937837,
     22.318544
    ]
   },
   "properties": {
    "district_tc": "離島區",
    "district_en": "Islands",
    "location_tc": "機場三號停車場",
    "location_en": "Airport Car Park 3",
    "address_en": "SkyPlaza Road Central, Hong Kong International Airport",
    "std": 0,
    "medium": 72,
    "quick": 18,
    "fast": 0,
    "total": 90
   }
  },
  {
   "type": "Feature",
   "geometry": {
    "type": "Point",
    "coordinates": [
     114.213061,
     22.306208
    ]
   },
   "properties": {
    "district_tc": "九龍城區",
    "district_en": "Kowloon City",
    "location_tc": "郵輪碼頭停車場1號",
    "location_en": "Kai Tak Cruise Terminal Car Park 1",
    "address_en": "33 Shing Fung Road, Kowloon, Hong Kong",
    "std": 23,
    "medium": 0,
    "quick": 6,
    "fast": 0,
    "total": 29
   }
  },
  {
   "type": "Feature",
   "geometry": {
    "type": "Point",
    "coordinates": [
     114.237858,
     22.322302
    ]
   },
   "properties": {
    "district_tc": "西貢區",
    "district_en": "Sai Kung",
    "location_tc": "安秀苑停車場",
    "location_en": "On Sau Court Carpark",
    "address_en": "On Sau Shopping Centre, On Sau Court, 12 On Yu Road, Sai Kung, N.T.",
    "std": 0,
    "medium": 9,
    "quick": 1,
    "fast": 0,
    "total": 10
   }
  },
  {
   "type": "Feature",
   "geometry": {
    "type": "Point",
    "coordinates": [
     114.147046,
     22.335428
    ]
   },
   "properties": {
    "district_tc": "深水埗區",
    "district_en": "Sham Shui Po",
    "location_tc": "荔枝角儲存易停車場",
    "location_en": "STOREFRIENDLY TOWER (PENINSULA WEST)",
    "address_en": "850-870 Lai Chi Kok Road, Cheung Sha Wan",
    "std": 0,
    "medium": 0,
    "quick": 0,
    "fast": 9,
    "total": 9
   }
  },
  {
   "type": "Feature",
   "geometry": {
    "type": "Point",
    "coordinates": [
     114.050004,
     22.362051
    ]
   },
   "properties": {
    "district_tc": "荃灣區",
    "district_en": "Tsuen Wan",
    "location_tc": "浪翠園四期",
    "location_en": "Sea Crest Villa Phase 4",
    "address_en": "44 Castle Peak Rd-Tsing Lung Tau, Tsing Lung Tau",
    "std": 0,
    "medium": 0,
    "quick": 2,
    "fast": 0,
    "total": 2
   }
  },
  {
   "type": "Feature",
   "geometry": {
    "type": "Point",
    "coordinates": [
     114.214308,
     22.45669
    ]
   },
   "properties": {
    "district_tc": "大埔區",
    "district_en": "Tai Po",
    "location_tc": "皇朝明珠",
    "location_en": "Royal China Aqua Garden",
    "address_en": "Sam Mun Tsai Rd, Tai Po",
    "std": 0,
    "medium": 4,
    "quick": 0,
    "fast": 0,
    "total": 4
   }
  },
  {
   "type": "Feature",
   "geometry": {
    "type": "Point",
    "coordinates": [
     114.04271,
     22.44449
    ]
   },
   "properties": {
    "district_tc": "元朗區",
    "district_en": "Yuen Long",
    "location_tc": "甯城",
    "location_en": "O City",
    "address_en": "Tung Shing Lei",
    "std": 0,
    "medium": 0,
    "quick": 0,
    "fast": 1,
    "total": 1
   }
  },
  {
   "type": "Feature",
   "geometry": {
    "type": "Point",
    "coordinates": [
     113.999136,
     22.432953
    ]
   },
   "properties": {
    "district_tc": "元朗區",
    "district_en": "Yuen Long",
    "location_tc": "洪順路停車場",
    "location_en": "Hung Shun Road Car Park",
    "address_en": "8 Hung Shun Road",
    "std": 0,
    "medium": 0,
    "quick": 4,
    "fast": 0,
    "total": 4
   }
  },
  {
   "type": "Feature",
   "geometry": {
    "type": "Point",
    "coordinates": [
     114.029307,
     22.436303
    ]
   },
   "properties": {
    "district_tc": "元朗區",
    "district_en": "Yuen Long",
    "location_tc": "浩文停車場B場",
    "location_en": "Ho Man Car Park B",
    "address_en": "Tai Tong Road, Yuen Long",
    "std": 0,
    "medium": 2,
    "quick": 0,
    "fast": 0,
    "total": 2
   }
  },
  {
   "type": "Feature",
   "geometry": {
    "type": "Point",
    "coordinates": [
     114.131895,
     22.277548
    ]
   },
   "properties": {
    "district_tc": "中西區",
    "district_en": "Central & Western",
    "location_tc": "利嘉大廈",
    "location_en": "La Clare Mansion",
    "address_en": "92 Pok Fu Lam Rd, Sandy Bay Gap",
    "std": 0,
    "medium": 0,
    "quick": 2,
    "fast": 0,
    "total": 2
   }
  },
  {
   "type": "Feature",
   "geometry": {
    "type": "Point",
    "coordinates": [
     114.245579,
     22.271336
    ]
   },
   "properties": {
    "district_tc": "東區",
    "district_en": "Eastern",
    "location_tc": "平治柴灣品牌中心",
    "location_en": "Mercedes-Benz Chai Wan Brand Centre (Showroom & Service Centre)",
    "address_en": "60 Ka Yip St, Chai Wan",
    "std": 0,
    "medium": 0,
    "quick": 0,
    "fast": 2,
    "total": 2
   }
  },
  {
   "type": "Feature",
   "geometry": {
    "type": "Point",
    "coordinates": [
     114.19171,
     22.398688
    ]
   },
   "properties": {
    "district_tc": "沙田區",
    "district_en": "Sha Tin",
    "location_tc": "PIT火炭超充站 (FCS)",
    "location_en": "PIT Fo Tan Ultra-fast Charging Station (FCS)",
    "address_en": "34A Shan Mei Street, Fo Tan",
    "std": 0,
    "medium": 0,
    "quick": 0,
    "fast": 12,
    "total": 12
   }
  },
  {
   "type": "Feature",
   "geometry": {
    "type": "Point",
    "coordinates": [
     114.168637,
     22.317815
    ]
   },
   "properties": {
    "district_tc": "油尖旺區",
    "district_en": "Yau Tsim Mong",
    "location_tc": "朗豪坊",
    "location_en": "LANGHAM PLACE",
    "address_en": "31 Shantung Street, Mong Kok",
    "std": 0,
    "medium": 0,
    "quick": 41,
    "fast": 0,
    "total": 41
   }
  },
  {
   "type": "Feature",
   "geometry": {
    "type": "Point",
    "coordinates": [
     114.199397,
     22.332107
    ]
   },
   "properties": {
    "district_tc": "九龍城區",
    "district_en": "Kowloon City",
    "location_tc": "天壐·天",
    "location_en": "Cullinan Sky",
    "address_en": "10 Concorde Road",
    "std": 0,
    "medium": 0,
    "quick": 2,
    "fast": 2,
    "total": 4
   }
  },
  {
   "type": "Feature",
   "geometry": {
    "type": "Point",
    "coordinates": [
     114.123819,
     22.505604
    ]
   },
   "properties": {
    "district_tc": "北區",
    "district_en": "North",
    "location_tc": "彩石邨停車場",
    "location_en": "Choi Shek Estate Carpark",
    "address_en": "184 San Wan Road, Sheung Shui, New Territories",
    "std": 0,
    "medium": 35,
    "quick": 2,
    "fast": 0,
    "total": 37
   }
  },
  {
   "type": "Feature",
   "geometry": {
    "type": "Point",
    "coordinates": [
     114.212832,
     22.332031
    ]
   },
   "properties": {
    "district_tc": "觀塘區",
    "district_en": "Kwun Tong",
    "location_tc": "坪石遊樂場停車場",
    "location_en": "Ping Shek Playground Car Park",
    "address_en": "20 New Clear Water Bay Road, Kowloon",
    "std": 0,
    "medium": 10,
    "quick": 0,
    "fast": 0,
    "total": 10
   }
  },
  {
   "type": "Feature",
   "geometry": {
    "type": "Point",
    "coordinates": [
     114.193775,
     22.25759
    ]
   },
   "properties": {
    "district_tc": "灣仔區",
    "district_en": "Wan Chai",
    "location_tc": "黃泥涌峽兒童遊樂場停車場",
    "location_en": "Wong Nai Chung Gap Children Playground Car Park",
    "address_en": "Wong Nai Chung Gap Children Playground",
    "std": 0,
    "medium": 3,
    "quick": 0,
    "fast": 0,
    "total": 3
   }
  },
  {
   "type": "Feature",
   "geometry": {
    "type": "Point",
    "coordinates": [
     114.004118,
     22.453847
    ]
   },
   "properties": {
    "district_tc": "元朗區",
    "district_en": "Yuen Long",
    "location_tc": "天水圍運動場停車場",
    "location_en": "Tin Shui Wai Sports Ground Car Park",
    "address_en": "2 Tin Shui Road ,Tin Shui Wai",
    "std": 0,
    "medium": 18,
    "quick": 0,
    "fast": 0,
    "total": 18
   }
  },
  {
   "type": "Feature",
   "geometry": {
    "type": "Point",
    "coordinates": [
     114.006901,
     22.455014
    ]
   },
   "properties": {
    "district_tc": "元朗區",
    "district_en": "Yuen Long",
    "location_tc": "天水圍游泳池及體育館停車場",
    "location_en": "Tin Shui Wai Swimming Pool and Sports Centre Car Park",
    "address_en": "1 Tin Pak Rd, Tin Shui Wai",
    "std": 0,
    "medium": 11,
    "quick": 0,
    "fast": 0,
    "total": 11
   }
  },
  {
   "type": "Feature",
   "geometry": {
    "type": "Point",
    "coordinates": [
     114.006608,
     22.463865
    ]
   },
   "properties": {
    "district_tc": "元朗區",
    "district_en": "Yuen Long",
    "location_tc": "天業路公園停車場",
    "location_en": "Tin Yip Road Park Car Park",
    "address_en": "Tin Yip Road Park , Tin Shui Wai",
    "std": 0,
    "medium": 12,
    "quick": 0,
    "fast": 0,
    "total": 12
   }
  },
  {
   "type": "Feature",
   "geometry": {
    "type": "Point",
    "coordinates": [
     113.943575,
     22.290722
    ]
   },
   "properties": {
    "district_tc": "離島區",
    "district_en": "Islands",
    "location_tc": "東涌市政大樓停車場",
    "location_en": "Tung Chung Municipal Services Building Car Park",
    "address_en": "39 MAN TUNG ROAD, TUNG CHUNG, LANTAU ISLAND, NT",
    "std": 0,
    "medium": 10,
    "quick": 0,
    "fast": 0,
    "total": 10
   }
  },
  {
   "type": "Feature",
   "geometry": {
    "type": "Point",
    "coordinates": [
     113.931197,
     22.370819
    ]
   },
   "properties": {
    "district_tc": "屯門區",
    "district_en": "Tuen Mun",
    "location_tc": "Goodman Westlink",
    "location_en": "Goodman Westlink",
    "address_en": "8 Siu Lang Shui Road, Area 49, Tuen Mun",
    "std": 0,
    "medium": 0,
    "quick": 0,
    "fast": 2,
    "total": 2
   }
  },
  {
   "type": "Feature",
   "geometry": {
    "type": "Point",
    "coordinates": [
     114.006497,
     22.443723
    ]
   },
   "properties": {
    "district_tc": "元朗區",
    "district_en": "Yuen Long",
    "location_tc": "塘坊村德英花園",
    "location_en": "Tak Ying Garden",
    "address_en": "Tong Fong Tsuen, Ping Ha Road",
    "std": 0,
    "medium": 0,
    "quick": 4,
    "fast": 0,
    "total": 4
   }
  },
  {
   "type": "Feature",
   "geometry": {
    "type": "Point",
    "coordinates": [
     114.005199,
     22.441675
    ]
   },
   "properties": {
    "district_tc": "元朗區",
    "district_en": "Yuen Long",
    "location_tc": "屏柏里",
    "location_en": "Ping Pak Lane",
    "address_en": "Tong Fong Tsuen, Ping Pak Lane",
    "std": 0,
    "medium": 0,
    "quick": 2,
    "fast": 0,
    "total": 2
   }
  },
  {
   "type": "Feature",
   "geometry": {
    "type": "Point",
    "coordinates": [
     113.998998,
     22.436227
    ]
   },
   "properties": {
    "district_tc": "元朗區",
    "district_en": "Yuen Long",
    "location_tc": "洪福邨洪進車場",
    "location_en": "Hung Chin Parking",
    "address_en": "Tin Sam Road, Hung Shui Kiu",
    "std": 0,
    "medium": 0,
    "quick": 2,
    "fast": 0,
    "total": 2
   }
  },
  {
   "type": "Feature",
   "geometry": {
    "type": "Point",
    "coordinates": [
     113.998099,
     22.435032
    ]
   },
   "properties": {
    "district_tc": "元朗區",
    "district_en": "Yuen Long",
    "location_tc": "洪福邨洪昇車場",
    "location_en": "Hung Shing Parking",
    "address_en": "Hung Yuen Road, Hung Shui Kiu",
    "std": 0,
    "medium": 0,
    "quick": 2,
    "fast": 0,
    "total": 2
   }
  },
  {
   "type": "Feature",
   "geometry": {
    "type": "Point",
    "coordinates": [
     114.0104,
     22.44363
    ]
   },
   "properties": {
    "district_tc": "元朗區",
    "district_en": "Yuen Long",
    "location_tc": "坑尾村站",
    "location_en": "Hang Mei Tsuen Transport Hub",
    "address_en": "Ping Shan Chuk Lam Road",
    "std": 0,
    "medium": 0,
    "quick": 2,
    "fast": 0,
    "total": 2
   }
  },
  {
   "type": "Feature",
   "geometry": {
    "type": "Point",
    "coordinates": [
     114.0171,
     22.44933
    ]
   },
   "properties": {
    "district_tc": "元朗區",
    "district_en": "Yuen Long",
    "location_tc": "永寧村村公所",
    "location_en": "Wing Ning Tsuen Village Office",
    "address_en": "78 Yung Yuen Rd, Wang Chau",
    "std": 0,
    "medium": 0,
    "quick": 2,
    "fast": 0,
    "total": 2
   }
  },
  {
   "type": "Feature",
   "geometry": {
    "type": "Point",
    "coordinates": [
     113.9983,
     22.43486
    ]
   },
   "properties": {
    "district_tc": "元朗區",
    "district_en": "Yuen Long",
    "location_tc": "洪福邨駿富車場",
    "location_en": "Chun Fu Car Park",
    "address_en": "Hung Yuen Road, Hung Shui Kiu",
    "std": 0,
    "medium": 0,
    "quick": 2,
    "fast": 0,
    "total": 2
   }
  },
  {
   "type": "Feature",
   "geometry": {
    "type": "Point",
    "coordinates": [
     114.125569,
     22.513162
    ]
   },
   "properties": {
    "district_tc": "北區",
    "district_en": "North",
    "location_tc": "上水圍文閣村 (文閣村停車場對面)",
    "location_en": "Sheung Shui Wai Man Kok Village (Opposite to Man Kok Village Parking Lot)",
    "address_en": "Opposite to Man Kok Village Parking Lot",
    "std": 0,
    "medium": 0,
    "quick": 6,
    "fast": 0,
    "total": 6
   }
  },
  {
   "type": "Feature",
   "geometry": {
    "type": "Point",
    "coordinates": [
     114.156957,
     22.285091
    ]
   },
   "properties": {
    "district_tc": "中西區",
    "district_en": "Central & Western",
    "location_tc": "國際金融中心一期",
    "location_en": "One ifc",
    "address_en": "1 Harbour View Street, Central, Hong Kong",
    "std": 0,
    "medium": 1,
    "quick": 0,
    "fast": 0,
    "total": 1
   }
  },
  {
   "type": "Feature",
   "geometry": {
    "type": "Point",
    "coordinates": [
     114.189302,
     22.38354
    ]
   },
   "properties": {
    "district_tc": "沙田區",
    "district_en": "Sha Tin",
    "location_tc": "沙田廣場",
    "location_en": "Shatin Plaza",
    "address_en": "56 Sha Tin Centre Street, Sha Tin",
    "std": 1,
    "medium": 0,
    "quick": 0,
    "fast": 0,
    "total": 1
   }
  },
  {
   "type": "Feature",
   "geometry": {
    "type": "Point",
    "coordinates": [
     114.122611,
     22.372117
    ]
   },
   "properties": {
    "district_tc": "荃灣區",
    "district_en": "Tsuen Wan",
    "location_tc": "蕙荃體育館停車場",
    "location_en": "Wai Tsuen Sports Centre Car Park",
    "address_en": "6 Miu Kong Street,Tsuen Wan",
    "std": 0,
    "medium": 3,
    "quick": 0,
    "fast": 0,
    "total": 3
   }
  },
  {
   "type": "Feature",
   "geometry": {
    "type": "Point",
    "coordinates": [
     114.113108,
     22.365667
    ]
   },
   "properties": {
    "district_tc": "荃灣區",
    "district_en": "Tsuen Wan",
    "location_tc": "荃灣體育館停車場",
    "location_en": "Tsuen Wan Sports Centre Car Park",
    "address_en": "53 Wing Shun Street,Tsuen Wan,New Territories",
    "std": 0,
    "medium": 3,
    "quick": 0,
    "fast": 0,
    "total": 3
   }
  },
  {
   "type": "Feature",
   "geometry": {
    "type": "Point",
    "coordinates": [
     114.193154,
     22.383177
    ]
   },
   "properties": {
    "district_tc": "沙田區",
    "district_en": "Sha Tin",
    "location_tc": "沙田賽馬會游泳池停車場",
    "location_en": "Sha Tin Jockey Club Swimming Pool Car Park",
    "address_en": "10 Yuen Wo Road, Sha Tin",
    "std": 0,
    "medium": 6,
    "quick": 0,
    "fast": 0,
    "total": 6
   }
  },
  {
   "type": "Feature",
   "geometry": {
    "type": "Point",
    "coordinates": [
     113.98435,
     22.468626
    ]
   },
   "properties": {
    "district_tc": "元朗區",
    "district_en": "Yuen Long",
    "location_tc": "流浮山山東街2號 (皇廷海鮮酒家外)",
    "location_en": "2 Shan Tung Street, Lau Fau Shan (Outside The Palace Restaurant)",
    "address_en": "2 Shan Tung St, Lau Fau Shan",
    "std": 0,
    "medium": 0,
    "quick": 6,
    "fast": 0,
    "total": 6
   }
  },
  {
   "type": "Feature",
   "geometry": {
    "type": "Point",
    "coordinates": [
     114.003667,
     22.440603
    ]
   },
   "properties": {
    "district_tc": "元朗區",
    "district_en": "Yuen Long",
    "location_tc": "橋頭圍橋洪路",
    "location_en": "Kiu Hung Road",
    "address_en": "Kiu Hung Road",
    "std": 0,
    "medium": 0,
    "quick": 2,
    "fast": 0,
    "total": 2
   }
  },
  {
   "type": "Feature",
   "geometry": {
    "type": "Point",
    "coordinates": [
     114.186038,
     22.370763
    ]
   },
   "properties": {
    "district_tc": "沙田區",
    "district_en": "Sha Tin",
    "location_tc": "新田圍商場停車場",
    "location_en": "Sun Tin Wai Commercial Centre Car Park",
    "address_en": "Sha Tin Tau Road, Tai Wai",
    "std": 0,
    "medium": 5,
    "quick": 4,
    "fast": 0,
    "total": 9
   }
  },
  {
   "type": "Feature",
   "geometry": {
    "type": "Point",
    "coordinates": [
     114.149364,
     22.251243
    ]
   },
   "properties": {
    "district_tc": "南區",
    "district_en": "Southern",
    "location_tc": "田灣商場停車場",
    "location_en": "Tin Wan Shopping Center Car Park",
    "address_en": "60 Tin Wan Street, Aberdeen",
    "std": 0,
    "medium": 7,
    "quick": 4,
    "fast": 0,
    "total": 11
   }
  },
  {
   "type": "Feature",
   "geometry": {
    "type": "Point",
    "coordinates": [
     114.22882,
     22.42479
    ]
   },
   "properties": {
    "district_tc": "沙田區",
    "district_en": "Sha Tin",
    "location_tc": "雅濤居停車場",
    "location_en": "The Waterside Car Park",
    "address_en": "15 On Chun St, Ma On Shan",
    "std": 0,
    "medium": 10,
    "quick": 0,
    "fast": 0,
    "total": 10
   }
  },
  {
   "type": "Feature",
   "geometry": {
    "type": "Point",
    "coordinates": [
     114.009614,
     22.461539
    ]
   },
   "properties": {
    "district_tc": "元朗區",
    "district_en": "Yuen Long",
    "location_tc": "馮家圍",
    "location_en": "Fung Ka Wei",
    "address_en": "Fung Ka Wei",
    "std": 0,
    "medium": 0,
    "quick": 2,
    "fast": 0,
    "total": 2
   }
  },
  {
   "type": "Feature",
   "geometry": {
    "type": "Point",
    "coordinates": [
     114.197149,
     22.395796
    ]
   },
   "properties": {
    "district_tc": "沙田區",
    "district_en": "Sha Tin",
    "location_tc": "星凱‧堤岸",
    "location_en": "The Arles",
    "address_en": "1 Au Pui Wan St, Fo Tan",
    "std": 0,
    "medium": 0,
    "quick": 4,
    "fast": 0,
    "total": 4
   }
  },
  {
   "type": "Feature",
   "geometry": {
    "type": "Point",
    "coordinates": [
     114.123445,
     22.372588
    ]
   },
   "properties": {
    "district_tc": "荃灣區",
    "district_en": "Tsuen Wan",
    "location_tc": "城門谷游泳池停車場",
    "location_en": "Shing Mun Valley Swimming Pool Car Park",
    "address_en": "21 Shing Mun Road, Tsuen Wan, N.T.",
    "std": 0,
    "medium": 2,
    "quick": 0,
    "fast": 0,
    "total": 2
   }
  },
  {
   "type": "Feature",
   "geometry": {
    "type": "Point",
    "coordinates": [
     114.129122,
     22.37669
    ]
   },
   "properties": {
    "district_tc": "荃灣區",
    "district_en": "Tsuen Wan",
    "location_tc": "城門谷運動場停車場",
    "location_en": "Shing Mun Valley Sports Ground Car Park",
    "address_en": "21 Shing Mun Road, Tsuen Wan, N.T.",
    "std": 0,
    "medium": 6,
    "quick": 0,
    "fast": 0,
    "total": 6
   }
  },
  {
   "type": "Feature",
   "geometry": {
    "type": "Point",
    "coordinates": [
     114.142084,
     22.328907
    ]
   },
   "properties": {
    "district_tc": "深水埗區",
    "district_en": "Sham Shui Po",
    "location_tc": "九巴荔枝角車廠",
    "location_en": "KMB Lai Chi Kok Depot",
    "address_en": "100 Hing Wah St W, Lai Chi Kok",
    "std": 0,
    "medium": 0,
    "quick": 0,
    "fast": 12,
    "total": 12
   }
  },
  {
   "type": "Feature",
   "geometry": {
    "type": "Point",
    "coordinates": [
     114.145812,
     22.538049
    ]
   },
   "properties": {
    "district_tc": "北區",
    "district_en": "North",
    "location_tc": "逸翠園",
    "location_en": "Fortune Green",
    "address_en": "338 Chow Tin Tsuen, Ta Kwu Ling",
    "std": 0,
    "medium": 0,
    "quick": 2,
    "fast": 0,
    "total": 2
   }
  },
  {
   "type": "Feature",
   "geometry": {
    "type": "Point",
    "coordinates": [
     114.045458,
     22.478416
    ]
   },
   "properties": {
    "district_tc": "元朗區",
    "district_en": "Yuen Long",
    "location_tc": "錦繡花園商場停車場",
    "location_en": "Fairview Park Carpark",
    "address_en": "Ginkgo Road, Yuen Long",
    "std": 0,
    "medium": 0,
    "quick": 4,
    "fast": 0,
    "total": 4
   }
  },
  {
   "type": "Feature",
   "geometry": {
    "type": "Point",
    "coordinates": [
     114.19963,
     22.285195
    ]
   },
   "properties": {
    "district_tc": "東區",
    "district_en": "Eastern",
    "location_tc": "寶馬山賽西湖",
    "location_en": "Braemar Hill Shopping Centre",
    "address_en": "Shop 13, G/F, 45 Braemar Hill Road, North Point",
    "std": 0,
    "medium": 0,
    "quick": 8,
    "fast": 0,
    "total": 8
   }
  },
  {
   "type": "Feature",
   "geometry": {
    "type": "Point",
    "coordinates": [
     114.028198,
     22.431447
    ]
   },
   "properties": {
    "district_tc": "元朗區",
    "district_en": "Yuen Long",
    "location_tc": "深涌路",
    "location_en": "Sham Chung Tsuen",
    "address_en": "DD120 LOT3307, Sham Chung Road, Yuen Long",
    "std": 0,
    "medium": 0,
    "quick": 6,
    "fast": 0,
    "total": 6
   }
  },
  {
   "type": "Feature",
   "geometry": {
    "type": "Point",
    "coordinates": [
     114.145847,
     22.493139
    ]
   },
   "properties": {
    "district_tc": "北區",
    "district_en": "North",
    "location_tc": "多利工業大廈",
    "location_en": "Dormind Industrial Building",
    "address_en": "13 Yip Fung Street, Fanling",
    "std": 0,
    "medium": 0,
    "quick": 10,
    "fast": 0,
    "total": 10
   }
  },
  {
   "type": "Feature",
   "geometry": {
    "type": "Point",
    "coordinates": [
     114.015614,
     22.433565
    ]
   },
   "properties": {
    "district_tc": "元朗區",
    "district_en": "Yuen Long",
    "location_tc": "屏山山下村樹德路(近福香樓)",
    "location_en": "Shude Road, Pingshanshan Village (near Fuxianglou)",
    "address_en": "DD121 LOT 1547-1548, Shan Ha Road, Yuen Long",
    "std": 0,
    "medium": 0,
    "quick": 8,
    "fast": 0,
    "total": 8
   }
  },
  {
   "type": "Feature",
   "geometry": {
    "type": "Point",
    "coordinates": [
     114.109011,
     22.372645
    ]
   },
   "properties": {
    "district_tc": "荃灣區",
    "district_en": "Tsuen Wan",
    "location_tc": "榮興工業大廈",
    "location_en": "Wing Hing Industrial Building",
    "address_en": "83-93 Chai Wan Kok St., Tsuen Wan",
    "std": 0,
    "medium": 0,
    "quick": 11,
    "fast": 0,
    "total": 11
   }
  },
  {
   "type": "Feature",
   "geometry": {
    "type": "Point",
    "coordinates": [
     114.05531,
     22.4686
    ]
   },
   "properties": {
    "district_tc": "元朗區",
    "district_en": "Yuen Long",
    "location_tc": "元朗新田新潭路",
    "location_en": "San Tam Road",
    "address_en": "DD 104 LOT 3316 RP, Long Ha, San Tin Yuen Long",
    "std": 0,
    "medium": 0,
    "quick": 0,
    "fast": 6,
    "total": 6
   }
  },
  {
   "type": "Feature",
   "geometry": {
    "type": "Point",
    "coordinates": [
     114.020832,
     22.423667
    ]
   },
   "properties": {
    "district_tc": "元朗區",
    "district_en": "Yuen Long",
    "location_tc": "十八鄉逸林站",
    "location_en": "Pak Sha Tsuen",
    "address_en": "DD 119 LOT 1562 SA SSL RP, Pak Sha Tsuen, Yuen Long",
    "std": 0,
    "medium": 0,
    "quick": 4,
    "fast": 0,
    "total": 4
   }
  },
  {
   "type": "Feature",
   "geometry": {
    "type": "Point",
    "coordinates": [
     114.13717,
     22.366115
    ]
   },
   "properties": {
    "district_tc": "葵青區",
    "district_en": "Kwai Tsing",
    "location_tc": "葵涌三號電站廣場",
    "location_en": "3 EV Charging Square",
    "address_en": "2/F, Wo Yi Plaza, 26-30 Wo Yi Hop Road, Kwai Chung",
    "std": 0,
    "medium": 0,
    "quick": 0,
    "fast": 6,
    "total": 6
   }
  },
  {
   "type": "Feature",
   "geometry": {
    "type": "Point",
    "coordinates": [
     114.125332,
     22.513362
    ]
   },
   "properties": {
    "district_tc": "北區",
    "district_en": "North",
    "location_tc": "上水文閣站",
    "location_en": "Man Kok Tsuen",
    "address_en": "DD 52 LOT 704RP, Man Kok Village Sheung Shui Wai, Sheung Shui",
    "std": 0,
    "medium": 0,
    "quick": 0,
    "fast": 6,
    "total": 6
   }
  },
  {
   "type": "Feature",
   "geometry": {
    "type": "Point",
    "coordinates": [
     113.984214,
     22.467602
    ]
   },
   "properties": {
    "district_tc": "元朗區",
    "district_en": "Yuen Long",
    "location_tc": "屏山流浮山深灣路迴旋處停車場",
    "location_en": "Carpark at the roundabout of Ping Shan Liu Fu Shan Shen Wan Road",
    "address_en": "DD129 LOT2171 SC, Lau Fau Shan",
    "std": 0,
    "medium": 0,
    "quick": 6,
    "fast": 0,
    "total": 6
   }
  },
  {
   "type": "Feature",
   "geometry": {
    "type": "Point",
    "coordinates": [
     114.198256,
     22.292299
    ]
   },
   "properties": {
    "district_tc": "東區",
    "district_en": "Eastern",
    "location_tc": "香港越秀雅詩閣服務公寓",
    "location_en": "Ascott North Point Hong Kong",
    "address_en": "67-75 Java Road, North Point",
    "std": 0,
    "medium": 0,
    "quick": 0,
    "fast": 4,
    "total": 4
   }
  },
  {
   "type": "Feature",
   "geometry": {
    "type": "Point",
    "coordinates": [
     113.99358,
     22.37031
    ]
   },
   "properties": {
    "district_tc": "屯門區",
    "district_en": "Tuen Mun",
    "location_tc": "黃金海岸遊艇會度假村",
    "location_en": "Gold Coast Yacht & Country Club",
    "address_en": "1 Castle Peak Road-Castle Peak Bay, Tuen Mun",
    "std": 0,
    "medium": 12,
    "quick": 0,
    "fast": 0,
    "total": 12
   }
  },
  {
   "type": "Feature",
   "geometry": {
    "type": "Point",
    "coordinates": [
     114.141926,
     22.250802
    ]
   },
   "properties": {
    "district_tc": "南區",
    "district_en": "Southern",
    "location_tc": "漁映樓",
    "location_en": "Yue Ying Lau",
    "address_en": "33 Shek Pai Wan Rd, Aberdeen",
    "std": 0,
    "medium": 23,
    "quick": 0,
    "fast": 0,
    "total": 23
   }
  },
  {
   "type": "Feature",
   "geometry": {
    "type": "Point",
    "coordinates": [
     114.232499,
     22.281439
    ]
   },
   "properties": {
    "district_tc": "東區",
    "district_en": "Eastern",
    "location_tc": "筲箕灣儲存易集團中心",
    "location_en": "Shau Kei Wan Storefriendly Tower",
    "address_en": "8 A Kung Ngam Village Rd, Shau Kei Wan",
    "std": 0,
    "medium": 3,
    "quick": 0,
    "fast": 0,
    "total": 3
   }
  },
  {
   "type": "Feature",
   "geometry": {
    "type": "Point",
    "coordinates": [
     114.10815,
     22.466097
    ]
   },
   "properties": {
    "district_tc": "北區",
    "district_en": "North",
    "location_tc": "Maison Jardine",
    "location_en": "Maison Jardine",
    "address_en": "220, Fan Kam Road, Lam Tsuen, Sheung Shui",
    "std": 0,
    "medium": 0,
    "quick": 1,
    "fast": 0,
    "total": 1
   }
  },
  {
   "type": "Feature",
   "geometry": {
    "type": "Point",
    "coordinates": [
     114.192907,
     22.2774
    ]
   },
   "properties": {
    "district_tc": "灣仔區",
    "district_en": "Wan Chai",
    "location_tc": "大坑光明台",
    "location_en": "Illumination Terrace",
    "address_en": "5-7 Tai Hang Rd, Tai Hang",
    "std": 0,
    "medium": 0,
    "quick": 12,
    "fast": 0,
    "total": 12
   }
  },
  {
   "type": "Feature",
   "geometry": {
    "type": "Point",
    "coordinates": [
     114.013272,
     22.451841
    ]
   },
   "properties": {
    "district_tc": "元朗區",
    "district_en": "Yuen Long",
    "location_tc": "蝦尾新村住客充電場",
    "location_en": "Ha Mei San Tsuen EV Charging Station",
    "address_en": "Ha Mei San Tsuen Car Park",
    "std": 0,
    "medium": 0,
    "quick": 1,
    "fast": 0,
    "total": 1
   }
  },
  {
   "type": "Feature",
   "geometry": {
    "type": "Point",
    "coordinates": [
     113.981897,
     22.380457
    ]
   },
   "properties": {
    "district_tc": "屯門區",
    "district_en": "Tuen Mun",
    "location_tc": "容龍海鮮酒家",
    "location_en": "Dragon Inn Seafood Restaurant",
    "address_en": "12 Tsing Ha Ln, Tuen Mun",
    "std": 0,
    "medium": 2,
    "quick": 2,
    "fast": 0,
    "total": 4
   }
  },
  {
   "type": "Feature",
   "geometry": {
    "type": "Point",
    "coordinates": [
     114.031356,
     22.434761
    ]
   },
   "properties": {
    "district_tc": "元朗區",
    "district_en": "Yuen Long",
    "location_tc": "偉記燒烤場",
    "location_en": "Wai Kee BBQ",
    "address_en": "677 Tai Kei Leng Rd, Yuen Long",
    "std": 0,
    "medium": 0,
    "quick": 6,
    "fast": 0,
    "total": 6
   }
  },
  {
   "type": "Feature",
   "geometry": {
    "type": "Point",
    "coordinates": [
     114.127446,
     22.506454
    ]
   },
   "properties": {
    "district_tc": "北區",
    "district_en": "North",
    "location_tc": "上水新成路停車場",
    "location_en": "San Shing Ave Parking",
    "address_en": "4A San Shing Ave (Opposite to Kwong Sing Café)",
    "std": 0,
    "medium": 0,
    "quick": 4,
    "fast": 0,
    "total": 4
   }
  },
  {
   "type": "Feature",
   "geometry": {
    "type": "Point",
    "coordinates": [
     114.191,
     22.312142
    ]
   },
   "properties": {
    "district_tc": "九龍城區",
    "district_en": "Kowloon City",
    "location_tc": "金偉停車場",
    "location_en": "Goldway Parking (Bailey Street)",
    "address_en": "Bailey St, Hung Hom",
    "std": 0,
    "medium": 0,
    "quick": 2,
    "fast": 0,
    "total": 2
   }
  },
  {
   "type": "Feature",
   "geometry": {
    "type": "Point",
    "coordinates": [
     114.20742,
     22.383823
    ]
   },
   "properties": {
    "district_tc": "沙田區",
    "district_en": "Sha Tin",
    "location_tc": "源順圍露天A1停車場",
    "location_en": "Yuen Shun Circuit A1 EV Charging Station",
    "address_en": "Yuen Hong St, Sha Tin",
    "std": 0,
    "medium": 0,
    "quick": 2,
    "fast": 0,
    "total": 2
   }
  },
  {
   "type": "Feature",
   "geometry": {
    "type": "Point",
    "coordinates": [
     114.268001,
     22.429046
    ]
   },
   "properties": {
    "district_tc": "沙田區",
    "district_en": "Sha Tin",
    "location_tc": "AGA 西沙高爾夫球場",
    "location_en": "AGA Saisha Golf Parking",
    "address_en": "9 Hoi Ying Rd, Ma On Shan",
    "std": 0,
    "medium": 2,
    "quick": 0,
    "fast": 0,
    "total": 2
   }
  },
  {
   "type": "Feature",
   "geometry": {
    "type": "Point",
    "coordinates": [
     114.029934,
     22.426857
    ]
   },
   "properties": {
    "district_tc": "元朗區",
    "district_en": "Yuen Long",
    "location_tc": "德宗苑停車場",
    "location_en": "Tak Chung Villa Car Park",
    "address_en": "220 Tai Tong Rd, Yuen Long",
    "std": 0,
    "medium": 0,
    "quick": 2,
    "fast": 0,
    "total": 2
   }
  },
  {
   "type": "Feature",
   "geometry": {
    "type": "Point",
    "coordinates": [
     114.068764,
     22.436958
    ]
   },
   "properties": {
    "district_tc": "元朗區",
    "district_en": "Yuen Long",
    "location_tc": "易手車公司 (吳家村牌坊)",
    "location_en": "Easy Car Company (Ng Ka Tsuen Archwa)",
    "address_en": "Ng Ka Tsuen Archwa, Kam Sheung Rd, Yuen Long (Opposite to Public Toilet)",
    "std": 0,
    "medium": 0,
    "quick": 2,
    "fast": 0,
    "total": 2
   }
  },
  {
   "type": "Feature",
   "geometry": {
    "type": "Point",
    "coordinates": [
     114.122966,
     22.4949
    ]
   },
   "properties": {
    "district_tc": "北區",
    "district_en": "North",
    "location_tc": "上水丙崗路快充站",
    "location_en": "Ping Kong Rd EV Charging Station",
    "address_en": "Opposite to Cheung Lung Wai Estate West Gate",
    "std": 0,
    "medium": 0,
    "quick": 4,
    "fast": 0,
    "total": 4
   }
  },
  {
   "type": "Feature",
   "geometry": {
    "type": "Point",
    "coordinates": [
     114.223025,
     22.311228
    ]
   },
   "properties": {
    "district_tc": "觀塘區",
    "district_en": "Kwun Tong",
    "location_tc": "電訊數碼大樓",
    "location_en": "Telecom Digital Tower",
    "address_en": "58 Tsun Yip St, Kwun Tong",
    "std": 0,
    "medium": 15,
    "quick": 0,
    "fast": 0,
    "total": 15
   }
  },
  {
   "type": "Feature",
   "geometry": {
    "type": "Point",
    "coordinates": [
     114.119477,
     22.3648
    ]
   },
   "properties": {
    "district_tc": "荃灣區",
    "district_en": "Tsuen Wan",
    "location_tc": "Matakok停車場",
    "location_en": "Matakok Car Park",
    "address_en": "18 Ma Kok St, Tsuen Wan",
    "std": 0,
    "medium": 45,
    "quick": 0,
    "fast": 0,
    "total": 45
   }
  },
  {
   "type": "Feature",
   "geometry": {
    "type": "Point",
    "coordinates": [
     114.155787,
     22.276012
    ]
   },
   "properties": {
    "district_tc": "中西區",
    "district_en": "Central & Western",
    "location_tc": "麥當勞道2號",
    "location_en": "Two MacDonnell Road",
    "address_en": "Two MacDonnell Road",
    "std": 0,
    "medium": 2,
    "quick": 2,
    "fast": 0,
    "total": 4
   }
  },
  {
   "type": "Feature",
   "geometry": {
    "type": "Point",
    "coordinates": [
     114.145182,
     22.491254
    ]
   },
   "properties": {
    "district_tc": "北區",
    "district_en": "North",
    "location_tc": "中國石油粉嶺油電站",
    "location_en": "PetroChina Fanling Petro-cum-Charging Station",
    "address_en": "No. 338, Jockey Club Rd, Fanling.",
    "std": 0,
    "medium": 0,
    "quick": 0,
    "fast": 2,
    "total": 2
   }
  },
  {
   "type": "Feature",
   "geometry": {
    "type": "Point",
    "coordinates": [
     114.266483,
     22.315862
    ]
   },
   "properties": {
    "district_tc": "西貢區",
    "district_en": "Sai Kung",
    "location_tc": "和明苑多層停車場",
    "location_en": "Wo Ming Court Multi-storey Car Park",
    "address_en": "Pui Shing Rd, Hang Hau",
    "std": 0,
    "medium": 14,
    "quick": 0,
    "fast": 0,
    "total": 14
   }
  },
  {
   "type": "Feature",
   "geometry": {
    "type": "Point",
    "coordinates": [
     114.20769,
     22.42779
    ]
   },
   "properties": {
    "district_tc": "大埔區",
    "district_en": "Tai Po",
    "location_tc": "逸瓏灣8",
    "location_en": "Mayfair By The Sea 8",
    "address_en": "1 Fo Yin Road, Pak Shek Kok",
    "std": 0,
    "medium": 0,
    "quick": 10,
    "fast": 0,
    "total": 10
   }
  },
  {
   "type": "Feature",
   "geometry": {
    "type": "Point",
    "coordinates": [
     114.1288,
     22.35743
    ]
   },
   "properties": {
    "district_tc": "葵青區",
    "district_en": "Kwai Tsing",
    "location_tc": "新葵芳花園",
    "location_en": "New Kwai Fong Garden",
    "address_en": "12-20 Kwai Yi Road",
    "std": 0,
    "medium": 0,
    "quick": 2,
    "fast": 0,
    "total": 2
   }
  },
  {
   "type": "Feature",
   "geometry": {
    "type": "Point",
    "coordinates": [
     114.139309,
     22.489811
    ]
   },
   "properties": {
    "district_tc": "北區",
    "district_en": "North",
    "location_tc": "樂嶺都匯停車場",
    "location_en": "Casa Sierra Car Park",
    "address_en": "72 Pak Wo Rd, Fanling",
    "std": 0,
    "medium": 46,
    "quick": 0,
    "fast": 0,
    "total": 46
   }
  },
  {
   "type": "Feature",
   "geometry": {
    "type": "Point",
    "coordinates": [
     114.158589,
     22.554693
    ]
   },
   "properties": {
    "district_tc": "北區",
    "district_en": "North",
    "location_tc": "保域停車場",
    "location_en": "Bo Ric Car Park",
    "address_en": "Lin Ma Hang Rd, Ta Kwu Ling",
    "std": 0,
    "medium": 4,
    "quick": 0,
    "fast": 0,
    "total": 4
   }
  },
  {
   "type": "Feature",
   "geometry": {
    "type": "Point",
    "coordinates": [
     114.234236,
     22.323543
    ]
   },
   "properties": {
    "district_tc": "西貢區",
    "district_en": "Sai Kung",
    "location_tc": "領達廣場停車場",
    "location_en": "The Anderson Car Park",
    "address_en": "9 On Kin Road, Sai Kung, New Territories",
    "std": 0,
    "medium": 14,
    "quick": 6,
    "fast": 0,
    "total": 20
   }
  },
  {
   "type": "Feature",
   "geometry": {
    "type": "Point",
    "coordinates": [
     113.971645,
     22.421712
    ]
   },
   "properties": {
    "district_tc": "屯門區",
    "district_en": "Tuen Mun",
    "location_tc": "茵翠豪庭",
    "location_en": "Villa Pinada",
    "address_en": "88 Hong Po Rd, Lam Tei",
    "std": 0,
    "medium": 0,
    "quick": 2,
    "fast": 0,
    "total": 2
   }
  },
  {
   "type": "Feature",
   "geometry": {
    "type": "Point",
    "coordinates": [
     114.027383,
     22.448661
    ]
   },
   "properties": {
    "district_tc": "元朗區",
    "district_en": "Yuen Long",
    "location_tc": "虹方商業大廈",
    "location_en": "The Rainbow",
    "address_en": "22 Wang Yip St S, Yuen Long",
    "std": 0,
    "medium": 0,
    "quick": 2,
    "fast": 0,
    "total": 2
   }
  },
  {
   "type": "Feature",
   "geometry": {
    "type": "Point",
    "coordinates": [
     114.222849,
     22.309743
    ]
   },
   "properties": {
    "district_tc": "觀塘區",
    "district_en": "Kwun Tong",
    "location_tc": "鴻福工業大廈停車場",
    "location_en": "Hung Fuk Factory Building Car Park",
    "address_en": "60 Hung To Rd, Kwun Tong",
    "std": 0,
    "medium": 0,
    "quick": 2,
    "fast": 0,
    "total": 2
   }
  },
  {
   "type": "Feature",
   "geometry": {
    "type": "Point",
    "coordinates": [
     114.115774,
     22.367395
    ]
   },
   "properties": {
    "district_tc": "荃灣區",
    "district_en": "Tsuen Wan",
    "location_tc": "荃灣88",
    "location_en": "Plaza 88",
    "address_en": "YEUNG UK ROAD",
    "std": 0,
    "medium": 34,
    "quick": 8,
    "fast": 0,
    "total": 42
   }
  },
  {
   "type": "Feature",
   "geometry": {
    "type": "Point",
    "coordinates": [
     114.038608,
     22.308273
    ]
   },
   "properties": {
    "district_tc": "離島區",
    "district_en": "Islands",
    "location_tc": "迪士尼探索家度假酒店",
    "location_en": "Disney Explorers Lodge",
    "address_en": "MAGIC ROAD",
    "std": 1,
    "medium": 0,
    "quick": 0,
    "fast": 0,
    "total": 1
   }
  },
  {
   "type": "Feature",
   "geometry": {
    "type": "Point",
    "coordinates": [
     113.943346,
     22.317603
    ]
   },
   "properties": {
    "district_tc": "離島區",
    "district_en": "Islands",
    "location_tc": "香港天際萬豪酒店",
    "location_en": "Hong Kong SkyCity Marriott Hotel",
    "address_en": "SKY CITY ROAD EAST",
    "std": 0,
    "medium": 0,
    "quick": 4,
    "fast": 0,
    "total": 4
   }
  },
  {
   "type": "Feature",
   "geometry": {
    "type": "Point",
    "coordinates": [
     114.20653,
     22.390639
    ]
   },
   "properties": {
    "district_tc": "沙田區",
    "district_en": "Sha Tin",
    "location_tc": "香港沙田萬怡酒店",
    "location_en": "Courtyard by Marriott Hong Kong ShaTin",
    "address_en": "ON PING STREET",
    "std": 0,
    "medium": 3,
    "quick": 0,
    "fast": 0,
    "total": 3
   }
  },
  {
   "type": "Feature",
   "geometry": {
    "type": "Point",
    "coordinates": [
     114.259306,
     22.363424
    ]
   },
   "properties": {
    "district_tc": "西貢區",
    "district_en": "Sai Kung",
    "location_tc": "The Pier Hotel",
    "location_en": "The Pier Hotel",
    "address_en": "PAK SHAN WAN STREET",
    "std": 0,
    "medium": 3,
    "quick": 0,
    "fast": 0,
    "total": 3
   }
  },
  {
   "type": "Feature",
   "geometry": {
    "type": "Point",
    "coordinates": [
     114.226172,
     22.277753
    ]
   },
   "properties": {
    "district_tc": "東區",
    "district_en": "Eastern",
    "location_tc": "天悅筲箕灣廣場",
    "location_en": "Smiling Shau Kei Wan Plaza",
    "address_en": "SHAU KEI WAN ROAD",
    "std": 0,
    "medium": 0,
    "quick": 6,
    "fast": 0,
    "total": 6
   }
  },
  {
   "type": "Feature",
   "geometry": {
    "type": "Point",
    "coordinates": [
     114.160431,
     22.333593
    ]
   },
   "properties": {
    "district_tc": "深水埗區",
    "district_en": "Sham Shui Po",
    "location_tc": "The Campton",
    "location_en": "The Campton",
    "address_en": "FUK WING STREET",
    "std": 0,
    "medium": 14,
    "quick": 3,
    "fast": 0,
    "total": 17
   }
  },
  {
   "type": "Feature",
   "geometry": {
    "type": "Point",
    "coordinates": [
     114.160668,
     22.304811
    ]
   },
   "properties": {
    "district_tc": "油尖旺區",
    "district_en": "Yau Tsim Mong",
    "location_tc": "香港W酒店",
    "location_en": "W Hong Kong",
    "address_en": "AUSTIN ROAD WEST",
    "std": 0,
    "medium": 0,
    "quick": 2,
    "fast": 0,
    "total": 2
   }
  },
  {
   "type": "Feature",
   "geometry": {
    "type": "Point",
    "coordinates": [
     114.179712,
     22.300712
    ]
   },
   "properties": {
    "district_tc": "油尖旺區",
    "district_en": "Yau Tsim Mong",
    "location_tc": "唯港薈",
    "location_en": "Hotel ICON",
    "address_en": "SCIENCE MUSEUM ROAD",
    "std": 0,
    "medium": 0,
    "quick": 6,
    "fast": 0,
    "total": 6
   }
  },
  {
   "type": "Feature",
   "geometry": {
    "type": "Point",
    "coordinates": [
     114.160116,
     22.303393
    ]
   },
   "properties": {
    "district_tc": "油尖旺區",
    "district_en": "Yau Tsim Mong",
    "location_tc": "香港麗思卡爾頓酒店",
    "location_en": "The Ritz-Carlton Hong Kong",
    "address_en": "AUSTIN ROAD WEST",
    "std": 0,
    "medium": 0,
    "quick": 2,
    "fast": 0,
    "total": 2
   }
  },
  {
   "type": "Feature",
   "geometry": {
    "type": "Point",
    "coordinates": [
     114.10767,
     22.372463
    ]
   },
   "properties": {
    "district_tc": "荃灣區",
    "district_en": "Tsuen Wan",
    "location_tc": "One Midtown",
    "location_en": "One Midtown",
    "address_en": "HOI SHING ROAD",
    "std": 2,
    "medium": 0,
    "quick": 4,
    "fast": 0,
    "total": 6
   }
  },
  {
   "type": "Feature",
   "geometry": {
    "type": "Point",
    "coordinates": [
     114.127342,
     22.280497
    ]
   },
   "properties": {
    "district_tc": "中西區",
    "district_en": "Central & Western",
    "location_tc": "觀龍樓",
    "location_en": "Kwun Lung Lau",
    "address_en": "LUNG WAH STREET",
    "std": 0,
    "medium": 1,
    "quick": 0,
    "fast": 0,
    "total": 1
   }
  },
  {
   "type": "Feature",
   "geometry": {
    "type": "Point",
    "coordinates": [
     114.146767,
     22.334548
    ]
   },
   "properties": {
    "district_tc": "深水埗區",
    "district_en": "Sham Shui Po",
    "location_tc": "一號．西九龍",
    "location_en": "One West Kowloon",
    "address_en": "LAI CHI KOK ROAD, SHAM SHUI PO",
    "std": 0,
    "medium": 1,
    "quick": 2,
    "fast": 0,
    "total": 3
   }
  },
  {
   "type": "Feature",
   "geometry": {
    "type": "Point",
    "coordinates": [
     113.946522,
     22.295335
    ]
   },
   "properties": {
    "district_tc": "離島區",
    "district_en": "Islands",
    "location_tc": "香港東涌世茂喜來登酒店",
    "location_en": "Sheraton Hong Kong Tung Chung Hotel",
    "address_en": "9 Yi Tung Road Tung Chung, Lantau Island, Tung Chung",
    "std": 0,
    "medium": 0,
    "quick": 0,
    "fast": 6,
    "total": 6
   }
  },
  {
   "type": "Feature",
   "geometry": {
    "type": "Point",
    "coordinates": [
     114.20569,
     22.32044
    ]
   },
   "properties": {
    "district_tc": "觀塘區",
    "district_en": "Kwun Tong",
    "location_tc": "PIT九龍灣超充站 (FCS)",
    "location_en": "PIT Kowloon Bay Ultra-fast Charging Station (FCS)",
    "address_en": "8 Kai Fuk Road, Kowloon Bay",
    "std": 0,
    "medium": 0,
    "quick": 0,
    "fast": 30,
    "total": 30
   }
  },
  {
   "type": "Feature",
   "geometry": {
    "type": "Point",
    "coordinates": [
     114.189303,
     22.32177
    ]
   },
   "properties": {
    "district_tc": "九龍城區",
    "district_en": "Kowloon City",
    "location_tc": "欣榮花園",
    "location_en": "Jubilant Place",
    "address_en": "PAU CHUNG STREET",
    "std": 0,
    "medium": 4,
    "quick": 0,
    "fast": 0,
    "total": 4
   }
  },
  {
   "type": "Feature",
   "geometry": {
    "type": "Point",
    "coordinates": [
     114.196961,
     22.340672
    ]
   },
   "properties": {
    "district_tc": "黃大仙區",
    "district_en": "Wong Tai Sin",
    "location_tc": "現崇山",
    "location_en": "Lions Rise",
    "address_en": "MUK LUN STREET, WONG TAI SIN",
    "std": 2,
    "medium": 2,
    "quick": 0,
    "fast": 0,
    "total": 4
   }
  },
  {
   "type": "Feature",
   "geometry": {
    "type": "Point",
    "coordinates": [
     114.235974,
     22.291593
    ]
   },
   "properties": {
    "district_tc": "觀塘區",
    "district_en": "Kwun Tong",
    "location_tc": "仁宇圍8號公眾停車場",
    "location_en": "8 Yan Yue Wai Public Vehicle Park",
    "address_en": "YAN YUE WAI",
    "std": 0,
    "medium": 18,
    "quick": 2,
    "fast": 0,
    "total": 20
   }
  },
  {
   "type": "Feature",
   "geometry": {
    "type": "Point",
    "coordinates": [
     113.989381,
     22.371797
    ]
   },
   "properties": {
    "district_tc": "屯門區",
    "district_en": "Tuen Mun",
    "location_tc": "香港黃金海岸酒店",
    "location_en": "Hong Kong Gold Coast Hotel",
    "address_en": "CASTLE PEAK ROAD-CASTLE PEAK BAY",
    "std": 0,
    "medium": 2,
    "quick": 0,
    "fast": 0,
    "total": 2
   }
  },
  {
   "type": "Feature",
   "geometry": {
    "type": "Point",
    "coordinates": [
     114.205881,
     22.389964
    ]
   },
   "properties": {
    "district_tc": "沙田區",
    "district_en": "Sha Tin",
    "location_tc": "新界鄉議局大樓",
    "location_en": "Heung Yee Kuk N.T.",
    "address_en": "ON MUK STREET",
    "std": 0,
    "medium": 0,
    "quick": 3,
    "fast": 0,
    "total": 3
   }
  },
  {
   "type": "Feature",
   "geometry": {
    "type": "Point",
    "coordinates": [
     114.255884,
     22.322004
    ]
   },
   "properties": {
    "district_tc": "西貢區",
    "district_en": "Sai Kung",
    "location_tc": "茵怡花園",
    "location_en": "Verbena Heights",
    "address_en": "MAU TAI ROAD",
    "std": 0,
    "medium": 3,
    "quick": 0,
    "fast": 0,
    "total": 3
   }
  },
  {
   "type": "Feature",
   "geometry": {
    "type": "Point",
    "coordinates": [
     114.186825,
     22.279093
    ]
   },
   "properties": {
    "district_tc": "中西區",
    "district_en": "Central & Western",
    "location_tc": "富豪香港酒店",
    "location_en": "Regal Hong Kong Hotel",
    "address_en": "YEE WO STREET",
    "std": 0,
    "medium": 0,
    "quick": 1,
    "fast": 0,
    "total": 1
   }
  },
  {
   "type": "Feature",
   "geometry": {
    "type": "Point",
    "coordinates": [
     114.173099,
     22.324123
    ]
   },
   "properties": {
    "district_tc": "油尖旺區",
    "district_en": "Yau Tsim Mong",
    "location_tc": "帝京酒店",
    "location_en": "Royal Plaza Hotel",
    "address_en": "PRINCE EDWARD ROAD WEST",
    "std": 0,
    "medium": 0,
    "quick": 2,
    "fast": 0,
    "total": 2
   }
  },
  {
   "type": "Feature",
   "geometry": {
    "type": "Point",
    "coordinates": [
     114.077941,
     22.368498
    ]
   },
   "properties": {
    "district_tc": "荃灣區",
    "district_en": "Tsuen Wan",
    "location_tc": "帝景酒店",
    "location_en": "Royal View Hotel",
    "address_en": "CASTLE PEAK ROAD-TING KAU",
    "std": 0,
    "medium": 0,
    "quick": 2,
    "fast": 0,
    "total": 2
   }
  },
  {
   "type": "Feature",
   "geometry": {
    "type": "Point",
    "coordinates": [
     114.235102,
     22.269146
    ]
   },
   "properties": {
    "district_tc": "東區",
    "district_en": "Eastern",
    "location_tc": "東區尤德夫人那打素醫院訪客停車場",
    "location_en": "Pamela Youde Nethersole Eastern Hospital Visitor Car Park",
    "address_en": "3 LOK MAN ROAD, CHAI WAN, HONG KONG",
    "std": 0,
    "medium": 1,
    "quick": 0,
    "fast": 0,
    "total": 1
   }
  },
  {
   "type": "Feature",
   "geometry": {
    "type": "Point",
    "coordinates": [
     114.233272,
     22.325586
    ]
   },
   "properties": {
    "district_tc": "西貢區",
    "district_en": "Sai Kung",
    "location_tc": "安楹苑車場",
    "location_en": "On Ying Court Car Park",
    "address_en": "15 On Hei Street, HMA: Anderson",
    "std": 0,
    "medium": 14,
    "quick": 2,
    "fast": 0,
    "total": 16
   }
  },
  {
   "type": "Feature",
   "geometry": {
    "type": "Point",
    "coordinates": [
     114.198932,
     22.334986
    ]
   },
   "properties": {
    "district_tc": "黃大仙區",
    "district_en": "Wong Tai Sin",
    "location_tc": "胡李名靜體育館",
    "location_en": "Kitty Woo Stadium",
    "address_en": "2 Tsat Po St, San Po Kong, Kowloon",
    "std": 0,
    "medium": 0,
    "quick": 0,
    "fast": 4,
    "total": 4
   }
  },
  {
   "type": "Feature",
   "geometry": {
    "type": "Point",
    "coordinates": [
     114.23894,
     22.293254
    ]
   },
   "properties": {
    "district_tc": "觀塘區",
    "district_en": "Kwun Tong",
    "location_tc": "高宏苑停車場",
    "location_en": "Ko Wang Court Car Park",
    "address_en": "No.131 Yan Wing Street, Yau Tong, Kowloon",
    "std": 0,
    "medium": 25,
    "quick": 2,
    "fast": 0,
    "total": 27
   }
  },
  {
   "type": "Feature",
   "geometry": {
    "type": "Point",
    "coordinates": [
     114.235495,
     22.325417
    ]
   },
   "properties": {
    "district_tc": "西貢區",
    "district_en": "Sai Kung",
    "location_tc": "安柏苑停車場",
    "location_en": "On Pak Court Car Park",
    "address_en": "1 On Hei St",
    "std": 0,
    "medium": 5,
    "quick": 0,
    "fast": 0,
    "total": 5
   }
  },
  {
   "type": "Feature",
   "geometry": {
    "type": "Point",
    "coordinates": [
     114.196345,
     22.38244
    ]
   },
   "properties": {
    "district_tc": "沙田區",
    "district_en": "Sha Tin",
    "location_tc": "麗豪酒店",
    "location_en": "Regal Riverside Hotel",
    "address_en": "TAI CHUNG KIU ROAD",
    "std": 0,
    "medium": 3,
    "quick": 4,
    "fast": 0,
    "total": 7
   }
  },
  {
   "type": "Feature",
   "geometry": {
    "type": "Point",
    "coordinates": [
     114.222894,
     22.313352
    ]
   },
   "properties": {
    "district_tc": "觀塘區",
    "district_en": "Kwun Tong",
    "location_tc": "嘉域大廈",
    "location_en": "Eastcore",
    "address_en": "KWUN TONG ROAD",
    "std": 0,
    "medium": 4,
    "quick": 0,
    "fast": 0,
    "total": 4
   }
  },
  {
   "type": "Feature",
   "geometry": {
    "type": "Point",
    "coordinates": [
     114.149153,
     22.339586
    ]
   },
   "properties": {
    "district_tc": "深水埗區",
    "district_en": "Sham Shui Po",
    "location_tc": "環薈中心",
    "location_en": "CEO Tower",
    "address_en": "WING HONG STREET",
    "std": 2,
    "medium": 0,
    "quick": 0,
    "fast": 0,
    "total": 2
   }
  },
  {
   "type": "Feature",
   "geometry": {
    "type": "Point",
    "coordinates": [
     114.113003,
     22.36847
    ]
   },
   "properties": {
    "district_tc": "荃灣區",
    "district_en": "Tsuen Wan",
    "location_tc": "如心廣場",
    "location_en": "Nina Tower",
    "address_en": "8 Yeung Uk Road, Tsuen Wan, N.T.",
    "std": 0,
    "medium": 0,
    "quick": 3,
    "fast": 0,
    "total": 3
   }
  },
  {
   "type": "Feature",
   "geometry": {
    "type": "Point",
    "coordinates": [
     114.111406,
     22.368725
    ]
   },
   "properties": {
    "district_tc": "荃灣區",
    "district_en": "Tsuen Wan",
    "location_tc": "如心廣場二期",
    "location_en": "Nina Mall 2",
    "address_en": "No. 98 Tai Ho Road,Tsuen Wan, N.T.",
    "std": 0,
    "medium": 4,
    "quick": 0,
    "fast": 0,
    "total": 4
   }
  },
  {
   "type": "Feature",
   "geometry": {
    "type": "Point",
    "coordinates": [
     114.112261,
     22.375806
    ]
   },
   "properties": {
    "district_tc": "荃灣區",
    "district_en": "Tsuen Wan",
    "location_tc": "愉景新城",
    "location_en": "D.PARK",
    "address_en": "398 Castle Peak Road, Tsuen Wan, N.T.",
    "std": 0,
    "medium": 14,
    "quick": 6,
    "fast": 0,
    "total": 20
   }
  },
  {
   "type": "Feature",
   "geometry": {
    "type": "Point",
    "coordinates": [
     114.164199,
     22.305324
    ]
   },
   "properties": {
    "district_tc": "油尖旺區",
    "district_en": "Yau Tsim Mong",
    "location_tc": "環球匯停車場",
    "location_en": "International Gateway Centre",
    "address_en": "1 Wui Man Rd, Jordan, Kowloon",
    "std": 0,
    "medium": 228,
    "quick": 12,
    "fast": 0,
    "total": 240
   }
  },
  {
   "type": "Feature",
   "geometry": {
    "type": "Point",
    "coordinates": [
     114.115328,
     22.364094
    ]
   },
   "properties": {
    "district_tc": "荃灣區",
    "district_en": "Tsuen Wan",
    "location_tc": "環宇海灣訪客停車場",
    "location_en": "City Point Visitors' Parking",
    "address_en": "Wing Tak St, Tsuen Wan, New Territories",
    "std": 0,
    "medium": 0,
    "quick": 3,
    "fast": 0,
    "total": 3
   }
  },
  {
   "type": "Feature",
   "geometry": {
    "type": "Point",
    "coordinates": [
     114.243453,
     22.433986
    ]
   },
   "properties": {
    "district_tc": "沙田區",
    "district_en": "Sha Tin",
    "location_tc": "泓碧",
    "location_en": "Altissimo",
    "address_en": "11 Yiu Sha Rd, Ma On Shan, New Territories",
    "std": 0,
    "medium": 4,
    "quick": 0,
    "fast": 0,
    "total": 4
   }
  }
 ]
}