{"type":"FeatureCollection","_comment":"Hong Kong key facilities from CSDI (official HK government open data). Generated by scripts/build_facilities.py - do not hand-edit. k = cargo_area | approach | oil. Berth vacancy is NOT included: see that script.","features":[{"type":"Feature","geometry":{"type":"Polygon","coordinates":[[[114.129681,22.285893000000044],[114.12996200000009,22.28614200000004],[114.12962700000003,22.286469000000068],[114.12934600000006,22.286219000000074],[114.129681,22.285893000000044]]]},"properties":{"Name":"WD-01","Type_tc":"公眾貨物裝卸區","Type_en":"Public Cargo Working Area"}},{"type":"Feature","geometry":{"type":"Polygon","coordinates":[[[114.12962700000003,22.286469000000068],[114.12996200000009,22.28614200000004],[114.1306360000001,22.286740000000066],[114.13030100000003,22.287067000000036],[114.12962700000003,22.286469000000068]]]},"properties":{"Name":"WD-02","Type_tc":"公眾貨物裝卸區","Type_en":"Public Cargo Working Area"}},{"type":"Feature","geometry":{"type":"Polygon","coordinates":[[[114.1306360000001,22.286740000000066],[114.13097300000004,22.28703900000005],[114.13063800000009,22.287366000000077],[114.13030100000003,22.287067000000036],[114.1306360000001,22.286740000000066]]]},"properties":{"Name":"WD-03","Type_tc":"公眾貨物裝卸區","Type_en":"Public Cargo Working Area"}},{"type":"Feature","geometry":{"type":"Polygon","coordinates":[[[114.13063800000009,22.287366000000077],[114.13097300000004,22.28703900000005],[114.13125400000001,22.287289000000044],[114.13091900000006,22.287615000000073],[114.13063800000009,22.287366000000077]]]},"properties":{"Name":"WD-04","Type_tc":"公眾貨物裝卸區","Type_en":"Public Cargo Working Area"}},{"type":"Feature","geometry":{"type":"Polygon","coordinates":[[[114.13125400000001,22.287289000000044],[114.1315350000001,22.28753800000004],[114.13120000000004,22.287865000000068],[114.13091900000006,22.287615000000073],[114.13125400000001,22.287289000000044]]]},"properties":{"Name":"WD-05","Type_tc":"公眾貨物裝卸區","Type_en":"Public Cargo Working Area"}},{"type":"Feature","geometry":{"type":"Polygon","coordinates":[[[114.13120000000004,22.287865000000068],[114.1315350000001,22.28753800000004],[114.13181600000007,22.287787000000037],[114.13148100000001,22.288114000000064],[114.13120000000004,22.287865000000068]]]},"properties":{"Name":"WD-06","Type_tc":"公眾貨物裝卸區","Type_en":"Public Cargo Working Area"}},{"type":"Feature","geometry":{"type":"Polygon","coordinates":[[[114.13181600000007,22.287787000000037],[114.13204100000007,22.287986000000046],[114.13170600000001,22.288313000000073],[114.13148100000001,22.288114000000064],[114.13181600000007,22.287787000000037]]]},"properties":{"Name":"WD-07","Type_tc":"公眾貨物裝卸區","Type_en":"Public Cargo Working Area"}},{"type":"Feature","geometry":{"type":"Polygon","coordinates":[[[114.13170600000001,22.288313000000073],[114.13204100000007,22.287986000000046],[114.13232100000005,22.28823600000004],[114.1319870000001,22.288563000000067],[114.13170600000001,22.288313000000073]]]},"properties":{"Name":"WD-08","Type_tc":"公眾貨物裝卸區","Type_en":"Public Cargo Working Area"}},{"type":"Feature","geometry":{"type":"Polygon","coordinates":[[[114.13233900000012,22.288233000000048],[114.13272200000006,22.288177000000076],[114.1327970000001,22.288622000000032],[114.13241300000004,22.288677000000064],[114.13233900000012,22.288233000000048]]]},"properties":{"Name":"WD-09","Type_tc":"公眾貨物裝卸區","Type_en":"Public Cargo Working Area"}},{"type":"Feature","geometry":{"type":"Polygon","coordinates":[[[114.1327970000001,22.288622000000032],[114.13272200000006,22.288177000000076],[114.13341300000002,22.288077000000044],[114.13348700000006,22.288522000000057],[114.1327970000001,22.288622000000032]]]},"properties":{"Name":"WD-10","Type_tc":"公眾貨物裝卸區","Type_en":"Public Cargo Working Area"}},{"type":"Feature","geometry":{"type":"Polygon","coordinates":[[[114.13341300000002,22.288077000000044],[114.13391100000001,22.288005000000055],[114.13398600000005,22.28845000000007],[114.13348700000006,22.288522000000057],[114.13341300000002,22.288077000000044]]]},"properties":{"Name":"WD-11","Type_tc":"公眾貨物裝卸區","Type_en":"Public Cargo Working Area"}},{"type":"Feature","geometry":{"type":"Polygon","coordinates":[[[114.13467700000001,22.288069000000064],[114.13457600000004,22.288417000000038],[114.13420100000008,22.288323000000048],[114.13430200000005,22.287974000000077],[114.13467700000001,22.288069000000064]]]},"properties":{"Name":"WD-12","Type_tc":"公眾貨物裝卸區","Type_en":"Public Cargo Working Area"}},{"type":"Feature","geometry":{"type":"Polygon","coordinates":[[[114.13429500000007,22.288347000000044],[114.13457600000004,22.288417000000038],[114.13455600000009,22.288487000000032],[114.13427500000012,22.288417000000038],[114.13429500000007,22.288347000000044]]]},"properties":{"Name":"WD-13","Type_tc":"公眾貨物裝卸區","Type_en":"Public Cargo Working Area"}},{"type":"Feature","geometry":{"type":"Polygon","coordinates":[[[114.13455600000009,22.288487000000032],[114.13453600000003,22.288557000000026],[114.13425500000005,22.288486000000034],[114.13427500000012,22.288417000000038],[114.13455600000009,22.288487000000032]]]},"properties":{"Name":"WD-14","Type_tc":"公眾貨物裝卸區","Type_en":"Public Cargo Working Area"}},{"type":"Feature","geometry":{"type":"Polygon","coordinates":[[[114.13425500000005,22.288486000000034],[114.13453600000003,22.288557000000026],[114.13451500000008,22.288627000000076],[114.1342340000001,22.28855600000003],[114.13425500000005,22.288486000000034]]]},"properties":{"Name":"WD-15","Type_tc":"公眾貨物裝卸區","Type_en":"Public Cargo Working Area"}},{"type":"Feature","geometry":{"type":"Polygon","coordinates":[[[114.13451500000008,22.288627000000076],[114.13449500000002,22.288696000000073],[114.13421400000004,22.288626000000022],[114.1342340000001,22.28855600000003],[114.13451500000008,22.288627000000076]]]},"properties":{"Name":"WD-16","Type_tc":"公眾貨物裝卸區","Type_en":"Public Cargo Working Area"}},{"type":"Feature","geometry":{"type":"Polygon","coordinates":[[[114.13421400000004,22.288626000000022],[114.13449500000002,22.288696000000073],[114.13447500000007,22.288766000000066],[114.1341940000001,22.288696000000073],[114.13421400000004,22.288626000000022]]]},"properties":{"Name":"WD-17","Type_tc":"公眾貨物裝卸區","Type_en":"Public Cargo Working Area"}},{"type":"Feature","geometry":{"type":"Polygon","coordinates":[[[114.13447500000007,22.288766000000066],[114.13445500000012,22.28883600000006],[114.13417400000003,22.28876500000007],[114.1341940000001,22.288696000000073],[114.13447500000007,22.288766000000066]]]},"properties":{"Name":"WD-18","Type_tc":"公眾貨物裝卸區","Type_en":"Public Cargo Working Area"}},{"type":"Feature","geometry":{"type":"Polygon","coordinates":[[[114.1340990000001,22.288890000000038],[114.13363800000002,22.28895700000004],[114.13356400000009,22.288511000000028],[114.13402400000007,22.288444000000027],[114.1340990000001,22.288890000000038]]]},"properties":{"Name":"WD-19","Type_tc":"公眾貨物裝卸區","Type_en":"Public Cargo Working Area"}},{"type":"Feature","geometry":{"type":"Polygon","coordinates":[[[114.13356400000009,22.288511000000028],[114.13363800000002,22.28895700000004],[114.13325500000008,22.28901200000007],[114.13318000000004,22.288567000000057],[114.13356400000009,22.288511000000028]]]},"properties":{"Name":"WD-20","Type_tc":"公眾貨物裝卸區","Type_en":"Public Cargo Working Area"}},{"type":"Feature","geometry":{"type":"Polygon","coordinates":[[[114.13325500000008,22.28901200000007],[114.13287100000002,22.289068000000043],[114.1327970000001,22.288622000000032],[114.13318000000004,22.288567000000057],[114.13325500000008,22.28901200000007]]]},"properties":{"Name":"WD-21","Type_tc":"公眾貨物裝卸區","Type_en":"Public Cargo Working Area"}},{"type":"Feature","geometry":{"type":"Polygon","coordinates":[[[114.1327970000001,22.288622000000032],[114.13287100000002,22.289068000000043],[114.13241100000005,22.289135000000044],[114.132337,22.288689000000034],[114.1327970000001,22.288622000000032]]]},"properties":{"Name":"WD-22","Type_tc":"公眾貨物裝卸區","Type_en":"Public Cargo Working Area"}},{"type":"Feature","geometry":{"type":"Polygon","coordinates":[[[114.13241100000005,22.289135000000044],[114.13191200000006,22.289207000000033],[114.13183800000002,22.288762000000077],[114.132337,22.288689000000034],[114.13241100000005,22.289135000000044]]]},"properties":{"Name":"WD-23","Type_tc":"公眾貨物裝卸區","Type_en":"Public Cargo Working Area"}},{"type":"Feature","geometry":{"type":"Polygon","coordinates":[[[114.24311200000011,22.271348000000046],[114.24291100000005,22.271128000000033],[114.2432060000001,22.270893000000058],[114.24340700000005,22.27111300000007],[114.24311200000011,22.271348000000046]]]},"properties":{"Name":"CW-01","Type_tc":"公眾貨物裝卸區","Type_en":"Public Cargo Working Area"}},{"type":"Feature","geometry":{"type":"Polygon","coordinates":[[[114.2432060000001,22.270893000000058],[114.24291100000005,22.271128000000033],[114.2427090000001,22.270908000000077],[114.24300400000004,22.270674000000042],[114.2432060000001,22.270893000000058]]]},"properties":{"Name":"CW-02","Type_tc":"公眾貨物裝卸區","Type_en":"Public Cargo Working Area"}},{"type":"Feature","geometry":{"type":"Polygon","coordinates":[[[114.2427090000001,22.270908000000077],[114.24250800000004,22.270688000000064],[114.2428030000001,22.27045400000003],[114.24300400000004,22.270674000000042],[114.2427090000001,22.270908000000077]]]},"properties":{"Name":"CW-03","Type_tc":"公眾貨物裝卸區","Type_en":"Public Cargo Working Area"}},{"type":"Feature","geometry":{"type":"Polygon","coordinates":[[[114.2428030000001,22.27045400000003],[114.24250800000004,22.270688000000064],[114.24205400000005,22.270193000000063],[114.2423500000001,22.26995900000003],[114.2428030000001,22.27045400000003]]]},"properties":{"Name":"CW-04P","Type_tc":"公眾貨物裝卸區","Type_en":"Public Cargo Working Area"}},{"type":"Feature","geometry":{"type":"Polygon","coordinates":[[[114.24205400000005,22.270193000000063],[114.24175200000002,22.269863000000043],[114.24204800000007,22.269629000000066],[114.2423500000001,22.26995900000003],[114.24205400000005,22.270193000000063]]]},"properties":{"Name":"CW-05","Type_tc":"公眾貨物裝卸區","Type_en":"Public Cargo Working Area"}},{"type":"Feature","geometry":{"type":"Polygon","coordinates":[[[114.2420780000001,22.26948100000004],[114.24226800000008,22.26925300000005],[114.2425750000001,22.26947400000006],[114.24238500000001,22.269702000000052],[114.2420780000001,22.26948100000004]]]},"properties":{"Name":"CW-06","Type_tc":"公眾貨物裝卸區","Type_en":"Public Cargo Working Area"}},{"type":"Feature","geometry":{"type":"Polygon","coordinates":[[[114.2425750000001,22.26947400000006],[114.24226800000008,22.26925300000005],[114.24245800000006,22.26902400000006],[114.24276500000008,22.26924500000007],[114.2425750000001,22.26947400000006]]]},"properties":{"Name":"CW-07","Type_tc":"公眾貨物裝卸區","Type_en":"Public Cargo Working Area"}},{"type":"Feature","geometry":{"type":"Polygon","coordinates":[[[114.24245800000006,22.26902400000006],[114.24264900000003,22.26879500000007],[114.24295500000005,22.26901600000008],[114.24276500000008,22.26924500000007],[114.24245800000006,22.26902400000006]]]},"properties":{"Name":"CW-08","Type_tc":"公眾貨物裝卸區","Type_en":"Public Cargo Working Area"}},{"type":"Feature","geometry":{"type":"Polygon","coordinates":[[[114.24295500000005,22.26901600000008],[114.24264900000003,22.26879500000007],[114.24283900000012,22.268567000000075],[114.24314500000003,22.26878800000003],[114.24295500000005,22.26901600000008]]]},"properties":{"Name":"CW-09","Type_tc":"公眾貨物裝卸區","Type_en":"Public Cargo Working Area"}},{"type":"Feature","geometry":{"type":"Polygon","coordinates":[[[114.24283900000012,22.268567000000075],[114.24312400000008,22.268224000000032],[114.2434300000001,22.268445000000042],[114.24314500000003,22.26878800000003],[114.24283900000012,22.268567000000075]]]},"properties":{"Name":"CW-10","Type_tc":"公眾貨物裝卸區","Type_en":"Public Cargo Working Area"}},{"type":"Feature","geometry":{"type":"Polygon","coordinates":[[[114.24377300000003,22.268175000000042],[114.24420000000009,22.268488000000048],[114.24396000000002,22.26877200000007],[114.24353300000007,22.268459000000064],[114.24377300000003,22.268175000000042]]]},"properties":{"Name":"CW-11","Type_tc":"公眾貨物裝卸區","Type_en":"Public Cargo Working Area"}},{"type":"Feature","geometry":{"type":"Polygon","coordinates":[[[114.24396000000002,22.26877200000007],[114.24420000000009,22.268488000000048],[114.24444400000004,22.26866700000005],[114.24420300000008,22.268951000000072],[114.24396000000002,22.26877200000007]]]},"properties":{"Name":"CW-12","Type_tc":"公眾貨物裝卸區","Type_en":"Public Cargo Working Area"}},{"type":"Feature","geometry":{"type":"Polygon","coordinates":[[[114.24444400000004,22.26866700000005],[114.24471800000003,22.268868000000055],[114.24447800000007,22.269152000000076],[114.24420300000008,22.268951000000072],[114.24444400000004,22.26866700000005]]]},"properties":{"Name":"CW-13P","Type_tc":"公眾貨物裝卸區","Type_en":"Public Cargo Working Area"}},{"type":"Feature","geometry":{"type":"Polygon","coordinates":[[[114.24447800000007,22.269152000000076],[114.24471800000003,22.268868000000055],[114.2449620000001,22.269047000000057],[114.24472200000002,22.269331000000022],[114.24447800000007,22.269152000000076]]]},"properties":{"Name":"CW-14","Type_tc":"公眾貨物裝卸區","Type_en":"Public Cargo Working Area"}},{"type":"Feature","geometry":{"type":"Polygon","coordinates":[[[114.15943800000002,22.315525000000036],[114.15943800000002,22.315218000000073],[114.15992300000005,22.315218000000073],[114.15992300000005,22.315525000000036],[114.15943800000002,22.315525000000036]]]},"properties":{"Name":"NY-01","Type_tc":"公眾貨物裝卸區","Type_en":"Public Cargo Working Area"}},{"type":"Feature","geometry":{"type":"Polygon","coordinates":[[[114.15992300000005,22.315218000000073],[114.15943800000002,22.315218000000073],[114.15943800000002,22.314947000000075],[114.15992300000005,22.314947000000075],[114.15992300000005,22.315218000000073]]]},"properties":{"Name":"NY-02","Type_tc":"公眾貨物裝卸區","Type_en":"Public Cargo Working Area"}},{"type":"Feature","geometry":{"type":"Polygon","coordinates":[[[114.15943800000002,22.314947000000075],[114.15943800000002,22.31469500000003],[114.15992300000005,22.31469400000003],[114.15992300000005,22.314947000000075],[114.15943800000002,22.314947000000075]]]},"properties":{"Name":"NY-03","Type_tc":"公眾貨物裝卸區","Type_en":"Public Cargo Working Area"}},{"type":"Feature","geometry":{"type":"Polygon","coordinates":[[[114.15992300000005,22.31469400000003],[114.15943800000002,22.31469500000003],[114.15943800000002,22.314406000000076],[114.15992300000005,22.314405000000022],[114.15992300000005,22.31469400000003]]]},"properties":{"Name":"NY-04","Type_tc":"公眾貨物裝卸區","Type_en":"Public Cargo Working Area"}},{"type":"Feature","geometry":{"type":"Polygon","coordinates":[[[114.15943800000002,22.314406000000076],[114.15943800000002,22.31371900000005],[114.15992300000005,22.31371900000005],[114.15992300000005,22.314405000000022],[114.15943800000002,22.314406000000076]]]},"properties":{"Name":"NY-05","Type_tc":"公眾貨物裝卸區","Type_en":"Public Cargo Working Area"}},{"type":"Feature","geometry":{"type":"Polygon","coordinates":[[[114.15992300000005,22.31371900000005],[114.15943800000002,22.31371900000005],[114.15943800000002,22.313466000000062],[114.15992300000005,22.313466000000062],[114.15992300000005,22.31371900000005]]]},"properties":{"Name":"NY-06","Type_tc":"公眾貨物裝卸區","Type_en":"Public Cargo Working Area"}},{"type":"Feature","geometry":{"type":"Polygon","coordinates":[[[114.15943800000002,22.313466000000062],[114.15943800000002,22.313033000000075],[114.15992300000005,22.313032000000078],[114.15992300000005,22.313466000000062],[114.15943800000002,22.313466000000062]]]},"properties":{"Name":"NY-07","Type_tc":"公眾貨物裝卸區","Type_en":"Public Cargo Working Area"}},{"type":"Feature","geometry":{"type":"Polygon","coordinates":[[[114.15992300000005,22.313032000000078],[114.15943800000002,22.313033000000075],[114.15943800000002,22.312599000000034],[114.15992300000005,22.312599000000034],[114.15992300000005,22.313032000000078]]]},"properties":{"Name":"NY-08","Type_tc":"公眾貨物裝卸區","Type_en":"Public Cargo Working Area"}},{"type":"Feature","geometry":{"type":"Polygon","coordinates":[[[114.15943800000002,22.312479000000053],[114.15943800000002,22.312082000000032],[114.15992300000005,22.312082000000032],[114.15992300000005,22.312479000000053],[114.15943800000002,22.312479000000053]]]},"properties":{"Name":"NY-09","Type_tc":"公眾貨物裝卸區","Type_en":"Public Cargo Working Area"}},{"type":"Feature","geometry":{"type":"Polygon","coordinates":[[[114.15992300000005,22.312082000000032],[114.15943800000002,22.312082000000032],[114.15943800000002,22.311685000000068],[114.15992300000005,22.31168400000007],[114.15992300000005,22.312082000000032]]]},"properties":{"Name":"NY-10","Type_tc":"公眾貨物裝卸區","Type_en":"Public Cargo Working Area"}},{"type":"Feature","geometry":{"type":"Polygon","coordinates":[[[114.15943800000002,22.311685000000068],[114.15943800000002,22.31139600000006],[114.15992400000005,22.31139500000006],[114.15992300000005,22.31168400000007],[114.15943800000002,22.311685000000068]]]},"properties":{"Name":"NY-11","Type_tc":"公眾貨物裝卸區","Type_en":"Public Cargo Working Area"}},{"type":"Feature","geometry":{"type":"Polygon","coordinates":[[[114.15992400000005,22.31139500000006],[114.15943800000002,22.31139600000006],[114.15943800000002,22.311089000000038],[114.15992400000005,22.31108800000004],[114.15992400000005,22.31139500000006]]]},"properties":{"Name":"NY-12","Type_tc":"公眾貨物裝卸區","Type_en":"Public Cargo Working Area"}},{"type":"Feature","geometry":{"type":"Polygon","coordinates":[[[114.15943800000002,22.311089000000038],[114.15943800000002,22.310782000000074],[114.15992400000005,22.310781000000077],[114.15992400000005,22.31108800000004],[114.15943800000002,22.311089000000038]]]},"properties":{"Name":"NY-13","Type_tc":"公眾貨物裝卸區","Type_en":"Public Cargo Working Area"}},{"type":"Feature","geometry":{"type":"Polygon","coordinates":[[[114.15992400000005,22.310781000000077],[114.15943800000002,22.310782000000074],[114.15943900000002,22.30977000000007],[114.15992400000005,22.30977000000007],[114.15992400000005,22.310781000000077]]]},"properties":{"Name":"NY-14","Type_tc":"公眾貨物裝卸區","Type_en":"Public Cargo Working Area"}},{"type":"Feature","geometry":{"type":"Polygon","coordinates":[[[114.15943900000002,22.30977000000007],[114.15943900000002,22.309228000000076],[114.15992400000005,22.309228000000076],[114.15992400000005,22.30977000000007],[114.15943900000002,22.30977000000007]]]},"properties":{"Name":"NY-15","Type_tc":"公眾貨物裝卸區","Type_en":"Public Cargo Working Area"}},{"type":"Feature","geometry":{"type":"Polygon","coordinates":[[[114.15992400000005,22.309228000000076],[114.15943900000002,22.309228000000076],[114.15943900000002,22.308939000000066],[114.15992400000005,22.308939000000066],[114.15992400000005,22.309228000000076]]]},"properties":{"Name":"NY-16","Type_tc":"公眾貨物裝卸區","Type_en":"Public Cargo Working Area"}},{"type":"Feature","geometry":{"type":"Polygon","coordinates":[[[114.15943900000002,22.308939000000066],[114.15943900000002,22.308795000000032],[114.15992400000005,22.308794000000034],[114.15992400000005,22.308939000000066],[114.15943900000002,22.308939000000066]]]},"properties":{"Name":"NY-17","Type_tc":"公眾貨物裝卸區","Type_en":"Public Cargo Working Area"}},{"type":"Feature","geometry":{"type":"Polygon","coordinates":[[[114.15992400000005,22.308794000000034],[114.15943900000002,22.308795000000032],[114.15943900000002,22.308614000000034],[114.15992400000005,22.308614000000034],[114.15992400000005,22.308794000000034]]]},"properties":{"Name":"NY-18","Type_tc":"公眾貨物裝卸區","Type_en":"Public Cargo Working Area"}},{"type":"Feature","geometry":{"type":"Polygon","coordinates":[[[114.15943900000002,22.308614000000034],[114.15943900000002,22.308542000000045],[114.15992400000005,22.308542000000045],[114.15992400000005,22.308614000000034],[114.15943900000002,22.308614000000034]]]},"properties":{"Name":"NY-19","Type_tc":"公眾貨物裝卸區","Type_en":"Public Cargo Working Area"}},{"type":"Feature","geometry":{"type":"Polygon","coordinates":[[[114.15992400000005,22.308542000000045],[114.15943900000002,22.308542000000045],[114.15943900000002,22.308398000000068],[114.15992400000005,22.30839700000007],[114.15992400000005,22.308542000000045]]]},"properties":{"Name":"NY-20","Type_tc":"公眾貨物裝卸區","Type_en":"Public Cargo Working Area"}},{"type":"Feature","geometry":{"type":"Polygon","coordinates":[[[114.15943900000002,22.308398000000068],[114.15943900000002,22.30810900000006],[114.15992400000005,22.30810800000006],[114.15992400000005,22.30839700000007],[114.15943900000002,22.308398000000068]]]},"properties":{"Name":"NY-21","Type_tc":"公眾貨物裝卸區","Type_en":"Public Cargo Working Area"}},{"type":"Feature","geometry":{"type":"Polygon","coordinates":[[[114.15992400000005,22.30810800000006],[114.15943900000002,22.30810900000006],[114.15943900000002,22.307747000000063],[114.15992400000005,22.307747000000063],[114.15992400000005,22.30810800000006]]]},"properties":{"Name":"NY-22","Type_tc":"公眾貨物裝卸區","Type_en":"Public Cargo Working Area"}},{"type":"Feature","geometry":{"type":"Polygon","coordinates":[[[114.15943900000002,22.307747000000063],[114.15944000000002,22.30717500000003],[114.15961300000004,22.307061000000033],[114.15992400000005,22.307061000000033],[114.15992400000005,22.307747000000063],[114.15943900000002,22.307747000000063]]]},"properties":{"Name":"NY-23","Type_tc":"公眾貨物裝卸區","Type_en":"Public Cargo Working Area"}},{"type":"Feature","geometry":{"type":"Polygon","coordinates":[[[114.15944000000002,22.30717500000003],[114.159175,22.306819000000075],[114.15956900000003,22.30655900000005],[114.15983600000004,22.306914000000063],[114.15944000000002,22.30717500000003]]]},"properties":{"Name":"NY-24","Type_tc":"公眾貨物裝卸區","Type_en":"Public Cargo Working Area"}},{"type":"Feature","geometry":{"type":"Polygon","coordinates":[[[114.15956900000003,22.30655900000005],[114.159175,22.306819000000075],[114.15893100000005,22.30649200000005],[114.15932400000008,22.306233000000077],[114.15956900000003,22.30655900000005]]]},"properties":{"Name":"NY-25","Type_tc":"公眾貨物裝卸區","Type_en":"Public Cargo Working Area"}},{"type":"Feature","geometry":{"type":"Polygon","coordinates":[[[114.15893100000005,22.30649200000005],[114.1586880000001,22.306166000000076],[114.15908000000002,22.305907000000047],[114.15932400000008,22.306233000000077],[114.15893100000005,22.30649200000005]]]},"properties":{"Name":"NY-26","Type_tc":"公眾貨物裝卸區","Type_en":"Public Cargo Working Area"}},{"type":"Feature","geometry":{"type":"Polygon","coordinates":[[[114.15908000000002,22.305907000000047],[114.1586880000001,22.306166000000076],[114.15833300000008,22.305691000000024],[114.158724,22.305434000000048],[114.15908000000002,22.305907000000047]]]},"properties":{"Name":"NY-27","Type_tc":"公眾貨物裝卸區","Type_en":"Public Cargo Working Area"}},{"type":"Feature","geometry":{"type":"Polygon","coordinates":[[[114.15833300000008,22.305691000000024],[114.15811200000007,22.305395000000033],[114.15850200000011,22.30513700000006],[114.158724,22.305434000000048],[114.15833300000008,22.305691000000024]]]},"properties":{"Name":"NY-28","Type_tc":"公眾貨物裝卸區","Type_en":"Public Cargo Working Area"}},{"type":"Feature","geometry":{"type":"Polygon","coordinates":[[[114.15850200000011,22.30513700000006],[114.15811200000007,22.305395000000033],[114.15784600000006,22.305039000000022],[114.158229,22.304786000000036],[114.15850200000011,22.30513700000006]]]},"properties":{"Name":"NY-29","Type_tc":"公眾貨物裝卸區","Type_en":"Public Cargo Working Area"}},{"type":"Feature","geometry":{"type":"Polygon","coordinates":[[[114.12741670000003,22.318566700000076],[114.12656670000001,22.319000000000074],[114.12633330000006,22.318616700000064],[114.12720000000002,22.318166700000063],[114.12741670000003,22.318566700000076]]]},"properties":{"Name":"SI-01","Type_tc":"公眾貨物裝卸區","Type_en":"Public Cargo Working Area"}},{"type":"Feature","geometry":{"type":"Polygon","coordinates":[[[114.12633330000006,22.318616700000064],[114.12656670000001,22.319000000000074],[114.12630000000001,22.319133300000033],[114.12606670000002,22.318750000000023],[114.12633330000006,22.318616700000064]]]},"properties":{"Name":"SI-02","Type_tc":"公眾貨物裝卸區","Type_en":"Public Cargo Working Area"}},{"type":"Feature","geometry":{"type":"Polygon","coordinates":[[[114.12630000000001,22.319133300000033],[114.12603330000002,22.31926670000007],[114.12581670000009,22.31888330000004],[114.12606670000002,22.318750000000023],[114.12630000000001,22.319133300000033]]]},"properties":{"Name":"SI-03","Type_tc":"公眾貨物裝卸區","Type_en":"Public Cargo Working Area"}},{"type":"Feature","geometry":{"type":"Polygon","coordinates":[[[114.12581670000009,22.31888330000004],[114.12603330000002,22.31926670000007],[114.12566670000001,22.319466700000078],[114.12545000000011,22.319066700000064],[114.12581670000009,22.31888330000004]]]},"properties":{"Name":"SI-04","Type_tc":"公眾貨物裝卸區","Type_en":"Public Cargo Working Area"}},{"type":"Feature","geometry":{"type":"Polygon","coordinates":[[[114.12566670000001,22.319466700000078],[114.12525000000005,22.319683300000065],[114.12501670000006,22.319283300000052],[114.12545000000011,22.319066700000064],[114.12566670000001,22.319466700000078]]]},"properties":{"Name":"SI-05","Type_tc":"公眾貨物裝卸區","Type_en":"Public Cargo Working Area"}},{"type":"Feature","geometry":{"type":"Polygon","coordinates":[[[114.12501670000006,22.319283300000052],[114.12525000000005,22.319683300000065],[114.12485000000004,22.319883300000072],[114.12461670000005,22.31948330000006],[114.12501670000006,22.319283300000052]]]},"properties":{"Name":"SI-06","Type_tc":"公眾貨物裝卸區","Type_en":"Public Cargo Working Area"}},{"type":"Feature","geometry":{"type":"Polygon","coordinates":[[[114.12485000000004,22.319883300000072],[114.12445000000002,22.32008330000008],[114.12421670000003,22.319683300000065],[114.12461670000005,22.31948330000006],[114.12485000000004,22.319883300000072]]]},"properties":{"Name":"SI-07","Type_tc":"公眾貨物裝卸區","Type_en":"Public Cargo Working Area"}},{"type":"Feature","geometry":{"type":"Polygon","coordinates":[[[114.12421670000003,22.319683300000065],[114.12445000000002,22.32008330000008],[114.12418330000003,22.32021670000006],[114.12395000000004,22.319816700000047],[114.12421670000003,22.319683300000065]]]},"properties":{"Name":"SI-08","Type_tc":"公眾貨物裝卸區","Type_en":"Public Cargo Working Area"}},{"type":"Feature","geometry":{"type":"Polygon","coordinates":[[[114.12418330000003,22.32021670000006],[114.12365000000011,22.320483300000035],[114.1234333000001,22.320100000000025],[114.12395000000004,22.319816700000047],[114.12418330000003,22.32021670000006]]]},"properties":{"Name":"SI-09","Type_tc":"公眾貨物裝卸區","Type_en":"Public Cargo Working Area"}},{"type":"Feature","geometry":{"type":"Polygon","coordinates":[[[114.1234333000001,22.320100000000025],[114.12365000000011,22.320483300000035],[114.12331670000003,22.32066670000006],[114.12310000000002,22.320266700000047],[114.1234333000001,22.320100000000025]]]},"properties":{"Name":"SI-10","Type_tc":"公眾貨物裝卸區","Type_en":"Public Cargo Working Area"}},{"type":"Feature","geometry":{"type":"Polygon","coordinates":[[[114.12331670000003,22.32066670000006],[114.1229833000001,22.32083330000006],[114.12276670000006,22.320433300000047],[114.12310000000002,22.320266700000047],[114.12331670000003,22.32066670000006]]]},"properties":{"Name":"SI-11","Type_tc":"公眾貨物裝卸區","Type_en":"Public Cargo Working Area"}},{"type":"Feature","geometry":{"type":"Polygon","coordinates":[[[114.12276670000006,22.320433300000047],[114.1229833000001,22.32083330000006],[114.12266670000008,22.321000000000026],[114.12243330000001,22.32060000000007],[114.12276670000006,22.320433300000047]]]},"properties":{"Name":"SI-12","Type_tc":"公眾貨物裝卸區","Type_en":"Public Cargo Working Area"}},{"type":"Feature","geometry":{"type":"Polygon","coordinates":[[[114.11560800000007,22.351638000000037],[114.1156820000001,22.351662000000033],[114.11558500000001,22.35191800000007],[114.11551200000008,22.351894000000073],[114.11560800000007,22.351638000000037]]]},"properties":{"Name":"RC-01","Type_tc":"公眾貨物裝卸區","Type_en":"Public Cargo Working Area"}},{"type":"Feature","geometry":{"type":"Polygon","coordinates":[[[114.11591400000009,22.35173800000007],[114.11593200000004,22.351845000000026],[114.11574000000007,22.35187300000007],[114.115722,22.351766000000055],[114.11591400000009,22.35173800000007]]]},"properties":{"Name":"RC-02","Type_tc":"公眾貨物裝卸區","Type_en":"Public Cargo Working Area"}},{"type":"Feature","geometry":{"type":"Polygon","coordinates":[[[114.11574000000007,22.35187300000007],[114.11593200000004,22.351845000000026],[114.11595000000011,22.35195200000004],[114.11575800000003,22.351980000000026],[114.11574000000007,22.35187300000007]]]},"properties":{"Name":"RC-03","Type_tc":"公眾貨物裝卸區","Type_en":"Public Cargo Working Area"}},{"type":"Feature","geometry":{"type":"Polygon","coordinates":[[[114.11595000000011,22.35195200000004],[114.11598000000004,22.352131000000043],[114.11569300000008,22.35217300000005],[114.11566300000004,22.351994000000047],[114.11595000000011,22.35195200000004]]]},"properties":{"Name":"RC-04","Type_tc":"公眾貨物裝卸區","Type_en":"Public Cargo Working Area"}},{"type":"Feature","geometry":{"type":"Polygon","coordinates":[[[114.11569300000008,22.35217300000005],[114.11598000000004,22.352131000000043],[114.11604100000011,22.35248800000005],[114.11575300000004,22.35253000000006],[114.11569300000008,22.35217300000005]]]},"properties":{"Name":"RC-05","Type_tc":"公眾貨物裝卸區","Type_en":"Public Cargo Working Area"}},{"type":"Feature","geometry":{"type":"Polygon","coordinates":[[[114.11604100000011,22.35248800000005],[114.11611100000005,22.35289800000004],[114.11582300000009,22.352940000000046],[114.11575300000004,22.35253000000006],[114.11604100000011,22.35248800000005]]]},"properties":{"Name":"RC-06","Type_tc":"公眾貨物裝卸區","Type_en":"Public Cargo Working Area"}},{"type":"Feature","geometry":{"type":"Polygon","coordinates":[[[114.11582300000009,22.352940000000046],[114.11611100000005,22.35289800000004],[114.1161810000001,22.353308000000027],[114.11589300000003,22.353351000000032],[114.11582300000009,22.352940000000046]]]},"properties":{"Name":"RC-07","Type_tc":"公眾貨物裝卸區","Type_en":"Public Cargo Working Area"}},{"type":"Feature","geometry":{"type":"Polygon","coordinates":[[[114.1161810000001,22.353308000000027],[114.11624200000006,22.353665000000035],[114.1159540000001,22.353707000000043],[114.11589300000003,22.353351000000032],[114.1161810000001,22.353308000000027]]]},"properties":{"Name":"RC-08","Type_tc":"公眾貨物裝卸區","Type_en":"Public Cargo Working Area"}},{"type":"Feature","geometry":{"type":"Polygon","coordinates":[[[114.1159540000001,22.353707000000043],[114.11624200000006,22.353665000000035],[114.11628400000006,22.35391500000003],[114.1159970000001,22.353957000000037],[114.1159540000001,22.353707000000043]]]},"properties":{"Name":"RC-09","Type_tc":"公眾貨物裝卸區","Type_en":"Public Cargo Working Area"}},{"type":"Feature","geometry":{"type":"Polygon","coordinates":[[[114.11628400000006,22.35391500000003],[114.11634100000003,22.354254000000026],[114.11605400000008,22.354296000000033],[114.1159970000001,22.353957000000037],[114.11628400000006,22.35391500000003]]]},"properties":{"Name":"RC-10","Type_tc":"公眾貨物裝卸區","Type_en":"Public Cargo Working Area"}},{"type":"Feature","geometry":{"type":"Polygon","coordinates":[[[114.11605400000008,22.354296000000033],[114.11634100000003,22.354254000000026],[114.11639900000011,22.354593000000023],[114.11611100000005,22.35463500000003],[114.11605400000008,22.354296000000033]]]},"properties":{"Name":"RC-11","Type_tc":"公眾貨物裝卸區","Type_en":"Public Cargo Working Area"}},{"type":"Feature","geometry":{"type":"Polygon","coordinates":[[[114.11618500000009,22.354850000000056],[114.11565000000007,22.355143000000055],[114.1155020000001,22.354909000000077],[114.11603800000012,22.354616000000078],[114.11618500000009,22.354850000000056]]]},"properties":{"Name":"RC-12","Type_tc":"公眾貨物裝卸區","Type_en":"Public Cargo Working Area"}},{"type":"Feature","geometry":{"type":"Polygon","coordinates":[[[114.11556400000006,22.355189000000053],[114.11544300000003,22.355455000000063],[114.11517500000002,22.35534800000005],[114.11529600000006,22.355083000000036],[114.11556400000006,22.355189000000053]]]},"properties":{"Name":"RC-13","Type_tc":"公眾貨物裝卸區","Type_en":"Public Cargo Working Area"}},{"type":"Feature","geometry":{"type":"Polygon","coordinates":[[[114.11517500000002,22.35534800000005],[114.11544300000003,22.355455000000063],[114.11532100000011,22.355720000000076],[114.1150530000001,22.35561400000006],[114.11517500000002,22.35534800000005]]]},"properties":{"Name":"RC-14","Type_tc":"公眾貨物裝卸區","Type_en":"Public Cargo Working Area"}},{"type":"Feature","geometry":{"type":"Polygon","coordinates":[[[114.11506900000006,22.35627100000005],[114.11494800000003,22.35653700000006],[114.11468000000002,22.356431000000043],[114.11480100000006,22.356165000000033],[114.11506900000006,22.35627100000005]]]},"properties":{"Name":"RC-15","Type_tc":"公眾貨物裝卸區","Type_en":"Public Cargo Working Area"}},{"type":"Feature","geometry":{"type":"Polygon","coordinates":[[[114.11468000000002,22.356431000000043],[114.11494800000003,22.35653700000006],[114.11470400000007,22.357069000000024],[114.11443600000007,22.356963000000064],[114.11468000000002,22.356431000000043]]]},"properties":{"Name":"RC-16","Type_tc":"公眾貨物裝卸區","Type_en":"Public Cargo Working Area"}},{"type":"Feature","geometry":{"type":"Polygon","coordinates":[[[114.11470400000007,22.357069000000024],[114.11458300000004,22.357335000000035],[114.11431500000003,22.357228000000077],[114.11443600000007,22.356963000000064],[114.11470400000007,22.357069000000024]]]},"properties":{"Name":"RC-17","Type_tc":"公眾貨物裝卸區","Type_en":"Public Cargo Working Area"}},{"type":"Feature","geometry":{"type":"Polygon","coordinates":[[[114.11431500000003,22.357228000000077],[114.11458300000004,22.357335000000035],[114.114461,22.357600000000048],[114.11419300000011,22.35749400000003],[114.11431500000003,22.357228000000077]]]},"properties":{"Name":"RC-18","Type_tc":"公眾貨物裝卸區","Type_en":"Public Cargo Working Area"}},{"type":"Feature","geometry":{"type":"Polygon","coordinates":[[[114.114461,22.357600000000048],[114.11434000000008,22.357866000000058],[114.11407200000008,22.35776000000004],[114.11419300000011,22.35749400000003],[114.114461,22.357600000000048]]]},"properties":{"Name":"RC-19","Type_tc":"公眾貨物裝卸區","Type_en":"Public Cargo Working Area"}},{"type":"Feature","geometry":{"type":"Polygon","coordinates":[[[114.11407200000008,22.35776000000004],[114.11434000000008,22.357866000000058],[114.11421800000005,22.35813200000007],[114.11395000000005,22.358026000000052],[114.11407200000008,22.35776000000004]]]},"properties":{"Name":"RC-20","Type_tc":"公眾貨物裝卸區","Type_en":"Public Cargo Working Area"}},{"type":"Feature","geometry":{"type":"Polygon","coordinates":[[[114.11421800000005,22.35813200000007],[114.1140660000001,22.358465000000024],[114.11379800000009,22.358359000000064],[114.11395000000005,22.358026000000052],[114.11421800000005,22.35813200000007]]]},"properties":{"Name":"RC-21","Type_tc":"公眾貨物裝卸區","Type_en":"Public Cargo Working Area"}},{"type":"Feature","geometry":{"type":"Polygon","coordinates":[[[114.11379800000009,22.358359000000064],[114.1140660000001,22.358465000000024],[114.1138830000001,22.358863000000042],[114.1136150000001,22.358757000000026],[114.11379800000009,22.358359000000064]]]},"properties":{"Name":"RC-22","Type_tc":"公眾貨物裝卸區","Type_en":"Public Cargo Working Area"}},{"type":"Feature","geometry":{"type":"Polygon","coordinates":[[[114.1138830000001,22.358863000000042],[114.11376200000007,22.359129000000053],[114.11349400000006,22.359023000000036],[114.1136150000001,22.358757000000026],[114.1138830000001,22.358863000000042]]]},"properties":{"Name":"RC-23","Type_tc":"公眾貨物裝卸區","Type_en":"Public Cargo Working Area"}},{"type":"Feature","geometry":{"type":"Polygon","coordinates":[[[114.11349400000006,22.359023000000036],[114.11376200000007,22.359129000000053],[114.11361000000011,22.359462000000065],[114.1133420000001,22.359356000000048],[114.11349400000006,22.359023000000036]]]},"properties":{"Name":"RC-24","Type_tc":"公眾貨物裝卸區","Type_en":"Public Cargo Working Area"}},{"type":"Feature","geometry":{"type":"Polygon","coordinates":[[[114.11361000000011,22.359462000000065],[114.11348800000007,22.359728000000075],[114.11322000000007,22.35962200000006],[114.1133420000001,22.359356000000048],[114.11361000000011,22.359462000000065]]]},"properties":{"Name":"RC-25","Type_tc":"公眾貨物裝卸區","Type_en":"Public Cargo Working Area"}},{"type":"Feature","geometry":{"type":"Polygon","coordinates":[[[114.11322000000007,22.35962200000006],[114.11348800000007,22.359728000000075],[114.11328700000001,22.360167000000047],[114.11252200000001,22.359861000000024],[114.11249500000008,22.359816000000023],[114.11277900000005,22.359669000000054],[114.11313300000006,22.359811000000036],[114.11322000000007,22.35962200000006]]]},"properties":{"Name":"RC-26","Type_tc":"公眾貨物裝卸區","Type_en":"Public Cargo Working Area"}},{"type":"Feature","geometry":{"type":"Polygon","coordinates":[[[114.11249500000008,22.359816000000023],[114.11221200000011,22.359342000000026],[114.11246700000004,22.359210000000076],[114.11272900000006,22.359649000000047],[114.11277900000005,22.359669000000054],[114.11249500000008,22.359816000000023]]]},"properties":{"Name":"RC-27","Type_tc":"公眾貨物裝卸區","Type_en":"Public Cargo Working Area"}},{"type":"Feature","geometry":{"type":"Polygon","coordinates":[[[113.97536300000002,22.38111900000007],[113.97501100000011,22.380967000000055],[113.97521400000005,22.380557000000067],[113.97556700000007,22.380709000000024],[113.97536300000002,22.38111900000007]]]},"properties":{"Name":"TM-01","Type_tc":"公眾貨物裝卸區","Type_en":"Public Cargo Working Area"}},{"type":"Feature","geometry":{"type":"Polygon","coordinates":[[[113.97521400000005,22.380557000000067],[113.97501100000011,22.380967000000055],[113.97462300000007,22.380801000000076],[113.97482600000001,22.38039100000003],[113.97521400000005,22.380557000000067]]]},"properties":{"Name":"TM-02","Type_tc":"公眾貨物裝卸區","Type_en":"Public Cargo Working Area"}},{"type":"Feature","geometry":{"type":"Polygon","coordinates":[[[113.97462300000007,22.380801000000076],[113.97420000000011,22.380619000000024],[113.97440300000005,22.380209000000036],[113.97482600000001,22.38039100000003],[113.97462300000007,22.380801000000076]]]},"properties":{"Name":"TM-03","Type_tc":"公眾貨物裝卸區","Type_en":"Public Cargo Working Area"}},{"type":"Feature","geometry":{"type":"Polygon","coordinates":[[[113.97440300000005,22.380209000000036],[113.97420000000011,22.380619000000024],[113.97385600000007,22.380472000000054],[113.97405900000001,22.380062000000066],[113.97440300000005,22.380209000000036]]]},"properties":{"Name":"TM-04","Type_tc":"公眾貨物裝卸區","Type_en":"Public Cargo Working Area"}},{"type":"Feature","geometry":{"type":"Polygon","coordinates":[[[113.97385600000007,22.380472000000054],[113.97351200000003,22.380325000000028],[113.97371500000008,22.37991500000004],[113.97405900000001,22.380062000000066],[113.97385600000007,22.380472000000054]]]},"properties":{"Name":"TM-05","Type_tc":"公眾貨物裝卸區","Type_en":"Public Cargo Working Area"}},{"type":"Feature","geometry":{"type":"Polygon","coordinates":[[[113.97371500000008,22.37991500000004],[113.97351200000003,22.380325000000028],[113.97317700000008,22.38018100000005],[113.97338000000002,22.379771000000062],[113.97371500000008,22.37991500000004]]]},"properties":{"Name":"TM-06","Type_tc":"公眾貨物裝卸區","Type_en":"Public Cargo Working Area"}},{"type":"Feature","geometry":{"type":"Polygon","coordinates":[[[113.97317700000008,22.38018100000005],[113.97278900000003,22.380014000000074],[113.97299200000009,22.37960400000003],[113.97338000000002,22.379771000000062],[113.97317700000008,22.38018100000005]]]},"properties":{"Name":"TM-07","Type_tc":"公眾貨物裝卸區","Type_en":"Public Cargo Working Area"}},{"type":"Feature","geometry":{"type":"Polygon","coordinates":[[[113.97299200000009,22.37960400000003],[113.97278900000003,22.380014000000074],[113.9724010000001,22.379848000000038],[113.97260400000005,22.37943800000005],[113.97299200000009,22.37960400000003]]]},"properties":{"Name":"TM-08","Type_tc":"公眾貨物裝卸區","Type_en":"Public Cargo Working Area"}},{"type":"Feature","geometry":{"type":"Polygon","coordinates":[[[113.9724010000001,22.379848000000038],[113.97201300000006,22.37968200000006],[113.97221600000012,22.37927200000007],[113.97260400000005,22.37943800000005],[113.9724010000001,22.379848000000038]]]},"properties":{"Name":"TM-09","Type_tc":"公眾貨物裝卸區","Type_en":"Public Cargo Working Area"}},{"type":"Feature","geometry":{"type":"Polygon","coordinates":[[[113.97221600000012,22.37927200000007],[113.97201300000006,22.37968200000006],[113.97162500000002,22.379515000000026],[113.97182800000007,22.379105000000038],[113.97221600000012,22.37927200000007]]]},"properties":{"Name":"TM-10","Type_tc":"公眾貨物裝卸區","Type_en":"Public Cargo Working Area"}},{"type":"Feature","geometry":{"type":"Polygon","coordinates":[[[113.97162500000002,22.379515000000026],[113.97134300000005,22.379394000000048],[113.9715460000001,22.37898400000006],[113.97182800000007,22.379105000000038],[113.97162500000002,22.379515000000026]]]},"properties":{"Name":"TM-11","Type_tc":"公眾貨物裝卸區","Type_en":"Public Cargo Working Area"}},{"type":"Feature","geometry":{"type":"Polygon","coordinates":[[[113.9715460000001,22.37898400000006],[113.97134300000005,22.379394000000048],[113.97095500000012,22.37922800000007],[113.97115800000006,22.378818000000024],[113.9715460000001,22.37898400000006]]]},"properties":{"Name":"TM-12","Type_tc":"公眾貨物裝卸區","Type_en":"Public Cargo Working Area"}},{"type":"Feature","geometry":{"type":"Polygon","coordinates":[[[113.97095500000012,22.37922800000007],[113.9706020000001,22.379077000000052],[113.97080500000004,22.378667000000064],[113.97115800000006,22.378818000000024],[113.97095500000012,22.37922800000007]]]},"properties":{"Name":"TM-13","Type_tc":"公眾貨物裝卸區","Type_en":"Public Cargo Working Area"}},{"type":"Feature","geometry":{"type":"Polygon","coordinates":[[[113.97080500000004,22.378667000000064],[113.9706020000001,22.379077000000052],[113.97017900000003,22.378895000000057],[113.97038200000009,22.37848500000007],[113.97080500000004,22.378667000000064]]]},"properties":{"Name":"TM-14","Type_tc":"公眾貨物裝卸區","Type_en":"Public Cargo Working Area"}},{"type":"Feature","geometry":{"type":"Polygon","coordinates":[[[113.97017900000003,22.378895000000057],[113.96993200000009,22.378788000000043],[113.97013500000003,22.378379000000052],[113.97038200000009,22.37848500000007],[113.97017900000003,22.378895000000057]]]},"properties":{"Name":"TM-15","Type_tc":"公眾貨物裝卸區","Type_en":"Public Cargo Working Area"}},{"type":"Feature","geometry":{"type":"MultiPolygon","coordinates":[[[[113.87203899700012,22.313630399000033],[113.87111113000003,22.313333439000075],[113.87088549700002,22.314010431000042],[113.86847857700002,22.321230874000037],[113.86833338500003,22.32166671400006],[113.86786161100008,22.321498215000076],[113.86444453700005,22.320277825000062],[113.86833326700003,22.309444480000025],[113.86666671400008,22.308888916000058],[113.866666656,22.298611082000036],[113.87222803100008,22.287836593000065],[113.87516423800002,22.282147219000024],[113.87555546300007,22.28138892800007],[113.8891594800001,22.285790288000044],[113.88917665300005,22.285721641000066],[113.88939738800002,22.285867195000037],[113.89228338700002,22.287770125000065],[113.89251267800012,22.287920404000033],[113.89316252800006,22.288345895000077],[113.89381229500009,22.288771220000058],[113.89418157400007,22.28901269100004],[113.89455076700006,22.289254404000076],[113.89537427100004,22.289798610000048],[113.89619690500001,22.29034419100003],[113.89648577500009,22.290533581000034],[113.89639687500005,22.290659808000044],[113.8963846900001,22.29068230000007],[113.89631859100007,22.290804584000057],[113.89626817700002,22.290944532000026],[113.8962679120001,22.291075222000075],[113.89626762900002,22.29121509600003],[113.89622716000008,22.291317675000073],[113.89623719600002,22.29136442600003],[113.89636748600003,22.291457877000028],[113.89655780600003,22.291579635000062],[113.89671787100008,22.29171979000006],[113.89679796200005,22.291803968000067],[113.89684799100007,22.291897360000064],[113.89693831500006,22.29188817100004],[113.89693848500008,22.291804214000024],[113.89693867400001,22.291710911000052],[113.89693891900004,22.291589568000063],[113.89697921300001,22.29148698800003],[113.89704967600005,22.29136576800005],[113.89717042500001,22.291253982000057],[113.89721547200008,22.291219600000034],[113.89724442500005,22.29119746300006],[113.89733102000002,22.291131375000077],[113.89736153700005,22.291113386000063],[113.89744116500003,22.291167329000075],[113.89771460000009,22.291346530000055],[113.89772323600005,22.291352072000052],[113.8978320870001,22.291423296000062],[113.89793013400003,22.291481823000026],[113.89803168600008,22.291534666000075],[113.89883451200001,22.291995186000065],[113.89899118400001,22.292086486000073],[113.89908419200003,22.29213289300003],[113.89948889100003,22.29231532700004],[113.89989560800007,22.292493618000037],[113.90006419200006,22.292568601000028],[113.90023444100007,22.292640662000053],[113.9003581930001,22.292686309000032],[113.9004837010001,22.29272740700003],[113.90074354100011,22.292807668000023],[113.90126810700008,22.292971529000056],[113.90179267500002,22.293135308000046],[113.902114589,22.29322810800005],[113.9024406320001,22.293308318000072],[113.90265966700008,22.293355589000043],[113.90295370500007,22.29341241700007],[113.90324679500009,22.293463066000072],[113.90354059200001,22.29350932600005],[113.90413004300001,22.29359071400006],[113.90438448200007,22.293621707000057],[113.9046393650001,22.293649206000055],[113.9048709430001,22.293669675000046],[113.90510288500002,22.29368226100007],[113.90560898300009,22.293692874000044],[113.90611518100002,22.293696495000063],[113.90712776900011,22.293695607000075],[113.90781672100002,22.29372131300005],[113.90819722000003,22.293736339000077],[113.90861889400003,22.29377581500006],[113.90903343200011,22.293847870000036],[113.90940966900007,22.29394416100007],[113.90983454200011,22.294091329000025],[113.9106446620001,22.294465814000034],[113.91141589100005,22.29485542900005],[113.91186302800008,22.295054889000028],[113.91214108500003,22.295160276000047],[113.91236462500001,22.295229567000035],[113.9118539640001,22.29522742100005],[113.9110362240001,22.295224030000043],[113.91062215800002,22.295222203000037],[113.9101136810001,22.29521956700006],[113.90937900300003,22.295214763000047],[113.9092520150001,22.295213819000026],[113.90906887000006,22.295212211000035],[113.90889873900005,22.295210463000046],[113.90874153400011,22.29520881800005],[113.90859716800003,22.295206869000026],[113.90846581500011,22.295205104000047],[113.90834738800004,22.295203198000024],[113.90824180100003,22.295201233000057],[113.90814922600009,22.295199127000046],[113.9080695780001,22.295196961000045],[113.90799700500008,22.29519480700003],[113.90792539200004,22.295192573000065],[113.90785500200002,22.295190260000027],[113.90778583400004,22.295188112000062],[113.9077177150001,22.295185640000057],[113.90765073200009,22.29518317000003],[113.90758488400002,22.295180784000024],[113.9075201710001,22.29517831800007],[113.907456507,22.29517577200005],[113.90739406500006,22.295173066000075],[113.90733275900004,22.29517052500006],[113.90727250100008,22.29516790300005],[113.90721346600003,22.295165203000067],[113.90715547900004,22.29516226000004],[113.90709871500007,22.295159483000077],[113.90704299900005,22.29515662500006],[113.90698806900002,22.295153688000028],[113.90693357600003,22.295150670000055],[113.90687952000007,22.29514757100003],[113.90682590000006,22.295144392000054],[113.90677271800007,22.295141133000072],[113.90671997200002,22.295137711000052],[113.90666766400011,22.295134291000068],[113.90661570400005,22.295130708000045],[113.90656426900011,22.295127207000064],[113.906513184,22.295123464000028],[113.90646262200005,22.295119802000045],[113.90641232300004,22.295115897000073],[113.90636263600004,22.29511191200004],[113.9063132980001,22.295107764000022],[113.9062643960001,22.295103780000034],[113.90621575700004,22.295099634000053],[113.90602766400002,22.295082898000032],[113.90584909000006,22.295066828000074],[113.90580298300006,22.295062605000055],[113.90568003400006,22.29505118000003],[113.90563934200009,22.295047373000045],[113.90559917400003,22.295043728000053],[113.90555961700011,22.295039923000047],[113.90552075900007,22.295036199000037],[113.90548163900007,22.295032475000028],[113.90544120900006,22.295028587000047],[113.90539990600007,22.29502453400005],[113.90535738100004,22.295020317000024],[113.90531389600005,22.295015773000046],[113.90526927400003,22.29501139000007],[113.90522360600005,22.29500667900004],[113.90517671500004,22.295001886000023],[113.90512877600008,22.294996928000046],[113.90511978200004,22.294995937000067],[113.90507979000006,22.294991724000056],[113.90502984300008,22.294986438000024],[113.9049784990001,22.29498098600004],[113.90492628200002,22.294975371000078],[113.90487284200003,22.294969672000036],[113.90481844300007,22.294963727000038],[113.90476282000009,22.294957699000065],[113.9047071980001,22.29495159000004],[113.90465236200009,22.29494548300005],[113.90459857400003,22.29493937700005],[113.904585913,22.29493797300006],[113.90454583300004,22.29493351600007],[113.90449379200004,22.29492741300004],[113.90444271100012,22.294921637000073],[113.90439259100003,22.29491561900005],[113.90434343100003,22.29490968300007],[113.90429505700001,22.294903911000063],[113.90424773200004,22.294898060000037],[113.90420127900006,22.294892291000053],[113.90415578800003,22.294886525000038],[113.9041110820001,22.294880840000076],[113.9040825300001,22.294877134000046],[113.9040675120001,22.29487507700003],[113.90402472700009,22.294869477000077],[113.90398290300004,22.294863960000043],[113.90394116700008,22.294858118000036],[113.90389890800009,22.294852194000043],[113.90385603700008,22.294845863000035],[113.90381246900006,22.294839368000055],[113.903768463,22.294832710000037],[113.90372376100004,22.294825562000028],[113.90367853400005,22.294818170000042],[113.90363261000005,22.294810614000028],[113.90358607400003,22.29480273200005],[113.90353910200008,22.294794687000035],[113.90349143300011,22.29478623400007],[113.90344297700005,22.294777536000026],[113.90339417300004,22.294768513000065],[113.90334467100001,22.29475932500003],[113.90329455800008,22.29474997400007],[113.90324392100001,22.294740216000037],[113.90286187800007,22.29466608900003],[113.90253125700008,22.29460188300004],[113.9024929310001,22.294594421000056],[113.90245390700011,22.29458663300005],[113.90241409700002,22.294578600000023],[113.9023739370001,22.29457040400007],[113.90233290600008,22.29456188100005],[113.90229117500007,22.294553275000055],[113.90224900900012,22.294544262000045],[113.90220605700006,22.294535086000053],[113.90216258200007,22.294525664000048],[113.90211840800009,22.294515998000065],[113.90207362400008,22.29450608700006],[113.90202814100007,22.294496012000025],[113.90198196000006,22.294485610000038],[113.9019353430001,22.294475127000055],[113.90188794000005,22.294464317000063],[113.9018399260001,22.294453100000055],[113.90179200000011,22.294441883000047],[113.90174477300002,22.294430830000067],[113.9016985930001,22.294419778000076],[113.90165302500009,22.29440880900006],[113.90160841700003,22.29439792200003],[113.90156450800009,22.294386875000043],[113.90152138500002,22.294376235000072],[113.90147922300002,22.29436527100006],[113.90143767100005,22.294354634000058],[113.90139708000004,22.29434391700005],[113.90135727600011,22.294333282000025],[113.90131816900009,22.294322812000075],[113.90128002400002,22.294312424000054],[113.90124257700006,22.29430187500003],[113.90120600300008,22.294291490000035],[113.90117021500009,22.29428118800007],[113.90113259500004,22.29427007000004],[113.90109026100004,22.29425756100005],[113.90104338900005,22.294243664000078],[113.90099197800009,22.294228214000043],[113.90093576700008,22.29421121200005],[113.90087510400008,22.294192902000077],[113.9008099020001,22.29417312100003],[113.90073990000008,22.294151706000036],[113.90066536000006,22.29412890100008],[113.9006358580001,22.294119829000067],[113.90058636800006,22.29410470700003],[113.90050257500002,22.294078961000025],[113.90047961900007,22.294071932000065],[113.89944447100004,22.292777786000045],[113.89375773400002,22.29098220900005],[113.89033441700008,22.289901171000054],[113.88406072900011,22.28791971000004],[113.88361108800007,22.287777793000032],[113.88332308300005,22.28846924000004],[113.88287829900003,22.28953653800005],[113.88254174300005,22.290344686000026],[113.88244711400012,22.290571594000028],[113.88215927400006,22.29126222600007],[113.88210932600009,22.291382015000067],[113.88186923700005,22.29195838000004],[113.88083336300008,22.294444535000025],[113.89190622500007,22.298072026000057],[113.89661124100007,22.29961310500005],[113.89685246400006,22.299921478000044],[113.89784036300011,22.301184673000023],[113.89787241700003,22.301228129000037],[113.89789776500004,22.30126222800004],[113.89790299200001,22.301269227000034],[113.89790787000004,22.301275575000034],[113.89791240000011,22.301281515000028],[113.89791631900005,22.301286805000075],[113.89791980400003,22.301291200000037],[113.89797990200009,22.30137436800004],[113.89803322000012,22.30148483200003],[113.8980751040001,22.301591700000074],[113.89810168100007,22.30170927000006],[113.89810531600006,22.301812577000078],[113.89810507100003,22.301890763000074],[113.89808969400008,22.301979895000045],[113.8980741360001,22.302072440000074],[113.89805101400009,22.30214709100005],[113.89802033700005,22.302200516000028],[113.89800872900003,22.302239670000063],[113.89802783000005,22.302296596000076],[113.89805833500009,22.302328672000044],[113.89811007200001,22.302356720000034],[113.89801997200004,22.302598681000063],[113.89800952000007,22.302627190000067],[113.89736730000004,22.304352428000072],[113.89701414300009,22.304235912000024],[113.89668715900007,22.30512733100005],[113.89683590100003,22.305173024000055],[113.89687962900007,22.305361333000064],[113.89673158700009,22.305746316000068],[113.89650811800004,22.30632760800006],[113.89640555900007,22.306594172000075],[113.89637869100011,22.306663290000074],[113.89165691800008,22.305172483000035],[113.88128899800006,22.301898278000067],[113.88055555800008,22.30166667000003],[113.88032510100004,22.302219887000035],[113.8780374700001,22.307709965000072],[113.8777778430001,22.308333264000055],[113.87851482400004,22.308556682000074],[113.88082520600005,22.30925693000006],[113.88382363900007,22.310165495000035],[113.88666917600005,22.311027727000067],[113.88694449600007,22.31111112600007],[113.894719398,22.316943495000032],[113.90035243500006,22.31882119900007],[113.90021121400002,22.319200183000078],[113.899414191,22.32134071300004],[113.89919383100005,22.321932660000073],[113.89914153900008,22.32191590800005],[113.89901269500001,22.322261914000023],[113.87203899700012,22.313630399000033]],[[113.8951142840001,22.30571909100007],[113.8951139190001,22.305726974000038],[113.8951131880001,22.30574249700004],[113.8951129080001,22.305751599000075],[113.89511272100003,22.305757288000052],[113.89511243000004,22.305771592000042],[113.89511233600001,22.305775005000044],[113.89511232200005,22.305781913000033],[113.8951124030001,22.305785164000042],[113.89511239600006,22.305788497000037],[113.89511238900002,22.30579191000004],[113.89511247000007,22.30579516100005],[113.89511263700001,22.30579857500004],[113.89511322100009,22.305812230000072],[113.89511432900008,22.30582580500004],[113.89511569800004,22.30583970600003],[113.8951193050001,22.305870027000026],[113.89512368700002,22.305905471000074],[113.89512437600001,22.30591043000004],[113.89512532600008,22.305915715000026],[113.89512636300003,22.305921324000053],[113.89512766100006,22.305927260000033],[113.89512922000006,22.30593360200004],[113.89513086600004,22.305940188000022],[113.89513277300011,22.30594718100008],[113.89513494200003,22.305954581000037],[113.89513719700005,22.305962306000026],[113.89513980100003,22.30597043800003],[113.8951424920001,22.305978733000074],[113.89514535600006,22.305987516000073],[113.89514848200008,22.305996624000045],[113.89515187000006,22.30600597600005],[113.89515543100003,22.30601581700006],[113.89515907900011,22.306025901000055],[113.89517341300007,22.30606380100005],[113.895185491,22.306094706000067],[113.89518809800006,22.306101376000072],[113.89519061800002,22.30610763800007],[113.89519296500009,22.306113494000044],[113.89519531200006,22.306118781000066],[113.89519739800005,22.306123824000053],[113.89519939800005,22.306128297000043],[113.89520122400006,22.306132364000064],[113.8952028760001,22.30613618700005],[113.89520461600011,22.30613952300007],[113.89520618100005,22.30614293900004],[113.89520679100008,22.306143915000064],[113.89520792200005,22.306146193000075],[113.89520957500008,22.30614928400007],[113.89521122800011,22.30615253800005],[113.89521288100002,22.306155467000053],[113.89521462200003,22.306158396000058],[113.89521627600004,22.306161325000062],[113.89521801700005,22.306164091000028],[113.89521967100006,22.306166776000055],[113.89522150000005,22.306169461000025],[113.89522324200004,22.30617198400006],[113.89522489600006,22.306174506000048],[113.89522672600003,22.306176867000033],[113.89522838000005,22.30617922700003],[113.89523021000002,22.306181424000044],[113.8952370070001,22.306189482000036],[113.89523857500001,22.306191273000024],[113.89524023100012,22.30619306400007],[113.89524171300002,22.306194692000076],[113.89524319400005,22.30619623900003],[113.89524458900007,22.306197704000056],[113.8952459840001,22.306199007000032],[113.89524737900001,22.306200310000065],[113.89524877400004,22.306201532000046],[113.89525008200008,22.306202591000044],[113.89525139000011,22.30620373100004],[113.89525261100005,22.306204627000056],[113.8952538320001,22.306205361000025],[113.89525496600004,22.306206175000057],[113.89525618700009,22.306206990000078],[113.8952575830001,22.306207805000042],[113.89525889100003,22.306208621000053],[113.89526037400003,22.306209436000074],[113.89526185800003,22.306210089000047],[113.89526342900001,22.306210904000068],[113.89526665700009,22.30621237300005],[113.89526849000003,22.30621318900006],[113.89527032300009,22.306213924000076],[113.89527224300002,22.30621474000003],[113.89527407500009,22.30621539300006],[113.89527599500002,22.30621620900007],[113.89527809000003,22.30621686300003],[113.89528018500005,22.30621768000003],[113.8952885650001,22.30622029500006],[113.8952965960001,22.306222585000057],[113.89530427900002,22.306224305000057],[113.8953117000001,22.306225700000027],[113.89531353400002,22.306225866000034],[113.89531528000009,22.306226113000037],[113.89531912300004,22.306226363000064],[113.89532113200005,22.30622652900007],[113.8953229660001,22.30622653300003],[113.89532707100011,22.30622654000007],[113.89532908000001,22.30622646200004],[113.89533117700012,22.30622638400007],[113.8953354570001,22.306225986000072],[113.89533772900006,22.30622582700005],[113.89533991300004,22.306225506000033],[113.89534209700003,22.306225185000073],[113.8953443690001,22.306224863000068],[113.89534672800005,22.306224461000056],[113.89534891200003,22.30622414000004],[113.8953511840001,22.306223575000047],[113.89535336900008,22.306223173000035],[113.89535564100004,22.30622260800004],[113.89535782500002,22.306222124000044],[113.89536210800009,22.306220994000057],[113.89536420500008,22.306220266000025],[113.89536840100004,22.306218973000057],[113.89537049800003,22.306218326000078],[113.89537250900003,22.30621751700005],[113.89537451900003,22.306216789000075],[113.89537653000002,22.306215980000047],[113.89537854000002,22.306215171000076],[113.89538046400003,22.306214280000063],[113.89538238700004,22.30621338900005],[113.89538422300006,22.306212499000026],[113.89538605900009,22.30621160800007],[113.89538955700004,22.306209582000065],[113.89539121900009,22.306208610000056],[113.89539288000003,22.306207637000057],[113.89539436700011,22.306206502000066],[113.89539602900004,22.306205367000075],[113.89539751600012,22.306204313000023],[113.89539891600009,22.306203097000036],[113.89540031600006,22.30620188000006],[113.89540434100002,22.30619831100006],[113.89540670500003,22.30619571400007],[113.89540793000003,22.30619441600004],[113.89540906900004,22.306193036000025],[113.89541020700005,22.30619157500007],[113.89541125800008,22.306190196000045],[113.89541239700009,22.306188735000035],[113.89541336000002,22.306187273000035],[113.89541449900003,22.306185731000028],[113.8954164270001,22.306182727000078],[113.89541739100002,22.306181104000075],[113.89542089800011,22.306174527000053],[113.89542177500005,22.306172821000075],[113.89542326700007,22.306169167000064],[113.89542396900003,22.306167380000034],[113.8954247590001,22.30616559300006],[113.89542546200005,22.306163725000033],[113.8954266930001,22.306159826000055],[113.89542739500007,22.306157795000047],[113.89542792400005,22.30615576400004],[113.89542853900002,22.306153815000073],[113.89542898000002,22.30615170300007],[113.8954308320001,22.306143091000024],[113.89543207100007,22.306134803000077],[113.89543242500008,22.30613293400006],[113.89543269,22.306131065000045],[113.89543286800006,22.306129440000063],[113.89543313400009,22.30612773400003],[113.89543358300011,22.306121802000064],[113.89543368000011,22.306117088000065],[113.8954335950001,22.306115869000052],[113.8954334230001,22.30611448700006],[113.895433077,22.30611286000004],[113.89543273100003,22.30611090900004],[113.89543212400008,22.30610871400006],[113.89543151800001,22.306106274000058],[113.89543073700008,22.306103591000067],[113.89542987000004,22.30610066400004],[113.89542882800004,22.30609749200005],[113.89542770000003,22.306094076000022],[113.89542648400004,22.306090417000064],[113.89542518200005,22.30608643200003],[113.89542370600009,22.306082203000074],[113.89542223000001,22.30607781200007],[113.89542049300007,22.306073095000045],[113.89541866900004,22.306068134000043],[113.89541675800001,22.306062929000063],[113.89541467200002,22.30605748000005],[113.89541232500005,22.306051868000054],[113.89540980400011,22.306046093000077],[113.89540710800009,22.306040236000058],[113.89540423900007,22.30603397300007],[113.89540110700011,22.306027628000038],[113.89539867100007,22.306022829000028],[113.89539780200005,22.30602103900003],[113.89539432200002,22.30601428700004],[113.89539058000003,22.30600729100007],[113.89538683900003,22.306000132000065],[113.8953826610001,22.305992729000025],[113.89537848400005,22.30598516300006],[113.89537395800005,22.305977434000056],[113.89536943200005,22.305969461000075],[113.89536455700011,22.305961325000055],[113.89535977000003,22.305953189000036],[113.89535515600005,22.305945460000032],[113.89535089100002,22.305938137000055],[113.89534680000008,22.30593114100003],[113.89534288400012,22.30592438800005],[113.8953393160001,22.305917961000034],[113.89533600900006,22.30591202200003],[113.89533278800002,22.30590632700006],[113.89532991700003,22.305901039000048],[113.89532730700012,22.30589599600006],[113.89532487000008,22.30589144000004],[113.89532269600011,22.30588712800005],[113.89532078200011,22.30588306100003],[113.89531913000008,22.305879482000023],[113.89531756400004,22.30587631000003],[113.89531643500004,22.305873301000076],[113.89531530500005,22.30587061700004],[113.89531426200006,22.30586793300006],[113.89531321900006,22.305865330000074],[113.89531226400004,22.30586256500004],[113.89530861600008,22.305852481000045],[113.89530540400006,22.30584288500006],[113.89530471,22.30584060800004],[113.89530392800009,22.305838331000075],[113.89530332100003,22.30583613500005],[113.89530262700009,22.305833939000024],[113.89530020000007,22.305825076000076],[113.895298034,22.305816132000075],[113.89529586900005,22.305807026000025],[113.89529414100002,22.305797838000046],[113.89529362200005,22.305795399000033],[113.89529319000007,22.305792879000023],[113.89529275900009,22.30579027700003],[113.8952923270001,22.305787595000027],[113.8952908660001,22.305775888000028],[113.89529052300009,22.30577271800007],[113.89529018100006,22.305769385000076],[113.89528983800005,22.305765971000028],[113.89528949600003,22.30576247600004],[113.8952893290001,22.305758981000054],[113.8952888990001,22.30575532200004],[113.89528881500007,22.305753697000057],[113.89528873200004,22.305751502000078],[113.89528839100001,22.305747600000075],[113.89528763500005,22.305732807000027],[113.89528713700008,22.305719802000056],[113.89528689800011,22.305708667000033],[113.89528717900009,22.305699402000073],[113.89528772000006,22.305691032000027],[113.8952884360001,22.305682581000042],[113.89528932600001,22.305674211000053],[113.8952903920001,22.30566567900007],[113.89529163200007,22.305657066000038],[113.8952931340001,22.305648535000046],[113.89529472400011,22.30563992200007],[113.89529657600008,22.305631067000036],[113.89529719300003,22.305628467000076],[113.89529807300005,22.305625218000046],[113.89529913000001,22.305620993000048],[113.89530053700003,22.305616119000035],[113.89530819200002,22.305588662000048],[113.89531989000011,22.305548776000023],[113.89533536900001,22.305496463000054],[113.89534889400011,22.305460238000023],[113.89561710600003,22.30474061500007],[113.89584658500007,22.30412511800006],[113.89591447100008,22.30394301900003],[113.89592201100004,22.303928891000055],[113.89592928800005,22.30391516800006],[113.89593647800007,22.30390177000004],[113.89594357900012,22.30388886000003],[113.89595041700011,22.30387627400006],[113.895957167,22.303864014000055],[113.89596382900004,22.303852241000072],[113.89597022900011,22.303840792000074],[113.8959765400001,22.303829669000038],[113.89598258800004,22.30381911300003],[113.89598863600008,22.303808721000053],[113.89599450800006,22.303798897000036],[113.89600020500006,22.303789317000053],[113.89600572600011,22.303780061000055],[113.89601107200008,22.303771374000064],[113.89601510200009,22.303765123000062],[113.89601641600007,22.303763012000047],[113.89602158600007,22.303754894000065],[113.89602684300007,22.30374701900007],[113.89603209900008,22.30373922600006],[113.89603753000006,22.30373167700003],[113.89604287300006,22.303724290000048],[113.89604839000003,22.303717067000036],[113.89605390700001,22.303710168000066],[113.89605951100009,22.30370326900004],[113.89606511400007,22.30369669600003],[113.89607089200001,22.303690204000077],[113.89607658200009,22.30368403700004],[113.89608235900005,22.303677871000048],[113.8960883100001,22.30367202900004],[113.89609417400004,22.303666269000075],[113.8961001240001,22.303660671000046],[113.89610616200002,22.303655399000036],[113.89611228600006,22.303650127000026],[113.89611867300005,22.303644774000077],[113.89612523500011,22.30363942200006],[113.89613188400006,22.303633907000062],[113.89613879500007,22.303628392000064],[113.89614596900003,22.303622878000056],[113.89615331700008,22.30361728300005],[113.89616066500002,22.30361160700005],[113.89616836300002,22.303605768000068],[113.89617632300008,22.303600093000057],[113.89618437100012,22.303594174000068],[113.89619268000001,22.303588337000065],[113.89620107700011,22.303582337000023],[113.89620982400004,22.303576338000028],[113.89621857000009,22.30357017700004],[113.89623676200006,22.303558017000057],[113.89624577100005,22.303552100000047],[113.89625469200007,22.303546264000033],[113.8962636120001,22.303540672000054],[113.89627227000005,22.303535160000024],[113.89628101500011,22.303529893000075],[113.8962894980001,22.30352478700007],[113.8962979800001,22.303519763000054],[113.89630637500011,22.303514901000028],[113.89631127200005,22.303512228000045],[113.89631468200002,22.30351020200004],[113.89632298900005,22.303505665000046],[113.89633112100012,22.303501372000028],[113.89633916500009,22.303497078000078],[113.89634712100008,22.303493029000037],[113.89635499000008,22.30348906000006],[113.8963627710001,22.303485416000058],[113.89648551900007,22.303427276000036],[113.896493125,22.303423632000033],[113.89650081800005,22.30341998800003],[113.89650851200008,22.303416182000035],[113.89651620600011,22.303412538000032],[113.89652407500012,22.303408569000055],[113.89653194300001,22.30340476300006],[113.89653981200001,22.30340087600007],[113.896547768,22.303396907000035],[113.89658011900008,22.303380465000032],[113.8966003160001,22.303369935000035],[113.89661308200004,22.303363293000075],[113.8966213010001,22.303359000000057],[113.89662899500001,22.303354787000046],[113.89663642700009,22.303350817000023],[113.89664333500002,22.30334701000004],[113.89664980600003,22.303343364000057],[113.8966559270001,22.303339961000063],[113.89666161100001,22.303336801000057],[113.89666685700001,22.303333722000048],[113.89667184200005,22.30333080500003],[113.89667630200006,22.303328130000068],[113.89668032500003,22.303325537000035],[113.89668399800007,22.303323186000057],[113.89668723400007,22.30332099700007],[113.896690121,22.303318971000067],[113.89669248300004,22.303317105000076],[113.89669449500002,22.303315483000063],[113.89669799500007,22.303312320000032],[113.8966996580001,22.303310616000033],[113.89670132100002,22.303308831000038],[113.89670289700007,22.30330688300006],[113.89670438600001,22.303305098000067],[113.89670587400008,22.30330323100003],[113.89670727600003,22.303301201000068],[113.89670859000012,22.303299091000042],[113.89670990500008,22.303296980000027],[113.89671113200006,22.30329486900007],[113.89671227200006,22.30329267600007],[113.89671349900004,22.303290403000062],[113.89671446500006,22.303287966000028],[113.89671560500005,22.303285693000078],[113.89671657100007,22.303283175000047],[113.89671736200012,22.30328073800007],[113.89671824000004,22.303278301000034],[113.89671903100009,22.303275702000064],[113.89671956000007,22.303273183000044],[113.89672009000003,22.303270583000028],[113.89672053200002,22.303268065000054],[113.89672088600003,22.303265383000053],[113.89672106600005,22.303262783000037],[113.8967211590001,22.30326018200003],[113.89672133900001,22.30325750000003],[113.89672117000009,22.303254818000028],[113.89672108800005,22.303252217000022],[113.89672083100004,22.30324937200004],[113.89672048800003,22.303246689000048],[113.89671996900006,22.30324392500006],[113.89671962500006,22.303241080000078],[113.89671893200011,22.30323839600004],[113.89671832600004,22.30323571300005],[113.89671745800001,22.303233111000054],[113.89671676500006,22.30323050900006],[113.89671598400002,22.30322798800006],[113.896715115,22.303225630000043],[113.89671415900011,22.303223271000036],[113.8967132030001,22.30322099400007],[113.89671207200001,22.303218797000056],[113.89671102800003,22.303216682000027],[113.89670980900007,22.303214567000055],[113.8967085910001,22.303212614000074],[113.89670728500005,22.30321058000004],[113.89670597800011,22.303208708000057],[113.89670458400008,22.303206918000058],[113.89670310300005,22.303205209000055],[113.89670162200002,22.303203499000062],[113.89670014000001,22.303201871000056],[113.89669857100012,22.303200324000045],[113.8966970890001,22.303198777000034],[113.8966955200001,22.303197312000066],[113.8966922940001,22.303194461000032],[113.89669072400011,22.303193239000052],[113.89668898000002,22.303191936000076],[113.89668741100002,22.30319071400004],[113.89668566600005,22.303189492000058],[113.89668400900007,22.303188270000078],[113.89668217700012,22.30318729100003],[113.89668052000002,22.30318623200003],[113.89667868700008,22.303185172000042],[113.89667694200011,22.303184275000035],[113.89667511000005,22.30318337800003],[113.89667319000012,22.303182480000032],[113.89667118300008,22.30318166400008],[113.89666917600005,22.303180929000064],[113.89666708100003,22.30318019400005],[113.89666498600002,22.30317954000003],[113.89666280400002,22.303178805000073],[113.89666053400003,22.30317823200005],[113.8966557330001,22.303177004000077],[113.89665328800004,22.30317651200005],[113.89665066900011,22.303176020000024],[113.89664822400005,22.30317561000004],[113.89664551700002,22.303175198000076],[113.8966428110001,22.303174787000046],[113.8966400160001,22.303174539000054],[113.8966372220001,22.303174209000076],[113.8966343400001,22.303173960000038],[113.89663145800012,22.30317387300005],[113.89662848800003,22.303174031000026],[113.89662560500005,22.303174107000075],[113.89662263500009,22.303174264000063],[113.89661957800001,22.303174503000037],[113.89661660700006,22.303174985000055],[113.896613462,22.303175386000078],[113.89661040400006,22.303176031000078],[113.89660725800002,22.303176676000078],[113.89660411200009,22.30317748300007],[113.89660087900006,22.303178290000062],[113.89659773300002,22.303179260000036],[113.89659449900012,22.303180311000062],[113.89659117800011,22.303181361000043],[113.89658733100009,22.303182899000035],[113.89658226100005,22.303185003000067],[113.8965759670001,22.303187593000075],[113.8965687110001,22.303190912000048],[113.89656023100008,22.303194717000054],[113.89655052700004,22.303199171000074],[113.8965396860001,22.303204191000077],[113.89653400400005,22.30320686300007],[113.89652770900011,22.303209940000045],[113.896514507,22.30321609400005],[113.89650016900009,22.303222896000023],[113.89648469500003,22.303230265000025],[113.89646808300006,22.303238363000048],[113.89645016000009,22.303247028000044],[113.89643127600004,22.303256179000073],[113.89641116700011,22.30326597800007],[113.89638992200003,22.303276425000035],[113.8963685010001,22.303286872000058],[113.89634813000009,22.30329699600003],[113.89632845800008,22.30330671400003],[113.89630992200011,22.303316109000036],[113.8962922610001,22.303325019000056],[113.89627556100004,22.303333604000045],[113.89625982300004,22.303341704000047],[113.89624495900011,22.303349481000055],[113.89623114300002,22.303356934000078],[113.89621811500001,22.303363900000022],[113.89620613600005,22.30337046300008],[113.89619503100005,22.303376783000033],[113.89619494300007,22.30337686400003],[113.89618480000001,22.30338261600008],[113.89617561700004,22.303388127000062],[113.89616731000001,22.303393070000027],[113.89615996300006,22.30339777100005],[113.89615314100001,22.30340231100007],[113.89614623200009,22.30340676900005],[113.89613941000005,22.303411389000075],[113.89613250100001,22.30341609100003],[113.8961255910001,22.303420793000043],[113.89611185900003,22.30343019700007],[113.89610512400009,22.303434980000077],[113.89609830100005,22.303439926000067],[113.89609139100003,22.30344479000007],[113.8960845680001,22.30344973600006],[113.89607783300005,22.30345468200005],[113.89607101000001,22.303459709000037],[113.89605736400006,22.303469926000048],[113.89605062800001,22.30347503400003],[113.89604380500009,22.303480224000054],[113.89603724300002,22.303485414000022],[113.89603059500007,22.303490604000046],[113.89602403300012,22.303495875000067],[113.89601755900003,22.303501228000073],[113.89601126000002,22.303506500000026],[113.89600496000003,22.303511771000046],[113.89599883500011,22.303517206000038],[113.89599271000009,22.30352264100003],[113.89598667200005,22.30352807500003],[113.8959807220001,22.303533510000022],[113.89597477200005,22.303539027000056],[113.89596908300007,22.303544462000048],[113.8959633070001,22.303550060000077],[113.8959577060001,22.303555739000046],[113.8959521050001,22.303561175000027],[113.89594659000011,22.30356693600004],[113.89594116400008,22.303572615000064],[113.89593591200003,22.303578295000023],[113.89593048400002,22.303584138000076],[113.89591997900004,22.303595985000072],[113.8959148140001,22.303601909000065],[113.89590973600002,22.30360799600004],[113.89590465700007,22.30361408300007],[113.8958996660001,22.303620170000045],[113.89589467500002,22.303626419000068],[113.89588977100004,22.303632668000034],[113.89588486700006,22.303638999000043],[113.89588013800005,22.303645412000037],[113.89587540800005,22.303651824000042],[113.89587067800005,22.303658318000032],[113.89586586100006,22.30366497400007],[113.89586086800011,22.303672198000072],[113.8958556990001,22.30367999200007],[113.89585026700001,22.303688110000053],[113.89584465900009,22.303696796000054],[113.89583887600008,22.30370588900007],[113.895832917,22.303715469000053],[113.89582669600009,22.30372553600006],[113.8958202980001,22.30373609000003],[113.89581372500004,22.30374713200007],[113.89580688900003,22.303758499000025],[113.89579979000007,22.303770515000053],[113.89579260300002,22.30378293700005],[113.89578506500004,22.303795766000064],[113.89577743900008,22.303809081000054],[113.89576963700006,22.30382296500005],[113.89517796400003,22.305415967000044],[113.8951662830001,22.30544756300003],[113.89516487600008,22.305452030000026],[113.89516346900007,22.30545649800007],[113.89516206300004,22.305460965000066],[113.89516083100011,22.305465515000037],[113.895155466,22.305483711000022],[113.89515423400007,22.30548826000006],[113.89515291400005,22.30549289000004],[113.89515159400003,22.305497521000063],[113.8951503620001,22.305502232000038],[113.89514552000003,22.305520917000024],[113.89514076500006,22.30553992700004],[113.89513653300003,22.305559263000077],[113.89513441700001,22.305569012000035],[113.89513238800009,22.30557876200004],[113.89512876600008,22.305598830000065],[113.89512549500012,22.305618086000038],[113.89512266400004,22.305635881000057],[113.89512036000008,22.30565221300003],[113.89511991500001,22.305656113000055],[113.89511938300006,22.305659932000026],[113.89511902600009,22.305663589000062],[113.89511778200006,22.305674315000033],[113.8951170680001,22.305681466000067],[113.89511590300003,22.30569633700003],[113.89511563300005,22.305699994000065],[113.89511527600007,22.305703813000036],[113.89511509300007,22.305707633000054],[113.89511464100008,22.305715272000043],[113.8951142840001,22.30571909100007]]],[[[113.96069651100004,22.309271065000075],[113.96071802200004,22.309255977000078],[113.96099101900006,22.309064620000072],[113.96135132100005,22.308844040000054],[113.96137317800003,22.308830659000023],[113.96138144000008,22.30885359000007],[113.96500002500011,22.310000040000034],[113.9618537670001,22.318450210000037],[113.96175500400011,22.318149522000056],[113.96163355700003,22.317775492000067],[113.96151037300001,22.317396097000028],[113.96111146100009,22.316097675000037],[113.95978438200007,22.312020415000063],[113.95967012400001,22.31169150200003],[113.95946592500002,22.311234864000028],[113.95938566500001,22.311115930000028],[113.95932496000012,22.311059361000048],[113.95943000700004,22.310858592000045],[113.95950421600003,22.31071597500005],[113.95956741000009,22.310578706000058],[113.95959896400007,22.310510072000056],[113.95968380600004,22.310326262000046],[113.95989858600001,22.30999852900004],[113.96014220300003,22.309717487000057],[113.96048393600006,22.309420079000063],[113.96069651100004,22.309271065000075]]],[[[113.89297878900004,22.287871735000067],[113.89251467300005,22.287544023000066],[113.89139562300011,22.28680551700006],[113.89118247200008,22.28666477400003],[113.89051396900004,22.286228514000072],[113.89101308900001,22.286389925000037],[113.89427804200011,22.287446204000048],[113.89425913100001,22.28746957800007],[113.89424882100002,22.28760016900003],[113.8942785700001,22.287786829000027],[113.89438836600004,22.287992405000068],[113.89455849000001,22.288207271000033],[113.89465839900004,22.288422094000055],[113.8948082930001,22.288664965000066],[113.89492825900004,22.28885178400003],[113.89503845900003,22.288945281000053],[113.89526891000003,22.289085724000074],[113.89551941800005,22.289198081000052],[113.89578008300009,22.289254619000076],[113.89591028400002,22.289348070000074],[113.89604047700004,22.289488335000044],[113.89635089500007,22.28973148600005],[113.8964809260001,22.28990897500006],[113.89652057800004,22.29012377300006],[113.89653116300008,22.290244484000027],[113.89637521200007,22.29014408000006],[113.89312945800009,22.287990583000067],[113.89297878900004,22.287871735000067]]],[[[113.96040422100009,22.32146062000004],[113.96040608900012,22.322161781000034],[113.96040651200008,22.32233741700003],[113.96040651100009,22.322337579000077],[113.95975470200005,22.324088328000073],[113.95527783000011,22.336111077000055],[113.93500000100005,22.330000014000063],[113.93055552800001,22.34166668900008],[113.92666674000009,22.340555539000036],[113.92690871800005,22.339895400000046],[113.92941080300011,22.333071664000045],[113.92972219700005,22.332222176000073],[113.9291136390001,22.33202747200005],[113.9228794710001,22.33003252800006],[113.92338963600002,22.328661991000047],[113.92341762100011,22.328597829000046],[113.92345259000001,22.328536603000032],[113.92349419100003,22.328479127000037],[113.92354207400001,22.328425968000033],[113.92359571300005,22.32837769500003],[113.92365432200006,22.328334875000053],[113.92371746300012,22.32829799500007],[113.92378426100004,22.328267379000067],[113.92385419200002,22.328243514000064],[113.92684525700008,22.32737981100007],[113.92733699100006,22.32723786300005],[113.92733716500004,22.32723786300005],[113.9346084660001,22.32740691600003],[113.93637093300003,22.32744802900004],[113.93861105700012,22.32750007800007],[113.94684037700006,22.330328837000025],[113.94750009300003,22.330555570000058],[113.94767773700005,22.33005809900004],[113.94873708300008,22.32709170800007],[113.94888891500011,22.32666669500003],[113.94873187500002,22.32622709800006],[113.9475000220001,22.32277773000004],[113.94592264100004,22.322154916000045],[113.94581697900003,22.32098578600005],[113.94571922300008,22.32099011400004],[113.94574074100001,22.320868721000068],[113.94585726300011,22.320873523000046],[113.94596642600004,22.320786879000025],[113.94606008300002,22.320569930000033],[113.94610992100002,22.320385914000042],[113.94618810200006,22.31975972300006],[113.94604448500002,22.31976463500007],[113.94597163500009,22.320389128000045],[113.94504289500003,22.32038534000003],[113.94493984000007,22.320423471000026],[113.94481550700004,22.320336488000066],[113.94480011500002,22.320191715000078],[113.94484713100007,22.32007588500005],[113.94495621700003,22.31993129400007],[113.9450807830001,22.319931475000033],[113.94512746400005,22.319859208000025],[113.94504989000006,22.319757827000046],[113.94490993600004,22.319714060000024],[113.94470794300003,22.319525614000042],[113.9445837080001,22.31938068200003],[113.94456049400003,22.319315629000073],[113.94468625900004,22.319277775000046],[113.94467888700001,22.319246474000067],[113.94454746400004,22.319272371000068],[113.94453728100007,22.31925041200003],[113.94439743500004,22.319090909000067],[113.94431962800002,22.319076410000037],[113.944238401,22.318655613000033],[113.94499747700002,22.318511400000034],[113.94497624100006,22.318413107000026],[113.94476487000009,22.31845173000005],[113.9447672980001,22.31846213700004],[113.94421846500006,22.318563824000023],[113.94415388800007,22.318266995000045],[113.94419216100005,22.318259736000073],[113.94480627200005,22.318142214000034],[113.94477497600008,22.318000507000022],[113.94417248700006,22.318115770000077],[113.94412303000001,22.318125288000033],[113.94403522200002,22.317722280000055],[113.944079611,22.317713811000033],[113.94469372000003,22.31759628900005],[113.94466242500005,22.31745458100005],[113.94405993800001,22.317569925000043],[113.94400427700009,22.317580491000058],[113.94400427700009,22.317580328000076],[113.94365279100009,22.315967482000076],[113.94257911700004,22.31450076400006],[113.94254835400011,22.314458780000052],[113.94254852800009,22.31445878100004],[113.94722226900001,22.31583328100004],[113.94732501300007,22.315559533000055],[113.94735051600003,22.31561402400007],[113.94927646800011,22.321780191000073],[113.94941966700003,22.32202982900003],[113.949616375,22.322251177000055],[113.94994789500004,22.32251173000003],[113.95007547300008,22.32259416200003],[113.95026073100007,22.32271398100005],[113.95057599200004,22.322769940000057],[113.9509997030001,22.322800289000043],[113.95168633500009,22.32262830800005],[113.95371098800001,22.32207743400005],[113.95395013300003,22.32198958600003],[113.95418246200006,22.321956913000065],[113.95471823800005,22.321831361000022],[113.95506793600009,22.321712212000023],[113.95564236500002,22.32155899600008],[113.95625685800007,22.32136999000005],[113.95744771500006,22.321070676000033],[113.95827496000004,22.320850584000027],[113.95911562800006,22.32059279500004],[113.95959733500001,22.320459025000048],[113.95979055900011,22.32046058900005],[113.95999651800003,22.320530035000047],[113.96019062700009,22.320691386000078],[113.96031028800007,22.32086677800004],[113.96037676000003,22.32114767400003],[113.96040422100009,22.32146062000004]]],[[[113.94131949200005,22.303263532000074],[113.94132327200009,22.302788810000038],[113.94121996700005,22.302468840000074],[113.94143139700009,22.302535716000023],[113.96063246500012,22.30861630800007],[113.96074561000012,22.308652060000043],[113.960771539,22.308660304000057],[113.96029087800002,22.30893330400005],[113.96026771100003,22.308946439000067],[113.95985340400011,22.309181572000057],[113.959021301,22.309646385000065],[113.95882162300006,22.309758027000044],[113.95823788700011,22.310084196000048],[113.95802553200008,22.310202891000074],[113.95796800300002,22.310181924000062],[113.95745697100006,22.310157407000077],[113.95651858300005,22.31033012100005],[113.95532008100008,22.310713213000042],[113.9543680700001,22.310987570000066],[113.9539157370001,22.31112323600007],[113.953319695,22.31143327700005],[113.95267699300007,22.311858905000065],[113.95158580700001,22.312410035000028],[113.95087419600009,22.312717303000056],[113.95050736700011,22.312854380000033],[113.95007910700008,22.31300551100003],[113.94920616700006,22.313252723000062],[113.94843490900007,22.313440827000022],[113.94810720600003,22.313473517000034],[113.94852229000003,22.312366660000066],[113.94937358200002,22.310096567000073],[113.9497223190001,22.309166709000067],[113.94878218600002,22.308861397000044],[113.94674575200008,22.308200059000058],[113.94058951600005,22.30620078800007],[113.94059434000008,22.306189010000026],[113.94087713500005,22.305694627000037],[113.94110971300006,22.305246414000067],[113.94131183200011,22.30468120100005],[113.94133000000011,22.303913504000036],[113.94131949200005,22.303263532000074]]],[[[113.9084077760001,22.29212240800007],[113.90852372200004,22.292005973000073],[113.91119445900006,22.292870163000032],[113.91276109600005,22.293377072000055],[113.91706183400004,22.294768482000052],[113.91736497400007,22.29486658600007],[113.91698171600001,22.29497032000006],[113.91655594200006,22.295063905000063],[113.916180198,22.295118885000022],[113.9154585330001,22.295160293000038],[113.91381581100006,22.29515020100007],[113.91316473600011,22.295088496000062],[113.91270682400011,22.29499663100006],[113.9122606950001,22.294863495000072],[113.91182774100002,22.29469153100007],[113.91140244200005,22.29449072600005],[113.91080790700005,22.294187719000035],[113.90982857000006,22.293746388000045],[113.9095452570001,22.293651716000056],[113.9092564990001,22.293572478000044],[113.90894754200008,22.29350629000004],[113.90871608400005,22.293468921000056],[113.90856712400011,22.293449816000077],[113.90831860800006,22.293426804000035],[113.90797217800002,22.293408503000023],[113.90745861500011,22.293419586000027],[113.90516047400001,22.29339797800003],[113.90434714300011,22.293335068000033],[113.9036335180001,22.29324428500007],[113.90278499400006,22.293091498000024],[113.90204018500003,22.292916210000044],[113.90144322800006,22.292746699000077],[113.90085452900007,22.29255330600006],[113.90045264000003,22.29240558600003],[113.8997070580001,22.292096263000076],[113.8994057650001,22.291957491000062],[113.89868929300007,22.291593679000073],[113.89819736900006,22.291314374000024],[113.89779498900009,22.291066597000054],[113.8976564840001,22.290975815000024],[113.89786309600004,22.290900590000035],[113.8980837790001,22.290863669000032],[113.89825437600007,22.29089192500004],[113.89846487700004,22.290966983000033],[113.89855488800004,22.291069872000037],[113.8986048060001,22.291219179000052],[113.89878517800003,22.291294185000027],[113.89890556300008,22.291275701000075],[113.89900570500004,22.291378525000027],[113.89910562900002,22.291546694000033],[113.89925587100004,22.29162156600006],[113.89944650600012,22.291631324000036],[113.89965727100002,22.291575691000048],[113.89973758800011,22.291547791000028],[113.89980780600001,22.291547912000055],[113.89984804200003,22.29147337200004],[113.8998180860001,22.29134263000003],[113.89976833500009,22.291239893000068],[113.89978858400002,22.291072014000065],[113.89997910000011,22.291184260000023],[113.90011937300005,22.291221808000046],[113.90021134000006,22.291220504000023],[113.90021413700003,22.29117556400007],[113.90021476700008,22.291165974000023],[113.9001445130001,22.29118446500007],[113.90001410900004,22.29114693400004],[113.89984378000008,22.29107202800003],[113.89981392300001,22.29097867300004],[113.8997740100001,22.29084791400004],[113.89979443300001,22.290680035000037],[113.89979486300001,22.29046538800003],[113.89982542900009,22.290204061000054],[113.89984580800001,22.290101609000033],[113.89993617400012,22.290027073000033],[113.90013702400006,22.289905996000073],[113.90027762500006,22.289822282000046],[113.90036804100009,22.289766522000036],[113.90041833800001,22.289682570000025],[113.9005388710001,22.28958947500007],[113.90076013800001,22.28952126100006],[113.90077971300002,22.289515280000046],[113.90097029500009,22.289506263000078],[113.90117101300007,22.289450610000074],[113.90137191100007,22.289348306000022],[113.90153263500008,22.28924601400007],[113.90163282000003,22.289283411000042],[113.9016827270001,22.28939549300003],[113.90182279500004,22.289535690000037],[113.90204337700004,22.289592068000047],[113.90231414000004,22.289667062000035],[113.90260472300008,22.289789067000072],[113.9027748850001,22.289947926000025],[113.90273462800008,22.290078466000068],[113.90267801000005,22.290135099000054],[113.90260389100001,22.290209014000027],[113.90260366900009,22.29032101000007],[113.90264342300009,22.290488993000054],[113.90277503100003,22.290756613000042],[113.90283174000001,22.290830589000052],[113.90286336100007,22.290871931000027],[113.90295361000005,22.290899963000072],[113.90311395700007,22.29090031900006],[113.90326441200011,22.290956494000056],[113.90336453400005,22.291115395000077],[113.90340592900009,22.291160492000074],[113.9035619120001,22.29129226200007],[113.90380272900006,22.291452867000032],[113.90403165700002,22.29175226800004],[113.90406686300003,22.29192463100003],[113.90408840300006,22.292029838000076],[113.90398458300001,22.292328509000072],[113.90393814200002,22.292627440000047],[113.90397310300011,22.292702761000044],[113.9040633300001,22.292786872000022],[113.90409320800006,22.292870961000062],[113.90417695800011,22.29291840600007],[113.90422022900009,22.292942862000075],[113.90445376000002,22.293123528000024],[113.90470451700003,22.293161261000023],[113.90485456200008,22.293338939000023],[113.90492486800008,22.293338896000023],[113.90504540100005,22.293245798000044],[113.90502546000005,22.293171235000045],[113.90491536000002,22.293021664000037],[113.90495571400004,22.292975081000066],[113.9054680700001,22.292509433000077],[113.90555846300003,22.292509505000055],[113.90576928600001,22.29237917300003],[113.90589973400006,22.292351435000057],[113.90610973100002,22.292687701000034],[113.90625016700005,22.29268802000007],[113.90647088800006,22.292632395000055],[113.90666174300009,22.29253006700003],[113.90684240900009,22.29250241400007],[113.90701287000002,22.292511967000053],[113.9071733940001,22.29251232000007],[113.90733399400006,22.292428633000043],[113.90759521100006,22.292251732000068],[113.90774578900005,22.292112030000055],[113.90784633400006,22.29205611900005],[113.90805690000002,22.29205647300006],[113.90816709400008,22.292159309000056],[113.90826726400007,22.292206211000064],[113.90829734300007,22.29218829900003],[113.90835234100007,22.292155638000054],[113.9084077760001,22.29212240800007]]]]},"properties":{"Name":"Airport Approach Restricted Area No. 7","Restriction":"No vessel which has a height exceeding 30 metres above sea level shall enter or pass through"}},{"type":"Feature","geometry":{"type":"Polygon","coordinates":[[[113.89661124100007,22.29961310500005],[113.89190622500007,22.298072026000057],[113.89190622500007,22.298072026000057],[113.88083336300008,22.294444535000025],[113.88083336300008,22.294444535000025],[113.88186923700005,22.29195838000004],[113.88186923700005,22.29195838000004],[113.88210932600009,22.291382015000067],[113.88210932600009,22.291382015000067],[113.88215927400006,22.29126222600007],[113.88215927400006,22.29126222600007],[113.88244711400012,22.290571594000028],[113.88244711400012,22.290571594000028],[113.88254174300005,22.290344686000026],[113.88254174300005,22.290344686000026],[113.88287829900003,22.28953653800005],[113.88287829900003,22.28953653800005],[113.88332308300005,22.28846924000004],[113.88332308300005,22.28846924000004],[113.88361108800007,22.287777793000032],[113.88361108800007,22.287777793000032],[113.88406072900011,22.28791971000004],[113.88406072900011,22.28791971000004],[113.89033441700008,22.289901171000054],[113.89033441700008,22.289901171000054],[113.89375773400002,22.29098220900005],[113.89375773400002,22.29098220900005],[113.89944447100004,22.292777786000045],[113.89944447100004,22.292777786000045],[113.90047961900007,22.294071932000065],[113.90047961900007,22.294071932000065],[113.90041433200008,22.294051662000072],[113.90041372100006,22.294051499000034],[113.9003213740001,22.294023137000067],[113.90022387900001,22.293992815000024],[113.90012167100008,22.293961266000053],[113.90001501100005,22.293928165000068],[113.89990887400006,22.293895390000046],[113.89980823600001,22.293864494000047],[113.89971327100011,22.29383572000006],[113.89962406600011,22.29380882600003],[113.89954027300007,22.29378389200008],[113.89946241400003,22.293761000000075],[113.89938996600006,22.293740068000034],[113.89932319100001,22.293721177000066],[113.8992620890001,22.293704166000055],[113.89920666000012,22.29368919700005],[113.89915681700006,22.29367626900006],[113.89911273300004,22.293665301000033],[113.89907406100008,22.293656294000073],[113.899041237,22.293649166000023],[113.89901382300002,22.293644160000042],[113.89899217000004,22.29364111600006],[113.89827853800011,22.293641824000076],[113.89710752100007,22.293642787000067],[113.89630270900011,22.293643490000022],[113.8956272160001,22.293657583000027],[113.8953441970001,22.293681062000076],[113.89505674400004,22.293823193000037],[113.89482674300007,22.293929583000022],[113.89461565800002,22.294053967000025],[113.89446222900006,22.294214133000025],[113.89434687900007,22.294374204000064],[113.89423174000001,22.29451663800006],[113.89409732800004,22.29473007200005],[113.8940009590001,22.294961616000023],[113.89392397800009,22.29519311300004],[113.89390593300004,22.295390173000044],[113.89390441400008,22.295406913000022],[113.89388469000005,22.295656230000077],[113.89394156100002,22.295905763000064],[113.89401769900007,22.296173130000057],[113.89404622600011,22.29623153500006],[113.89405509800008,22.296249513000078],[113.89413589800006,22.296414888000072],[113.89414390200011,22.296429938000074],[113.89415216900011,22.29644506900007],[113.89416069700007,22.29646020200005],[113.89416931200003,22.296475496000028],[113.89417810200007,22.29649087300004],[113.89418706700008,22.296506168000064],[113.89419620600006,22.296521464000023],[113.89420552000001,22.296536923000076],[113.89650051800004,22.299471492000066],[113.89661089300012,22.299612617000037],[113.89661124100007,22.29961310500005]]]},"properties":{"Name":"Airport Approach Restricted Area No. 1","Restriction":"No vessel shall enter or pass through"}},{"type":"Feature","geometry":{"type":"MultiPolygon","coordinates":[[[[113.90125079500001,22.316398164000077],[113.9012311030001,22.316461037000067],[113.90035243500006,22.31882119900007],[113.894719398,22.316943495000032],[113.88694449600007,22.31111112600007],[113.88666917600005,22.311027727000067],[113.88382363900007,22.310165495000035],[113.88082520600005,22.30925693000006],[113.87851482400004,22.308556682000074],[113.8777778430001,22.308333264000055],[113.8780374700001,22.307709965000072],[113.88032510100004,22.302219887000035],[113.88055555800008,22.30166667000003],[113.88128899800006,22.301898278000067],[113.89165691800008,22.305172483000035],[113.89637869100011,22.306663290000074],[113.89633180400006,22.306784063000066],[113.89631733700003,22.306811184000026],[113.89628480800002,22.30687208300003],[113.89625219800007,22.30693013700005],[113.89621417900003,22.30698501200004],[113.89617083900009,22.307036383000025],[113.89612244000011,22.307084006000025],[113.89606968300006,22.30712731400007],[113.89601291800011,22.307165820000023],[113.89595266900005,22.307199281000067],[113.89588919900007,22.307227615000045],[113.89582329400002,22.307250338000074],[113.89575548000005,22.307267367000065],[113.89474256500012,22.307252579000078],[113.89474197000004,22.307244207000053],[113.8947398030001,22.30723607500005],[113.8947359760001,22.307228429000077],[113.89473109800008,22.30722151200007],[113.89472482200006,22.307215486000075],[113.89471740700003,22.307210515000065],[113.89470920500003,22.307206762000078],[113.89470056200003,22.307204634000072],[113.89469156700011,22.307203724000033],[113.89140957500001,22.307155716000068],[113.89131628700011,22.30715758100007],[113.8912231600001,22.30716578600004],[113.89113098000007,22.307180413000026],[113.89104027200005,22.307201220000024],[113.89095147400008,22.307228288000033],[113.89086502100008,22.307261294000057],[113.89078143900008,22.307300075000057],[113.89070116300002,22.307344714000067],[113.89062463300002,22.307394561000024],[113.89055219700003,22.307449535000046],[113.8904842930001,22.30750939400008],[113.89042127100004,22.307573570000045],[113.8903635690001,22.307641981000074],[113.89031153600001,22.307714304000058],[113.89027910900006,22.307767237000064],[113.89026517400009,22.30778988700007],[113.89022509400002,22.30786832700005],[113.89019121100011,22.307949379000036],[113.88988396500008,22.308774498000048],[113.88985592300003,22.308860517000028],[113.88984006300007,22.30892680900007],[113.8898350400001,22.30894817500007],[113.88982114200007,22.309037227000033],[113.88981458,22.309126780000042],[113.88981552900009,22.309216672000048],[113.88982372900011,22.30930617000007],[113.88983926700007,22.309394869000073],[113.88986197100007,22.309482280000054],[113.88989192800011,22.309567835000053],[113.88992861600002,22.309650882000028],[113.88997203600002,22.30973117800005],[113.89002192600003,22.309808072000067],[113.8900779390001,22.30988140100004],[113.89013972500004,22.30995043300004],[113.89020702300002,22.31001492400003],[113.89027939800008,22.310074384000075],[113.891175395,22.310756420000075],[113.8945642860001,22.313335924000057],[113.89509721800005,22.313714874000027],[113.89516333900008,22.313758879000034],[113.89523217600004,22.31379898700004],[113.89530373000002,22.313834712000073],[113.89537747600002,22.31386621300004],[113.89545350300011,22.31389333100003],[113.89599078800006,22.314066497000056],[113.90002444000004,22.31536661800004],[113.90078870200011,22.31561298400004],[113.90085390500008,22.315637398000035],[113.90091621300007,22.315667577000056],[113.90097510300006,22.31570343900006],[113.90102987800003,22.31574441500004],[113.90108010000006,22.315790178000043],[113.9011251610001,22.315840321000053],[113.90116488500007,22.315894275000062],[113.90119857500008,22.31595171300006],[113.9012262330001,22.316011823000053],[113.90124716000003,22.31607427800003],[113.9012617080001,22.316138266000053],[113.90126926500011,22.31620329900005],[113.90126993700005,22.316260680000028],[113.9012700080001,22.316268727000022],[113.90126376400008,22.31633389800004],[113.90125079500001,22.316398164000077]]],[[[113.92941080300011,22.333071664000045],[113.92690871800005,22.339895400000046],[113.92666674000009,22.340555539000036],[113.92569920400001,22.340242492000073],[113.89799770800005,22.331275533000053],[113.89645646000008,22.330776409000066],[113.86887817000002,22.321843235000074],[113.86833338500003,22.32166671400006],[113.86847857700002,22.321230874000037],[113.87088549700002,22.314010431000042],[113.87111113000003,22.313333439000075],[113.87203899700012,22.313630399000033],[113.89901269500001,22.322261914000023],[113.8989089690001,22.322540506000053],[113.89896117300009,22.32255733900007],[113.89893956700007,22.32261541300005],[113.89891341300006,22.322675998000022],[113.89888088800001,22.322733972000037],[113.89884251700005,22.32278876600003],[113.89879830000007,22.322839810000062],[113.89874911200002,22.322886539000024],[113.89869530400006,22.32292846400003],[113.898637226,22.322965424000074],[113.89857557700009,22.32299677000003],[113.89851088300009,22.323022422000065],[113.89844392900011,22.323042136000026],[113.89837506600009,22.32305550700005],[113.89830516800009,22.323062538000045],[113.89823475800006,22.323063228000024],[113.89816479800004,22.32305741600004],[113.89809572500008,22.323045267000055],[113.89802823600007,22.323027025000044],[113.89376182500007,22.321651588000066],[113.8923324320001,22.32119082300005],[113.88249777800002,22.318020208000064],[113.88110128200003,22.317569970000022],[113.87926903800007,22.316979280000055],[113.87917589100005,22.316952936000064],[113.87908080800003,22.31693301000007],[113.87898448800001,22.316919664000068],[113.87888728000007,22.316913224000075],[113.87878988200009,22.31691353100007],[113.87869290700007,22.316920502000073],[113.87859661700008,22.31693430200005],[113.87850170900003,22.316954687000077],[113.87840870900004,22.316981740000074],[113.87831814100002,22.317015138000045],[113.87823044200002,22.317054636000023],[113.87814631200001,22.317100074000052],[113.87806601300008,22.317151371000023],[113.87798998200003,22.31720812100008],[113.8779188310001,22.317270001000054],[113.87785282400012,22.317336604000047],[113.87779231100001,22.317407606000074],[113.87773764100007,22.31748260100005],[113.8776891660001,22.31756126600004],[113.87764723500004,22.31764311200004],[113.8776119370001,22.31772749000004],[113.87663366700008,22.320353427000043],[113.87660526400009,22.320440012000063],[113.876583933,22.320528399000068],[113.87656967400005,22.320618099000058],[113.87656266500005,22.320708463000074],[113.87656299200012,22.320799085000033],[113.87657057100012,22.320889477000037],[113.87658540100006,22.320978988000036],[113.87660722300006,22.321067293000056],[113.8766362990001,22.321153905000074],[113.87667210600011,22.321238091000055],[113.87671473300009,22.321319608000067],[113.87676356800011,22.321397968000042],[113.87681870200004,22.321472681000046],[113.87687969700005,22.321543260000055],[113.87694620400009,22.32160970500007],[113.87696782800003,22.321628195000073],[113.87701770100011,22.321671120000076],[113.87709410200011,22.321727424000073],[113.87717470700011,22.32177820900006],[113.87725916900001,22.32182331300004],[113.87734713700002,22.321862408000072],[113.8774378280001,22.321895169000072],[113.88063436700008,22.32292599500005],[113.88069808500006,22.322949683000047],[113.88075917100002,22.32297913600007],[113.88081692600008,22.323013785000057],[113.8808707390001,22.323053384000048],[113.88092026200002,22.323097689000065],[113.880965059,22.32314621200004],[113.88102519200004,22.323212887000068],[113.88109040000006,22.32327550800005],[113.88116016000004,22.323333585000057],[113.88123438600007,22.323386795000033],[113.88124991400002,22.323396495000054],[113.88131246600005,22.323434973000076],[113.88139396400004,22.323477792000062],[113.88147879500002,22.32351501000005],[113.88156608300005,22.323546462000024],[113.88207877000002,22.323711827000068],[113.8825356750001,22.32385912600006],[113.88472096300006,22.32456372200005],[113.88481053700002,22.324589324000044],[113.88490169600004,22.324608672000068],[113.88499426500005,22.324622007000073],[113.8850877210001,22.32462916700007],[113.88518136500011,22.32463007000007],[113.8852749350001,22.324624632000052],[113.88536773200008,22.324613098000043],[113.88545940600011,22.324595222000028],[113.88552678300005,22.32458291000006],[113.88559519700004,22.324576614000023],[113.88566385900003,22.324576496000077],[113.8857321590001,22.324582390000046],[113.88579966000009,22.32459446100006],[113.88586557600001,22.324612461000072],[113.89777548600011,22.32845158400005],[113.89775739200002,22.328500317000078],[113.89878642200006,22.32883192500003],[113.89880451500005,22.328783435000048],[113.90835943600007,22.331862381000064],[113.90913969300004,22.33211393700003],[113.90920350700003,22.33213769500003],[113.90926451600001,22.332167137000056],[113.90932219400008,22.332201694000048],[113.90937610700007,22.332241365000073],[113.90942564200009,22.332285580000075],[113.90947036500006,22.33233409500008],[113.90953060200002,22.33240076000004],[113.90959582700009,22.332463532000077],[113.90966560400011,22.332521435000046],[113.9097399320001,22.332574713000042],[113.90981794000004,22.332622877000063],[113.90989962800006,22.332665602000077],[113.90998420900007,22.33270288500006],[113.91007159700007,22.33273432200008],[113.91322689700007,22.33375086700005],[113.91331648100004,22.333776535000027],[113.91340782500004,22.33379603000003],[113.91350031600007,22.33380926800004],[113.91359369200006,22.333816411000043],[113.9136874300001,22.333817216000057],[113.91378083100005,22.33381176200004],[113.91387380600008,22.33380021200003],[113.9139653950001,22.33378232000007],[113.91403277500001,22.333769996000058],[113.9141011910001,22.333763688000033],[113.91416985800004,22.33376363900004],[113.91423833900001,22.333769603000064],[113.91430567200007,22.33378158000005],[113.91437159600002,22.333799569000064],[113.9175686860001,22.334829590000027],[113.91766176500005,22.334855993000076],[113.9177568660001,22.334875897000074],[113.91785320200006,22.33488913900004],[113.91795051200006,22.334895636000056],[113.91804792200003,22.334895307000068],[113.91814499500003,22.334888231000036],[113.91824129500003,22.33487448900007],[113.91833620900002,22.334853999000075],[113.91842921300008,22.334827004000033],[113.91851969600009,22.334793584000067],[113.9186073080001,22.334754064000037],[113.91869152400011,22.33470836200007],[113.91877190500009,22.334657208000067],[113.9188478420001,22.334600520000038],[113.91891898400002,22.334538459000044],[113.91898497900002,22.33447200200004],[113.91904548000002,22.334400904000063],[113.91910013400002,22.334325894000074],[113.91914850500007,22.33424721700004],[113.91919059100007,22.334165523000024],[113.91922578200001,22.334080973000027],[113.91950218200009,22.333338569000034],[113.91952841700004,22.333277899000052],[113.91956093600004,22.333219840000027],[113.91959930200005,22.33316512300007],[113.91964342800009,22.333114072000058],[113.91969261200006,22.333067500000027],[113.91974650500003,22.333025486000054],[113.919804494,22.332988519000025],[113.91986623000003,22.332957084000043],[113.91993092500002,22.332931505000033],[113.91999788100009,22.332911782000053],[113.92006683400007,22.332898401000023],[113.92013656200004,22.332891361000065],[113.92020688900004,22.332890581000072],[113.92027703000008,22.332896383000048],[113.92034611000008,22.33290852300007],[113.92041360700011,22.332926918000055],[113.92042268700004,22.332929940000042],[113.92051594000009,22.332956179000064],[113.92061086500007,22.332976081000027],[113.92070728800002,22.33298932100007],[113.92080450900005,22.33299581700004],[113.92090191800003,22.33299556700007],[113.92099899000004,22.33298848900006],[113.92109528800006,22.332974664000062],[113.92119020000007,22.332954173000076],[113.92128320300003,22.332927176000055],[113.92137368400006,22.33289383600004],[113.9214612930001,22.33285431400003],[113.92154559400001,22.33280869200007],[113.921625887,22.33275737300005],[113.92170182200005,22.332700603000035],[113.9217729610001,22.33263878500003],[113.9218390420001,22.33257208300006],[113.92189954000003,22.33250106400004],[113.92195410400006,22.33242613500005],[113.92200247300002,22.33234737600003],[113.92204455700005,22.332265681000024],[113.9220799200001,22.332181212000023],[113.9228794710001,22.33003252800006],[113.9291136390001,22.33202747200005],[113.92972219700005,22.332222176000073],[113.92941080300011,22.333071664000045]]],[[[113.94598241900007,22.322816987000067],[113.94592264100004,22.322154916000045],[113.9475000220001,22.32277773000004],[113.94873187500002,22.32622709800006],[113.94888891500011,22.32666669500003],[113.94873708300008,22.32709170800007],[113.94767773700005,22.33005809900004],[113.94750009300003,22.330555570000058],[113.94684037700006,22.330328837000025],[113.93861105700012,22.32750007800007],[113.93637093300003,22.32744802900004],[113.9346084660001,22.32740691600003],[113.92733716500004,22.32723786300005],[113.93080051200002,22.326237797000033],[113.9357851100001,22.324798479000037],[113.93587443900003,22.324769437000043],[113.93596133300002,22.32473429500004],[113.93604517900008,22.32469362100005],[113.9361258020001,22.324647335000066],[113.93620250400011,22.324595679000026],[113.93627519600011,22.324539222000055],[113.936343179,22.324477880000074],[113.93640636400005,22.32441222400007],[113.93646422900008,22.324342415000046],[113.93651650800007,22.324269022000067],[113.93656302800002,22.324192287000074],[113.93660352500001,22.324112618000072],[113.9366375620001,22.32403050000005],[113.93667003600001,22.323943504000056],[113.93673129700005,22.323778771000036],[113.93704119900008,22.322945927000035],[113.9375605030001,22.32154999900007],[113.93757926600006,22.321509796000043],[113.93760448900002,22.321472610000058],[113.93763547000003,22.321439578000025],[113.9376715090001,22.32141126700003],[113.93771190600012,22.32138848900007],[113.93775552500006,22.321371812000052],[113.93780376200004,22.32136156300004],[113.93782927900008,22.321356318000028],[113.93896258900008,22.321726271000045],[113.93951092000009,22.32187509000005],[113.93977170500011,22.32190782600003],[113.94361907000007,22.32263221900007],[113.94382195800006,22.32296460500004],[113.94421907800006,22.32327403000005],[113.9445609610001,22.32354956300003],[113.94470081100008,22.323708985000053],[113.94477863500003,22.32376696600005],[113.94501222000008,22.323666037000066],[113.94513701800008,22.323477987000047],[113.94535501900009,22.32344937000005],[113.94564636200005,22.32333820300005],[113.94574020200002,22.323170100000027],[113.94568840200009,22.322908238000025],[113.94598241900007,22.322816987000067]]]]},"properties":{"Name":"Airport Approach Restricted Area No. 3","Restriction":"No vessel shall enter or pass through"}},{"type":"Feature","geometry":{"type":"Polygon","coordinates":[[[113.9827546680001,22.340267175000065],[113.98290877900001,22.340331814000024],[113.98303895900006,22.340390898000066],[113.9831486170001,22.340443210000046],[113.98322257200005,22.34047459100003],[113.9832794140001,22.34049888100003],[113.98336270800007,22.340474925000024],[113.98339338900007,22.340401815000064],[113.98343943500004,22.340275408000025],[113.98345094100011,22.340232021000077],[113.98348414300006,22.34010551600005],[113.98350138900003,22.33995737300006],[113.98353775900011,22.33975293000003],[113.98356327900001,22.33956009600007],[113.98357490100011,22.339496635000046],[113.98357992100011,22.339468194000062],[113.98360342000001,22.339469767000026],[113.98372729300002,22.33947820800006],[113.98373529800006,22.339377193000075],[113.983615181,22.339369001000023],[113.9835979720001,22.339367761000062],[113.98362133600006,22.339217431000066],[113.98362322800006,22.339114133000066],[113.98361779000004,22.33894336800006],[113.98359339500007,22.338771767000026],[113.98359281300009,22.338750309000034],[113.9835896730001,22.338622704000045],[113.9835834370001,22.338584497000056],[113.98356986200008,22.33854603800006],[113.98355244100003,22.338508630000035],[113.98353274300007,22.338475608000067],[113.98349899700008,22.33842997200003],[113.9834534800001,22.338367660000074],[113.98344057500003,22.338350008000077],[113.98336471000005,22.338187040000037],[113.98331056800009,22.33804563700005],[113.98329602500007,22.338012540000022],[113.98329080000008,22.33800042400003],[113.98323942000002,22.337882919000037],[113.98321637800007,22.33780527400006],[113.983199162,22.33774681600005],[113.983190207,22.337716002000036],[113.98313752900003,22.337590368000065],[113.98305451700003,22.337415607000025],[113.9830465980001,22.33739381500004],[113.98299647200008,22.337254612000038],[113.98296547000007,22.337183783000057],[113.9829306370001,22.33710433500005],[113.98288543700005,22.33694213600006],[113.98283752300006,22.336783429000036],[113.9827734590001,22.33661657500005],[113.98270456900002,22.336464181000053],[113.98262433100001,22.336305760000073],[113.9824885050001,22.33610321900005],[113.98240061900003,22.335978192000027],[113.98229408500004,22.33582006300003],[113.9821972960001,22.335689498000022],[113.98205686900008,22.335529133000023],[113.98183994300007,22.335284391000073],[113.98171442500006,22.33514541900007],[113.98159673800001,22.335028564000027],[113.98149151500002,22.334871086000078],[113.98137943300003,22.334683366000036],[113.98127336400012,22.334506868000062],[113.98118316400007,22.334351928000046],[113.98112108200007,22.33420677600003],[113.98110357900009,22.334166767000056],[113.98110357900009,22.334166767000056],[113.98583330300005,22.334166682000046],[113.98583330300005,22.334166682000046],[113.98583329700011,22.341388849000055],[113.98583329700011,22.341388849000055],[113.97805003200006,22.341383348000022],[113.97805003200006,22.341383348000022],[113.9780555860001,22.334166717000073],[113.9780555860001,22.334166717000073],[113.98040074700009,22.334166711000023],[113.98040074700009,22.334166711000023],[113.98036913100009,22.33428232600005],[113.98036913100009,22.334282408000036],[113.98036233500011,22.334330433000048],[113.98033250100002,22.33448319300004],[113.98031073100003,22.334617025000057],[113.98028215900001,22.334741828000062],[113.98028412000008,22.33483659700005],[113.98026532900008,22.334964419000073],[113.98028752100004,22.335146096000074],[113.98031193800011,22.335299086000077],[113.98035141000003,22.33549386900006],[113.98037243800002,22.335634663000064],[113.98042390300009,22.335811988000046],[113.98050228200009,22.336047376000067],[113.98056927200003,22.33624333100005],[113.98060239300003,22.336357888000066],[113.98063699300008,22.336477811000066],[113.98070591200008,22.336668893000024],[113.98076237900011,22.33683151200006],[113.9807870410001,22.336936387000037],[113.98080110800004,22.336996873000032],[113.98087007400011,22.337155119000045],[113.98093369700007,22.33732392400003],[113.98102389300004,22.337482684000065],[113.98109796800009,22.33767328400006],[113.98116612700005,22.337847296000064],[113.98120257400001,22.33802021300005],[113.98120230600011,22.338024520000033],[113.98119347700003,22.33815048500003],[113.98127143600004,22.33819113800007],[113.9812746660001,22.338192930000048],[113.98130041800005,22.33820783500005],[113.981369029,22.338247988000035],[113.98148479100007,22.338368986000035],[113.98154533200011,22.33849389900007],[113.98156048900012,22.33852537100006],[113.9816196910001,22.338670438000065],[113.98162369600004,22.33868019600004],[113.98163170500004,22.338700281000058],[113.98165059500002,22.338747768000076],[113.98168002000011,22.33882168300005],[113.98171853400004,22.338954778000073],[113.98176759300009,22.339106009000034],[113.981851258,22.33925118800005],[113.98190803200009,22.339383573000077],[113.9820159950001,22.339521873000024],[113.9821297310001,22.339655466000067],[113.98221646200011,22.339794796000035],[113.9822907890001,22.339933380000048],[113.98241089200008,22.340074620000053],[113.98254663400007,22.340154598000026],[113.98253578100002,22.340167914000062],[113.98244047300011,22.340285402000063],[113.982389065,22.34024917200003],[113.98238556400008,22.340253638000036],[113.98233909200007,22.34031087900007],[113.98232631400003,22.34032663100004],[113.98238540200009,22.340368072000047],[113.98247023800002,22.340427670000054],[113.98248056600005,22.340414760000044],[113.98253333900004,22.340349967000066],[113.98248018600009,22.340312922000066],[113.98257024300005,22.34020201100003],[113.98258809600009,22.340180088000068],[113.982632265,22.34020720700005],[113.98268943700009,22.340244663000078],[113.9827546680001,22.340267175000065]],[[113.98100829400005,22.338128638000057],[113.98099668000009,22.33812512800006],[113.98098401700008,22.338121455000078],[113.98097720200008,22.338121853000075],[113.98097047300007,22.33812322700004],[113.98096172700002,22.338129555000023],[113.98095498900011,22.338137593000056],[113.98094431200002,22.338150178000035],[113.98093075800011,22.33815926400007],[113.98091624500012,22.33816631700006],[113.98090644700005,22.338175326000055],[113.98089576200005,22.338194250000072],[113.98089190600001,22.338202292000062],[113.9808928540001,22.338211314000034],[113.98089476200005,22.338221232000024],[113.98089964600001,22.338227578000044],[113.98090933900005,22.338230190000047],[113.98092384300003,22.338229314000046],[113.98093642200001,22.338230305000025],[113.98094611600004,22.33823299900007],[113.98095379400002,22.33824024200004],[113.9809615590001,22.33824740400007],[113.9809681810001,22.338260010000056],[113.98097506600004,22.33827172200006],[113.98098282600006,22.33828254100007],[113.981001246,22.338292479000074],[113.98101181200002,22.338296068000034],[113.98102735400005,22.33830242700003],[113.98103705300002,22.338301545000036],[113.98104676100002,22.33829432300007],[113.98105541900009,22.33828799500003],[113.98107385900005,22.33828354700006],[113.98108260300012,22.338278194000054],[113.981084538,22.33826917500005],[113.98108255000011,22.338254705000054],[113.98108352300005,22.33824568500006],[113.98108362200003,22.338237639000056],[113.9810758650001,22.338225032000025],[113.98106427100004,22.338207056000044],[113.9810555580001,22.33819070900006],[113.98104789400008,22.338173632000064],[113.98104013900002,22.338159236000024],[113.98103038200009,22.33813980000008],[113.98102078200009,22.33813231000005],[113.98100829400005,22.338128638000057]]]},"properties":{"Name":"Airport Approach Restricted Area No. 4","Restriction":"No vessel shall enter or pass through"}},{"type":"Feature","geometry":{"type":"MultiPolygon","coordinates":[[[[113.94732501300007,22.315559533000055],[113.94722226900001,22.31583328100004],[113.94722226900001,22.31583328100004],[113.94254852800009,22.31445878100004],[113.94254852800009,22.31445878100004],[113.94254835400011,22.314458780000052],[113.94254835400011,22.314458780000052],[113.94244970300008,22.314323800000068],[113.94236272800003,22.314206067000043],[113.94274518100008,22.313979304000043],[113.942956331,22.31391313100005],[113.94318547300009,22.31389900000005],[113.943276577,22.313900190000027],[113.94341890500004,22.31393136500003],[113.94622064300006,22.314458125000044],[113.94664630700004,22.314611375000027],[113.9467929760001,22.314711311000053],[113.94676586900005,22.31488552600007],[113.94700108100005,22.315108965000036],[113.94724336700006,22.315385406000075],[113.94732501300007,22.315559533000055]]],[[[113.94058951600005,22.30620078800007],[113.94674575200008,22.308200059000058],[113.94674575200008,22.308200059000058],[113.94878218600002,22.308861397000044],[113.94878218600002,22.308861397000044],[113.9497223190001,22.309166709000067],[113.9497223190001,22.309166709000067],[113.94937358200002,22.310096567000073],[113.94937358200002,22.310096567000073],[113.94852229000003,22.312366660000066],[113.94852229000003,22.312366660000066],[113.94810720600003,22.313473517000034],[113.94810720600003,22.313473517000034],[113.94796130800012,22.31348810000003],[113.9474412940001,22.31344923300003],[113.94722056100011,22.313397062000035],[113.94704561300011,22.31338917000005],[113.94699443500008,22.31343639800008],[113.94628533900004,22.313117994000038],[113.9457476120001,22.312964418000035],[113.94459313900006,22.31274427200003],[113.94382978200008,22.312596862000078],[113.94305559400004,22.312450083000044],[113.94290253400004,22.312464488000046],[113.94260343300004,22.312372371000038],[113.9423271710001,22.31225663500004],[113.94174214000009,22.311930673000063],[113.94153549600003,22.31176399800006],[113.94134792500006,22.31157898300006],[113.94100959800005,22.31118600600007],[113.94080720500006,22.310884095000063],[113.94050960200002,22.31048101700003],[113.94050960200002,22.31048101700003],[113.94063277200007,22.310525983000048],[113.94068917000004,22.310542971000075],[113.94143339900006,22.310783265000055],[113.94181669500006,22.30975001300004],[113.94007778100001,22.309193062000077],[113.939960713,22.309155583000063],[113.93986258900009,22.30912422700004],[113.93986258900009,22.30912422700004],[113.93976613900008,22.30872900600008],[113.93977589700012,22.30864140600005],[113.94002122300003,22.308557164000035],[113.94006897700001,22.30811363600003],[113.94012727800009,22.307427680000046],[113.94021987700012,22.307114584000033],[113.94058951600005,22.30620078800007]]]]},"properties":{"Name":"Airport Approach Restricted Area No. 5","Restriction":"No vessel which has a height exceeding 15 metres above sea level shall enter or pass through"}},{"type":"Feature","geometry":{"type":"MultiPolygon","coordinates":[[[[113.97805556000003,22.344444408000072],[113.97805003200006,22.341383348000022],[113.97805003200006,22.341383348000022],[113.98583329700011,22.341388849000055],[113.98583329700011,22.341388849000055],[113.98583332300007,22.344444457000066],[113.98583332300007,22.344444457000066],[113.97805556000003,22.344444408000072]]],[[[113.98040074700009,22.334166711000023],[113.9780555860001,22.334166717000073],[113.9780555860001,22.334166717000073],[113.97805560400002,22.330833308000024],[113.97805560400002,22.330833308000024],[113.98583331100008,22.330833271000074],[113.98583331100008,22.330833271000074],[113.98583330300005,22.334166682000046],[113.98583330300005,22.334166682000046],[113.98110357900009,22.334166767000056],[113.98110357900009,22.334166767000056],[113.9810479360001,22.334039097000073],[113.98093418200006,22.333922571000073],[113.98074854300012,22.333856997000055],[113.98069899400002,22.33386701300003],[113.98058303100004,22.333890277000023],[113.98041725700011,22.334106588000054],[113.98040074700009,22.334166711000023]]]]},"properties":{"Name":"Airport Approach Restricted Area No. 6","Restriction":"No vessel which has a height exceeding 15 metres above sea level shall enter or pass through"}},{"type":"Feature","geometry":{"type":"MultiPolygon","coordinates":[[[[113.8781945930001,22.379587423000032],[113.87814324400006,22.379611140000065],[113.87814324400006,22.37961105900007],[113.8782465600001,22.37948023900003],[113.87841770200009,22.379263476000062],[113.87861863800003,22.37900897700007],[113.88166036300004,22.37515614800003],[113.88185524100004,22.374909354000067],[113.88222221300009,22.37444441300005],[113.88234094300003,22.374293950000038],[113.88234391200001,22.374295175000043],[113.88235290500006,22.374298930000066],[113.88247136600012,22.374520621000045],[113.88245110500009,22.37476050400005],[113.88239099500004,22.375000314000033],[113.88243019600009,22.375221940000074],[113.88254880200009,22.375498897000057],[113.88256797000008,22.37581281300004],[113.8825477790001,22.37597881800008],[113.8824678310001,22.37621867300004],[113.88250707200007,22.376421768000057],[113.88248648800004,22.376772265000056],[113.88228700400009,22.377251901000022],[113.88200806600003,22.377657431000046],[113.88161040400007,22.378044291000037],[113.88137169800007,22.378228423000053],[113.88121259600007,22.37837580300004],[113.88103349700009,22.37859686200005],[113.88049693500011,22.378835868000067],[113.88029827500009,22.37892766400006],[113.88021847200002,22.379056822000052],[113.87996029100009,22.37911169000006],[113.87964259000012,22.379129629000033],[113.87922543000002,22.37931342400003],[113.87870902600002,22.379441605000068],[113.87823229600008,22.379570020000074],[113.8781945930001,22.379587423000032]]],[[[113.87803876400005,22.382055097000034],[113.87817561700001,22.381975461000025],[113.87818218300004,22.38197002800007],[113.87819321400002,22.381961271000023],[113.8782050310001,22.381952434000027],[113.87821772200004,22.38194319300004],[113.87823120100006,22.381933872000047],[113.87824537900008,22.381924308000066],[113.87826051900004,22.381914583000025],[113.8782763590001,22.381904535000047],[113.87829307300001,22.381894326000065],[113.87830401100007,22.38188768200007],[113.87831057400001,22.381883793000043],[113.87832903700007,22.381873099000074],[113.87834811200003,22.38186216300005],[113.87836806100006,22.381851066000024],[113.87837182300007,22.381849122000062],[113.878604558,22.381803881000053],[113.87892218600007,22.381823005000058],[113.87908490500001,22.38186557100005],[113.87918018100004,22.381897284000047],[113.879517727,22.381879464000065],[113.87979563200008,22.381879981000054],[113.87996610100004,22.381732787000033],[113.87998607500003,22.38171006700003],[113.88001367200002,22.381678178000072],[113.88003583700004,22.381652618000032],[113.88006895900003,22.38161179800005],[113.88009378100003,22.381569582000054],[113.88011732300004,22.381513303000077],[113.88012539800002,22.38149738800007],[113.88013803600006,22.381472461000044],[113.88016568800003,22.38141488900004],[113.88018500700002,22.38137136200004],[113.88020312800006,22.381316536000043],[113.8802140360001,22.38128307100004],[113.88021940100009,22.38126747700005],[113.88027370900011,22.381087231000038],[113.88039317200003,22.380884268000045],[113.88057216300001,22.380755618000023],[113.88067180400003,22.380626496000048],[113.8807120030001,22.380423630000053],[113.88091070400003,22.38031322200004],[113.88112900600004,22.380313627000078],[113.88116872900002,22.38033206800003],[113.88116828600005,22.38049819200006],[113.88150563900001,22.38060959300003],[113.88196189200005,22.380739663000043],[113.88223979500003,22.38074009500008],[113.8824582630001,22.380703681000057],[113.8826571300001,22.380556373000047],[113.88289583700009,22.380372240000042],[113.88311441400003,22.380243498000027],[113.88327375800009,22.38018836200007],[113.88351126300006,22.380281127000046],[113.88378930100009,22.380300087000023],[113.8841068690001,22.38026369000005],[113.88456375900012,22.380135384000027],[113.88476262200004,22.379987992000054],[113.88492196700008,22.379766893000067],[113.88504146100001,22.37954564000006],[113.88505208400011,22.379481209000062],[113.88505507200011,22.379473087000065],[113.88506228100005,22.379452782000044],[113.88506940400009,22.379431989000068],[113.88507661500012,22.379410708000023],[113.8850796050001,22.37940161100005],[113.88508373900004,22.37938894000007],[113.8850905160001,22.37936660200006],[113.88509659200008,22.379344506000052],[113.88510179500008,22.37932249100004],[113.8851062980001,22.379300474000047],[113.88510992800002,22.379278617000068],[113.88511303200005,22.379256760000033],[113.88511517600011,22.37923498300006],[113.88511662000008,22.379213204000052],[113.88511727800005,22.37919150500005],[113.88511728300011,22.37918882300005],[113.88511723600004,22.379169886000057],[113.88511632100005,22.379148266000072],[113.88511470500009,22.379126806000045],[113.88511239200011,22.379105265000078],[113.88510929100005,22.379083884000067],[113.88510540300001,22.379062502000068],[113.8851007290001,22.379041199000028],[113.88509544400006,22.379019896000045],[113.88508989600007,22.378998267000043],[113.88508373800005,22.37897631100003],[113.88507731800007,22.37895411200003],[113.88507037500005,22.37893158600008],[113.8850630820001,22.378908898000077],[113.885055265,22.378885883000066],[113.88504727400004,22.378862705000074],[113.88503867300005,22.378839120000066],[113.88502980900012,22.378815372000076],[113.88502042200003,22.378791216000025],[113.88501059800001,22.378766978000044],[113.88500042600003,22.378742415000033],[113.88498981700002,22.378717607000056],[113.88497877100008,22.37869239200006],[113.88496737700007,22.378667095000026],[113.88495537100005,22.37864139000004],[113.88494310500005,22.37861511600005],[113.88493014000005,22.378588516000036],[113.88491656500003,22.378561508000075],[113.88490246600009,22.37853393000006],[113.8848879310001,22.37850602700007],[113.88487278500008,22.378477472000043],[113.88485711600003,22.37844859100005],[113.88484092400006,22.37841938400004],[113.88482412000008,22.378389688000027],[113.88480688100003,22.378359585000055],[113.88478903100008,22.37832891200003],[113.8847706570001,22.378297832000044],[113.88476316800006,22.37828530200005],[113.8847516730001,22.378266263000057],[113.88473234000003,22.37823436800005],[113.88471230900007,22.378201903000047],[113.88469027000008,22.37816902800006],[113.88466456100002,22.378135171000054],[113.88463527100009,22.378100738000057],[113.88460248800004,22.37806540500003],[113.88458783700003,22.378050993000045],[113.88446273400007,22.37795022800003],[113.88431058600008,22.37782779400004],[113.88411243900009,22.377679837000073],[113.88389440700007,22.377513231000023],[113.88375576300007,22.377328403000035],[113.88373652300004,22.377088365000077],[113.88381642900003,22.37686712200008],[113.88394908400005,22.376744235000047],[113.88403996600005,22.37666320900007],[113.88413563100005,22.376592839000068],[113.88422449500001,22.37655610300004],[113.88429699900007,22.376528522000058],[113.88434642600009,22.376503987000035],[113.88444859600008,22.376415098000052],[113.88455398700012,22.376415128000076],[113.88455742800011,22.37623446200007],[113.88446182500002,22.376234531000023],[113.8844585270001,22.376265084000067],[113.88437940400001,22.37632329400003],[113.88432008400002,22.376356995000037],[113.88429039100004,22.376347919000068],[113.88425750800002,22.376277394000056],[113.88426733100005,22.376219220000053],[113.88422448900008,22.376105764000044],[113.8841487200001,22.37606596300003],[113.88407246000008,22.376010801000064],[113.88405640300005,22.37600012400003],[113.88369963200012,22.37577791600006],[113.8835212780001,22.37561146400003],[113.88324373800003,22.375444911000045],[113.88304531200004,22.375389117000054],[113.8829265170001,22.375241223000046],[113.88292701900002,22.374964404000025],[113.88288810100005,22.374650615000064],[113.88294796500008,22.374484601000063],[113.88300787800006,22.374337036000043],[113.88314701900003,22.37424496500006],[113.88336566400005,22.374079324000036],[113.88348513500011,22.373950318000027],[113.88348533100009,22.373857991000023],[113.88346572900002,22.373747260000073],[113.88358485800006,22.373655233000022],[113.88374372700002,22.37365552500006],[113.88398186400002,22.373692779000066],[113.88416050000001,22.37376698500003],[113.88441842600002,22.37378590700007],[113.88459712200006,22.37374933600006],[113.88460777900002,22.373710263000078],[113.88461711500008,22.373675495000043],[113.88453808100007,22.373527675000048],[113.8844393280001,22.373324471000046],[113.88472226700003,22.373333280000054],[113.88625411400005,22.375758776000055],[113.88657698600002,22.376270090000048],[113.88671503700004,22.376488644000062],[113.88790229300002,22.378368473000023],[113.88805550400002,22.378611110000065],[113.88764062100006,22.379381649000038],[113.88724687800004,22.380113051000023],[113.88611115900005,22.382222240000033],[113.87793702700003,22.382222168000055],[113.87785898600009,22.382222185000046],[113.87784968200003,22.382079369000053],[113.87802843800011,22.382061173000068],[113.87803876400005,22.382055097000034]]]]},"properties":{"Name":"Airport Approach Restricted Area No. 8","Restriction":"No vessel which has a height exceeding 30 metres above sea level shall enter or pass through"}},{"type":"Feature","geometry":{"type":"Polygon","coordinates":[[[113.93986258900009,22.30912422700004],[113.939960713,22.309155583000063],[113.94007778100001,22.309193062000077],[113.94181669500006,22.30975001300004],[113.94143339900006,22.310783265000055],[113.94068917000004,22.310542971000075],[113.94063277200007,22.310525983000048],[113.94050960200002,22.31048101700003],[113.94050960200002,22.31048101700003],[113.94035910200012,22.310277119000034],[113.94016866000004,22.30998562800005],[113.93988305900007,22.30920789000004],[113.93986258900009,22.30912422700004]]]},"properties":{"Name":"Airport Approach Restricted Area No. 2","Restriction":"No vessel shall enter or pass through"}}]}