{"type":"FeatureCollection","_comment":"LCSD leisure facilities from CSDI (official HK government open data). Generated by scripts/build_lcsd.py - do not hand-edit. k = sports | tennis | badminton | basketball | library | museum | park | camp | bbq","features":[{"type":"Feature","geometry":{"type":"Point","coordinates":[114.22427704509757,22.315663518816837]},"properties":{"Name":"瑞和街體育館","Name_tc":"瑞和街體育館","Name_en":"Shui Wo Street Sports Centre","Type_tc":"體育館","Type_en":"Sports Centres","District_tc":"觀塘","District_en":"KWUN TONG","Address_tc":"觀塘瑞和街9號瑞和街市政大廈8樓及9樓","Address_en":"8/F & 9/F,Shui Wo Street Municipal Services Building,9 Shui Wo Street, Kwun Tong,Kowloon."}},{"type":"Feature","geometry":{"type":"Point","coordinates":[114.17002734077472,22.449887492826797]},"properties":{"Name":"東昌街體育館","Name_tc":"東昌街體育館","Name_en":"Tung Cheong Street Sports Centre","Type_tc":"體育館","Type_en":"Sports Centres","District_tc":"大埔","District_en":"TAI PO","Address_tc":"大埔東昌街25號大埔東昌街康體大樓地下及3樓","Address_en":"G/F and 3/F, Tai Po Tung Cheong Street Leisure Building, 25 Tung Cheong Street, Tai Po"}},{"type":"Feature","geometry":{"type":"Point","coordinates":[114.03117753315561,22.207508324201292]},"properties":{"Name":"長洲體育館","Name_tc":"長洲體育館","Name_en":"Cheung Chau Sports Centre","Type_tc":"體育館","Type_en":"Sports Centres","District_tc":"離島","District_en":"ISLANDS","Address_tc":"長洲醫院路三號","Address_en":"No.3, Cheung Chau Hospital Road, Cheung Chau"}},{"type":"Feature","geometry":{"type":"Point","coordinates":[114.1543579686594,22.249564657287706]},"properties":{"Name":"香港仔體育館","Name_tc":"香港仔體育館","Name_en":"Aberdeen Sports Centre","Type_tc":"體育館","Type_en":"Sports Centres","District_tc":"南區","District_en":"SOUTHERN","Address_tc":"香港香港仔大道203號香港仔巿政大廈5樓及6樓","Address_en":"5th & 6th Floor, Aberdeen Municipal Services Building, No. 203 Aberdeen Main Road, Aberdeen, Hong Kong"}},{"type":"Feature","geometry":{"type":"Point","coordinates":[114.18921818667273,22.344488332005117]},"properties":{"Name":"馬仔坑體育館","Name_tc":"馬仔坑體育館","Name_en":"Ma Chai Hang Sports Centre","Type_tc":"體育館","Type_en":"Sports Centres","District_tc":"黃大仙","District_en":"WONG TAI SIN","Address_tc":"黃大仙馬仔坑道30號","Address_en":"30 Ma Chai Hang Road, Wong Tai Sin"}},{"type":"Feature","geometry":{"type":"Point","coordinates":[113.94383087436024,22.290587763787247]},"properties":{"Name":"東涌文東路體育館","Name_tc":"東涌文東路體育館","Name_en":"Tung Chung Man Tung Road Sports Centre","Type_tc":"體育館","Type_en":"Sports Centres","District_tc":"離島","District_en":"ISLANDS","Address_tc":"東涌文東路39號東涌市政大樓地下","Address_en":"G/F., Tung Chung Municipal Services Building, 39 Man Tung Road, Tung Chung"}},{"type":"Feature","geometry":{"type":"Point","coordinates":[114.02386434395703,22.441466400050967]},"properties":{"Name":"元朗體育館","Name_tc":"元朗體育館","Name_en":"Yuen Long Sports Centre","Type_tc":"體育館","Type_en":"Sports Centres","District_tc":"元朗","District_en":"YUEN LONG","Address_tc":"元朗馬田路52號元朗文化康樂大樓3樓及4樓","Address_en":"3/F-4/F, Yuen Long Leisure and Cultural Building, 52 Ma Tin Road, Yuen Long"}},{"type":"Feature","geometry":{"type":"Point","coordinates":[114.17070130277295,22.320781661334443]},"properties":{"Name":"花園街體育館","Name_tc":"花園街體育館","Name_en":"Fa Yuen Street Sports Centre","Type_tc":"體育館","Type_en":"Sports Centres","District_tc":"油尖旺","District_en":"YAU TSIM MONG","Address_tc":"旺角花園街123A號花園街市政大廈10-13樓","Address_en":"10/F to 13/F Fa Yuen Street Municipal Services Building, 123A Fa Yuen Street, Mong Kok"}},{"type":"Feature","geometry":{"type":"Point","coordinates":[114.22272285755857,22.282052015788043]},"properties":{"Name":"西灣河體育館","Name_tc":"西灣河體育館","Name_en":"Sai Wan Ho Sports Centre","Type_tc":"體育館","Type_en":"Sports Centres","District_tc":"東區","District_en":"EASTERN","Address_tc":"筲箕灣道111號西灣河市政大廈二樓","Address_en":"2/F Sai Wan Ho Municipal Services Building, 111 Shau Kei Wan Road, Shaukiwan"}},{"type":"Feature","geometry":{"type":"Point","coordinates":[114.21178754687372,22.283689283448254]},"properties":{"Name":"鰂魚涌體育館","Name_tc":"鰂魚涌體育館","Name_en":"Quarry Bay Sports Centre","Type_tc":"體育館","Type_en":"Sports Centres","District_tc":"東區","District_en":"EASTERN","Address_tc":"香港鰂魚涌街38號鰂魚涌市政大廈6樓及7樓","Address_en":"6/F & 7/F, Quarry Bay Municipal Services Building, 38 Quarry Bay Street, Quarry Bay"}},{"type":"Feature","geometry":{"type":"Point","coordinates":[114.15700624884181,22.250513222205274]},"properties":{"Name":"漁光道體育館","Name_tc":"漁光道體育館","Name_en":"Yue Kwong Road Sports Centre","Type_tc":"體育館","Type_en":"Sports Centres","District_tc":"南區","District_en":"SOUTHERN","Address_tc":"香港香港仔漁光道43號","Address_en":"No. 43 Yue Kwong Road, Aberdeen, Hong Kong"}},{"type":"Feature","geometry":{"type":"Point","coordinates":[114.14962646728132,22.286002610573558]},"properties":{"Name":"上環體育館","Name_tc":"上環體育館","Name_en":"Sheung Wan Sports Centre","Type_tc":"體育館","Type_en":"Sports Centres","District_tc":"中西區","District_en":"CENTRAL AND WESTERN","Address_tc":"上環皇后大道中345號上環市政大廈11至13樓","Address_en":"11/F - 13/F,  Sheung Wan Municipal Services Building, No. 345 Queen's Road Central, Sheung Wan"}},{"type":"Feature","geometry":{"type":"Point","coordinates":[114.12863884195536,22.281942983694282]},"properties":{"Name":"士美非路體育館","Name_tc":"士美非路體育館","Name_en":"Smithfield Sports Centre","Type_tc":"體育館","Type_en":"Sports Centres","District_tc":"中西區","District_en":"CENTRAL AND WESTERN","Address_tc":"香港堅尼地城士美菲路12 K號士美非路市政大廈4至7樓","Address_en":"4/F-7/F, Smithfield Municipal Services Building, 12K Smithfield, Kennedy Town, Hong Kong"}},{"type":"Feature","geometry":{"type":"Point","coordinates":[114.17097962316737,22.458069524012892]},"properties":{"Name":"富亨體育館","Name_tc":"富亨體育館","Name_en":"Fu Heng Sports Centre","Type_tc":"體育館","Type_en":"Sports Centres","District_tc":"大埔","District_en":"TAI PO","Address_tc":"大埔富亨邨富亨商場一樓","Address_en":"1/F, Fu Heng Shopping Centre, Fu Heng Estate, Tai Po"}},{"type":"Feature","geometry":{"type":"Point","coordinates":[114.13605112849072,22.285719818708426]},"properties":{"Name":"石瑭咀體育館","Name_tc":"石瑭咀體育館","Name_en":"Shek Tong Tsui Sports Centre","Type_tc":"體育館","Type_en":"Sports Centres","District_tc":"中西區","District_en":"CENTRAL AND WESTERN","Address_tc":"皇后大道西470號石瑭咀市政大廈5至6樓","Address_en":"5/F-6/F, Shek Tong Tsui Municipal Services Building, 470 Queen's Road West"}},{"type":"Feature","geometry":{"type":"Point","coordinates":[114.1611301767754,22.329242677925837]},"properties":{"Name":"北河街體育館","Name_tc":"北河街體育館","Name_en":"Pei Ho Street Sports Centre","Type_tc":"體育館","Type_en":"Sports Centres","District_tc":"深水埗","District_en":"SHAM SHUI PO","Address_tc":"深水埗基隆街333號北河街市政大廈5至U6樓","Address_en":"5/F - U6/F, Pei Ho Street Municipal Services Building, 333 Ki Lung Street, Sham Shui Po, Kowloon"}},{"type":"Feature","geometry":{"type":"Point","coordinates":[114.21637823728733,22.321481340048212]},"properties":{"Name":"牛頭角道體育館","Name_tc":"牛頭角道體育館","Name_en":"Ngau Tau Kok Road Sports Centre","Type_tc":"體育館","Type_en":"Sports Centres","District_tc":"觀塘","District_en":"KWUN TONG","Address_tc":"觀塘牛頭角道183號牛頭角市政大廈2樓至4樓","Address_en":"2/F to 4/F, Ngau Tau Kok Municipal Services Building, 183 Ngau Tau Kok Road, Kwun Tong"}},{"type":"Feature","geometry":{"type":"Point","coordinates":[114.19939755043724,22.29225251489866]},"properties":{"Name":"渣華道體育館","Name_tc":"渣華道體育館","Name_en":"Java Road Sports Centre","Type_tc":"體育館","Type_en":"Sports Centres","District_tc":"東區","District_en":"EASTERN","Address_tc":"北角渣華道99號渣華道市政大廈3-5樓","Address_en":"3/F to 5/F, Java Road Municipal Services Building, 99 Java Road,North Point"}},{"type":"Feature","geometry":{"type":"Point","coordinates":[114.13755769366426,22.373871305851782]},"properties":{"Name":"北葵涌鄧肇堅體育館","Name_tc":"北葵涌鄧肇堅體育館","Name_en":"North Kwai Chung Tang Shiu Kin Sports Centre","Type_tc":"體育館","Type_en":"Sports Centres","District_tc":"葵青","District_en":"KWAI TSING","Address_tc":"新界葵涌和宜合道292號","Address_en":"292 Wo Yi Hop Road, Kwai Chung, New Territories"}},{"type":"Feature","geometry":{"type":"Point","coordinates":[114.0283463738288,22.20681943363913]},"properties":{"Name":"海傍街體育館","Name_tc":"海傍街體育館","Name_en":"Praya Street Sports Centre","Type_tc":"體育館","Type_en":"Sports Centres","District_tc":"離島","District_en":"ISLANDS","Address_tc":"長洲大興堤路長洲市政大廈一樓及二樓","Address_en":"1/F and 2/F, Cheung Chau Municipal Services Building, 2 Tai Hing Tai Road, Cheung Chau"}},{"type":"Feature","geometry":{"type":"Point","coordinates":[114.14313539676235,22.48475410464941]},"properties":{"Name":"和興體育館","Name_tc":"和興體育館","Name_en":"Wo Hing Sports Centre","Type_tc":"體育館","Type_en":"Sports Centres","District_tc":"北區","District_en":"NORTH","Address_tc":"粉嶺和鳴里8號","Address_en":"8 Wo Ming Lane, Fanling"}},{"type":"Feature","geometry":{"type":"Point","coordinates":[114.26250637401762,22.313080662714672]},"properties":{"Name":"香港單車館","Name_tc":"香港單車館","Name_en":"Hong Kong Velodrome","Type_tc":"體育館","Type_en":"Sports Centres","District_tc":"將軍澳","District_en":"TSEUNG KWAN O","Address_tc":"將軍澳寶康路105-107號","Address_en":"105-107 Po Hong Road, Tseung Kwan O"}},{"type":"Feature","geometry":{"type":"Point","coordinates":[114.19012295460416,22.31884868518568]},"properties":{"Name":"土瓜灣體育館","Name_tc":"土瓜灣體育館","Name_en":"To Kwa Wan Sports Centre","Type_tc":"體育館","Type_en":"Sports Centres","District_tc":"九龍城","District_en":"KOWLOON CITY","Address_tc":"土瓜灣下鄉道66號","Address_en":"66 Ha Heung Road, To Kwa Wan"}},{"type":"Feature","geometry":{"type":"Point","coordinates":[114.26837586172427,22.31731560343466]},"properties":{"Name":"坑口體育館","Name_tc":"坑口體育館","Name_en":"Hang Hau Sports Centre","Type_tc":"體育館","Type_en":"Sports Centres","District_tc":"西貢","District_en":"SAI KUNG","Address_tc":"將軍澳培成路38號西貢將軍澳政府綜合大樓1至3樓","Address_en":"1-3/F, Sai Kung Tseung Kwan O Government Complex, 38 Pui Shing Road, Tseung Kwan O."}},{"type":"Feature","geometry":{"type":"Point","coordinates":[114.13364539823317,22.50331833957451]},"properties":{"Name":"天平體育館","Name_tc":"天平體育館","Name_en":"Tin Ping Sports Centre","Type_tc":"體育館","Type_en":"Sports Centres","District_tc":"北區","District_en":"NORTH","Address_tc":"上水天平邨天平商場3樓","Address_en":"3/F, Tin Ping Shopping Centre, Tin Ping Estate, Sheung Shui"}},{"type":"Feature","geometry":{"type":"Point","coordinates":[114.1283401995604,22.49697659234128]},"properties":{"Name":"保榮路體育館","Name_tc":"保榮路體育館","Name_en":"Po Wing Road Sports Centre","Type_tc":"體育館","Type_en":"Sports Centres","District_tc":"北區","District_en":"NORTH","Address_tc":"新界上水百和路19號","Address_en":"19 Pak Wo Road, Sheung Shui, New Territories"}},{"type":"Feature","geometry":{"type":"Point","coordinates":[114.14501703327106,22.50027774584918]},"properties":{"Name":"聯和墟體育館","Name_tc":"聯和墟體育館","Name_en":"Luen Wo Hui Sports Centre","Type_tc":"體育館","Type_en":"Sports Centres","District_tc":"北區","District_en":"NORTH","Address_tc":"新界粉嶺聯和墟和滿街9號3樓","Address_en":"3/F, 9 Wo Mun Street, Luen Wo Hui, Fanling, New Territories"}},{"type":"Feature","geometry":{"type":"Point","coordinates":[114.1304473752049,22.504979041444848]},"properties":{"Name":"龍琛路體育館","Name_tc":"龍琛路體育館","Name_en":"Lung Sum Avenue Sports Centre","Type_tc":"體育館","Type_en":"Sports Centres","District_tc":"北區","District_en":"NORTH","Address_tc":"上水馬會道155號","Address_en":"155 Jockey Club Road, Sheung Shui"}},{"type":"Feature","geometry":{"type":"Point","coordinates":[114.25485159971393,22.30641409711592]},"properties":{"Name":"調景嶺體育館","Name_tc":"調景嶺體育館","Name_en":"Tiu Keng Leng Sports Centre","Type_tc":"體育館","Type_en":"Sports Centres","District_tc":"西貢","District_en":"SAI KUNG","Address_tc":"將軍澳翠嶺路2號","Address_en":"2 Chui Ling Road, Tseung Kwan O"}},{"type":"Feature","geometry":{"type":"Point","coordinates":[113.99702152013991,22.464795899081132]},"properties":{"Name":"天暉路體育館","Name_tc":"天暉路體育館","Name_en":"Tin Fai Road Sports Centre","Type_tc":"體育館","Type_en":"Sports Centres","District_tc":"元朗","District_en":"YUEN LONG","Address_tc":"天水圍天瑞路63號","Address_en":"No. 63, Tin Shui Road, Tin Shui Wai, Yuen Long, N.T."}},{"type":"Feature","geometry":{"type":"Point","coordinates":[114.11263642526323,22.365955300044757]},"properties":{"Name":"荃灣體育館","Name_tc":"荃灣體育館","Name_en":"Tsuen Wan Sports Centre","Type_tc":"體育館","Type_en":"Sports Centres","District_tc":"荃灣","District_en":"TSUEN WAN","Address_tc":"荃灣永順街53號","Address_en":"53 Wing Shun Street, Tsuen Wan, N.T."}},{"type":"Feature","geometry":{"type":"Point","coordinates":[114.10206692848126,22.35154433498537]},"properties":{"Name":"青衣西南體育館","Name_tc":"青衣西南體育館","Name_en":"Tsing Yi Southwest Sports Centre","Type_tc":"體育館","Type_en":"Sports Centres","District_tc":"葵青","District_en":"KWAI TSING","Address_tc":"青衣涌美路70 號","Address_en":"70 Chung Mei Road, Tsing Yi, New,Territories"}},{"type":"Feature","geometry":{"type":"Point","coordinates":[114.20449392431667,22.37974535880129]},"properties":{"Name":"圓洲角體育館","Name_tc":"圓洲角體育館","Name_en":"Yuen Chau Kok Sports Centre","Type_tc":"體育館","Type_en":"Sports Centres","District_tc":"沙田","District_en":"SHA TIN","Address_tc":"新界沙田銀城街35號","Address_en":"35 Ngan Shing Street, Sha Tin, NT."}},{"type":"Feature","geometry":{"type":"Point","coordinates":[114.19012479849637,22.338309593879817]},"properties":{"Name":"摩士公園體育館","Name_tc":"摩士公園體育館","Name_en":"Morse Park Sports Centre","Type_tc":"體育館","Type_en":"Sports Centres","District_tc":"黃大仙","District_en":"WONG TAI SIN","Address_tc":"黃大仙鳳舞街40號","Address_en":"40 Fung Mo Street, Wong Tai Sin"}},{"type":"Feature","geometry":{"type":"Point","coordinates":[114.14911398022048,22.330514103391216]},"properties":{"Name":"深水埗體育館","Name_tc":"深水埗體育館","Name_en":"Sham Shui Po Sports Centre","Type_tc":"體育館","Type_en":"Sports Centres","District_tc":"深水埗","District_en":"SHAM SHUI PO","Address_tc":"九龍深水埗深旺道38號深水埗康樂文化大樓2樓","Address_en":"2/F., Sham Shui Po Leisure and Cultural Building, 38 Sham Mong Road, Sham Shui Po, Kowloon"}},{"type":"Feature","geometry":{"type":"Point","coordinates":[114.1664041519395,22.446294083618834]},"properties":{"Name":"大埔墟體育館","Name_tc":"大埔墟體育館","Name_en":"Tai Po Hui Sports Centre","Type_tc":"體育館","Type_en":"Sports Centres","District_tc":"大埔","District_en":"TAI PO","Address_tc":"大埔鄉事會街8號大埔綜合大樓6樓","Address_en":"6/F, Tai Po Complex, 8 Heung Sze Wui Street, Tai Po"}},{"type":"Feature","geometry":{"type":"Point","coordinates":[114.2222870693442,22.284725205620504]},"properties":{"Name":"港島東體育館","Name_tc":"港島東體育館","Name_en":"Island East Sports Centre","Type_tc":"體育館","Type_en":"Sports Centres","District_tc":"東區","District_en":"EASTERN","Address_tc":"西灣河鯉景道52號","Address_en":"52 Lei King Road, Sai Wan Ho"}},{"type":"Feature","geometry":{"type":"Point","coordinates":[114.21651896319834,22.329350094466342]},"properties":{"Name":"彩榮路體育館","Name_tc":"彩榮路體育館","Name_en":"Choi Wing Road Sports Centre","Type_tc":"體育館","Type_en":"Sports Centres","District_tc":"觀塘","District_en":"KWUN TONG","Address_tc":"觀塘彩榮路58號","Address_en":"58 Choi Wing Road, Kwun Tong"}},{"type":"Feature","geometry":{"type":"Point","coordinates":[114.10269703086463,22.36247519872765]},"properties":{"Name":"長發體育館","Name_tc":"長發體育館","Name_en":"Cheung Fat Sports Centre","Type_tc":"體育館","Type_en":"Sports Centres","District_tc":"葵青","District_en":"KWAI TSING","Address_tc":"青衣長發邨長發廣場四樓","Address_en":"4/F, Cheung Fat Plaza, Cheung Fat Estate, Tsing Yi"}},{"type":"Feature","geometry":{"type":"Point","coordinates":[114.18557397427787,22.372228568840658]},"properties":{"Name":"車公廟體育館","Name_tc":"車公廟體育館","Name_en":"Che Kung Temple Sports Centre","Type_tc":"體育館","Type_en":"Sports Centres","District_tc":"沙田","District_en":"SHA TIN","Address_tc":"沙田沙田頭路10號","Address_en":"No. 10, Sha Tin Tau Road, Sha Tin"}},{"type":"Feature","geometry":{"type":"Point","coordinates":[113.97919879748115,22.384254240099324]},"properties":{"Name":"兆麟體育館","Name_tc":"兆麟體育館","Name_en":"Siu Lun Sports Centre","Type_tc":"體育館","Type_en":"Sports Centres","District_tc":"屯門","District_en":"TUEN MUN","Address_tc":"新界屯門兆麟街19號屯門兆麟政府綜合大樓2至5樓","Address_en":"2-5/F Tuen Mun Siu Lun Government Complex, 19 Siu Lun Street, Tuen Mun, N.T."}},{"type":"Feature","geometry":{"type":"Point","coordinates":[114.15929239345571,22.27734356260463]},"properties":{"Name":"香港公園體育館","Name_tc":"香港公園體育館","Name_en":"Hong Kong Park Sports Centre","Type_tc":"體育館","Type_en":"Sports Centres","District_tc":"中西區","District_en":"CENTRAL AND WESTERN","Address_tc":"中環紅棉路29號","Address_en":"29 Cotton Tree Drive, Central"}},{"type":"Feature","geometry":{"type":"Point","coordinates":[114.14349276475828,22.290173617033034]},"properties":{"Name":"中山紀念公園體育館","Name_tc":"中山紀念公園體育館","Name_en":"Sun Yat Sen Memorial Park Sports Centre","Type_tc":"體育館","Type_en":"Sports Centres","District_tc":"中西區","District_en":"CENTRAL AND WESTERN","Address_tc":"西營盤東邊街北18號","Address_en":"18 Eastern Street North, Sai Ying Pun"}},{"type":"Feature","geometry":{"type":"Point","coordinates":[114.02319209453758,22.450296619242405]},"properties":{"Name":"朗屏體育館","Name_tc":"朗屏體育館","Name_en":"Long Ping Sports Centre","Type_tc":"體育館","Type_en":"Sports Centres","District_tc":"元朗","District_en":"YUEN LONG","Address_tc":"元朗朗屏邨朗屏商場二樓202號","Address_en":"Unit 202, 2/F, Long Ping Commercial Centre, Long Ping Estate, Yuen Long"}},{"type":"Feature","geometry":{"type":"Point","coordinates":[114.17670841988102,22.281272837218662]},"properties":{"Name":"港灣道體育館","Name_tc":"港灣道體育館","Name_en":"Harbour Road Sports Centre","Type_tc":"體育館","Type_en":"Sports Centres","District_tc":"灣仔","District_en":"WAN CHAI","Address_tc":"灣仔港灣道27號","Address_en":"27 Harbour Road, Wanchai"}},{"type":"Feature","geometry":{"type":"Point","coordinates":[114.11124446515491,22.377670050903166]},"properties":{"Name":"荃景圍體育館","Name_tc":"荃景圍體育館","Name_en":"Tsuen King Circuit Sports Centre","Type_tc":"體育館","Type_en":"Sports Centres","District_tc":"荃灣","District_en":"TSUEN WAN","Address_tc":"荃灣荃景圍美環街38號","Address_en":"38 Mei Wan Street, Tsuen King Circuit, Tsuen Wan"}},{"type":"Feature","geometry":{"type":"Point","coordinates":[114.22786613617762,22.41668708149145]},"properties":{"Name":"恒安體育館","Name_tc":"恒安體育館","Name_en":"Heng On Sports Centre","Type_tc":"體育館","Type_en":"Sports Centres","District_tc":"沙田","District_en":"SHA TIN","Address_tc":"沙田馬鞍山恒安邨恒安商場四樓","Address_en":"4/F., Heng On Commercial Centre, Heng On Estate, Ma On Shan, Sha Tin"}},{"type":"Feature","geometry":{"type":"Point","coordinates":[114.00465358267057,22.447392687176336]},"properties":{"Name":"屏山天水圍體育館","Name_tc":"屏山天水圍體育館","Name_en":"Ping Shan Tin Shui Wai Sports Centre","Type_tc":"體育館","Type_en":"Sports Centres","District_tc":"元朗","District_en":"YUEN LONG","Address_tc":"元朗屏山天水圍聚星路1號","Address_en":"1, Tsui Sing Road, Tin Shui Wai, Yuen Long"}},{"type":"Feature","geometry":{"type":"Point","coordinates":[114.23990954489193,22.264851905961635]},"properties":{"Name":"柴灣體育館","Name_tc":"柴灣體育館","Name_en":"Chai Wan Sports Centre","Type_tc":"體育館","Type_en":"Sports Centres","District_tc":"東區","District_en":"EASTERN","Address_tc":"香港柴灣怡順街6號","Address_en":"6 Yee Shun Street, Chai Wan"}},{"type":"Feature","geometry":{"type":"Point","coordinates":[114.24955776108845,22.26365221484129]},"properties":{"Name":"小西灣體育館","Name_tc":"小西灣體育館","Name_en":"Siu Sai Wan Sports Centre","Type_tc":"體育館","Type_en":"Sports Centres","District_tc":"東區","District_en":"EASTERN","Address_tc":"香港小西灣道15號小西灣綜合大樓二至四樓","Address_en":"2/F - 4/F, Siu Sai Wan Complex, 15 Siu Sai Wan Road, Hong Kong"}},{"type":"Feature","geometry":{"type":"Point","coordinates":[114.15347017786237,22.337965293354284]},"properties":{"Name":"長沙灣體育館","Name_tc":"長沙灣體育館","Name_en":"Cheung Sha Wan Sports Centre","Type_tc":"體育館","Type_en":"Sports Centres","District_tc":"深水埗","District_en":"SHAM SHUI PO","Address_tc":"深水埗興華街與長沙灣道交界","Address_en":"J/O Hing Wah Street & Cheung Sha Wan Road, Sham Shui Po"}},{"type":"Feature","geometry":{"type":"Point","coordinates":[114.16995777370894,22.301858905262524]},"properties":{"Name":"九龍公園體育館","Name_tc":"九龍公園體育館","Name_en":"Kowloon Park Sports Centre","Type_tc":"體育館","Type_en":"Sports Centres","District_tc":"油尖旺","District_en":"YAU TSIM MONG","Address_tc":"尖沙咀柯士甸道22號","Address_en":"22 Austin Road, Tsim Sha Tsui"}},{"type":"Feature","geometry":{"type":"Point","coordinates":[114.1554161665567,22.244480530574844]},"properties":{"Name":"鴨脷洲體育館","Name_tc":"鴨脷洲體育館","Name_en":"Ap Lei Chau Sports Centre","Type_tc":"體育館","Type_en":"Sports Centres","District_tc":"南區","District_en":"SOUTHERN","Address_tc":"鴨脷洲洪聖街8號","Address_en":"8 Hung Shing Street, Apleichau"}},{"type":"Feature","geometry":{"type":"Point","coordinates":[113.99647877074007,22.266985582333962]},"properties":{"Name":"梅窩體育館","Name_tc":"梅窩體育館","Name_en":"Mui Wo Sports Centre","Type_tc":"體育館","Type_en":"Sports Centres","District_tc":"離島","District_en":"ISLANDS","Address_tc":"大嶼山銀石街9號梅窩市政大廈一樓","Address_en":"1/F, Mui Wo Municipal Services Building, 9 Ngan Shek Street, Lantau Island"}},{"type":"Feature","geometry":{"type":"Point","coordinates":[114.18124181173924,22.311967853690742]},"properties":{"Name":"何文田體育館","Name_tc":"何文田體育館","Name_en":"Ho Man Tin Sports Centre","Type_tc":"體育館","Type_en":"Sports Centres","District_tc":"九龍城","District_en":"KOWLOON CITY","Address_tc":"九龍何文田忠義街1號","Address_en":"1 Chung Yee street, Ho Man Tin"}},{"type":"Feature","geometry":{"type":"Point","coordinates":[114.1224907235207,22.37231911465376]},"properties":{"Name":"蕙荃體育館","Name_tc":"蕙荃體育館","Name_en":"Wai Tsuen Sports Centre","Type_tc":"體育館","Type_en":"Sports Centres","District_tc":"荃灣","District_en":"TSUEN WAN","Address_tc":"荃灣廟崗街6號","Address_en":"6 Miu Kong Street, Tsuen Wan"}},{"type":"Feature","geometry":{"type":"Point","coordinates":[114.17339161919955,22.249737756522393]},"properties":{"Name":"黃竹坑體育館","Name_tc":"黃竹坑體育館","Name_en":"Wong Chuk Hang Sports Centre","Type_tc":"體育館","Type_en":"Sports Centres","District_tc":"南區","District_en":"SOUTHERN","Address_tc":"黃竹坑道168號","Address_en":"168 Wong Chuk Hang Road, Aberdeen"}},{"type":"Feature","geometry":{"type":"Point","coordinates":[113.99797587194526,22.454767790878094]},"properties":{"Name":"天瑞體育館","Name_tc":"天瑞體育館","Name_en":"Tin Shui Sports Centre","Type_tc":"體育館","Type_en":"Sports Centres","District_tc":"元朗","District_en":"YUEN LONG","Address_tc":"天水圍天瑞路7號","Address_en":"7 Tin Shui Road, Tin Shui Wai, Yuen Long"}},{"type":"Feature","geometry":{"type":"Point","coordinates":[114.12767481143062,22.349856387092263]},"properties":{"Name":"荔景體育館","Name_tc":"荔景體育館","Name_en":"Lai King Sports Centre","Type_tc":"體育館","Type_en":"Sports Centres","District_tc":"葵青","District_en":"KWAI TSING","Address_tc":"葵涌荔景麗祖路60號","Address_en":"60 Lai Cho Road, Lai King, Kwai Chung"}},{"type":"Feature","geometry":{"type":"Point","coordinates":[114.12494998778874,22.37019864929516]},"properties":{"Name":"大窩口體育館","Name_tc":"大窩口體育館","Name_en":"Tai Wo Hau Sports Centre","Type_tc":"體育館","Type_en":"Sports Centres","District_tc":"葵青","District_en":"KWAI TSING","Address_tc":"葵涌大窩口大廈街39號","Address_en":"39 Tai Ha Street, Tai Wo Hau, Kwai Chung"}},{"type":"Feature","geometry":{"type":"Point","coordinates":[113.97307181501795,22.403382205190095]},"properties":{"Name":"大興體育館","Name_tc":"大興體育館","Name_en":"Tai Hing Sports Centre","Type_tc":"體育館","Type_en":"Sports Centres","District_tc":"屯門","District_en":"TUEN MUN","Address_tc":"屯門青松觀路38號","Address_en":"38 Tsing Chung Koon Road, Tuen Mun"}},{"type":"Feature","geometry":{"type":"Point","coordinates":[114.23884010191323,22.303864638286637]},"properties":{"Name":"藍田(南)體育館","Name_tc":"藍田(南)體育館","Name_en":"Lam Tin South Sports Centre","Type_tc":"體育館","Type_en":"Sports Centres","District_tc":"觀塘","District_en":"KWUN TONG","Address_tc":"觀塘藍田碧雲道170號","Address_en":"170 Pik Wan Road, Lam Tin, Kwun Tong"}},{"type":"Feature","geometry":{"type":"Point","coordinates":[114.21220798827406,22.21915603390943]},"properties":{"Name":"赤柱體育館","Name_tc":"赤柱體育館","Name_en":"Stanley Sports Centre","Type_tc":"體育館","Type_en":"Sports Centres","District_tc":"南區","District_en":"SOUTHERN","Address_tc":"赤柱市場道6號","Address_en":"U/G, 6 Stanley Maket Road, Stanley"}},{"type":"Feature","geometry":{"type":"Point","coordinates":[114.20159035518759,22.345460458250898]},"properties":{"Name":"蒲崗村道體育館","Name_tc":"蒲崗村道體育館","Name_en":"Po Kong Village Road Sports Centre","Type_tc":"體育館","Type_en":"Sports Centres","District_tc":"黃大仙","District_en":"WONG TAI SIN","Address_tc":"黃大仙蒲崗村道120號","Address_en":"120 Po Kong Village Road, Wong Tai Sin"}},{"type":"Feature","geometry":{"type":"Point","coordinates":[114.15739181739991,22.338618721718095]},"properties":{"Name":"保安道體育館","Name_tc":"保安道體育館","Name_en":"Po On Road Sports Centre","Type_tc":"體育館","Type_en":"Sports Centres","District_tc":"深水埗","District_en":"SHAM SHUI PO","Address_tc":"深水埗保安道325-329號保安道市政大廈2至3樓","Address_en":"1/F & 2/F Po On Road Municipal Services Building, 325-329 Po On Road, Sham Shui Po"}},{"type":"Feature","geometry":{"type":"Point","coordinates":[114.1713402469383,22.36307184073638]},"properties":{"Name":"顯徑體育館","Name_tc":"顯徑體育館","Name_en":"Hin Keng Sports Centre","Type_tc":"體育館","Type_en":"Sports Centres","District_tc":"沙田","District_en":"SHA TIN","Address_tc":"沙田顯徑邨顯徑商場","Address_en":"Hin Keng Commercial Centre, Hin Keng Estate, Sha Tin"}},{"type":"Feature","geometry":{"type":"Point","coordinates":[114.00654449717392,22.455011851397636]},"properties":{"Name":"天水圍體育館","Name_tc":"天水圍體育館","Name_en":"Tin Shui Wai Sports Centre","Type_tc":"體育館","Type_en":"Sports Centres","District_tc":"元朗","District_en":"YUEN LONG","Address_tc":"元朗天水圍天柏路1號","Address_en":"1 Tin Pak Road, Tin Shui Wai, Yuen Long"}},{"type":"Feature","geometry":{"type":"Point","coordinates":[114.24953469482386,22.32222843139667]},"properties":{"Name":"翠林體育館","Name_tc":"翠林體育館","Name_en":"Tsui Lam Sports Centre","Type_tc":"體育館","Type_en":"Sports Centres","District_tc":"西貢","District_en":"SAI KUNG","Address_tc":"西貢將軍澳翠林邨","Address_en":"Tsui Lam Estate, Sai Kung"}},{"type":"Feature","geometry":{"type":"Point","coordinates":[114.25510805348726,22.325856130892397]},"properties":{"Name":"寶林體育館","Name_tc":"寶林體育館","Name_en":"Po Lam Sports Centre","Type_tc":"體育館","Type_en":"Sports Centres","District_tc":"西貢","District_en":"SAI KUNG","Address_tc":"西貢將軍澳寶林邨","Address_en":"Po Lam Estate, Tseung Kwan O, Sai Kung"}},{"type":"Feature","geometry":{"type":"Point","coordinates":[114.10650805956577,22.35420582185272]},"properties":{"Name":"青衣體育館","Name_tc":"青衣體育館","Name_en":"Tsing Yi Sports Centre","Type_tc":"體育館","Type_en":"Sports Centres","District_tc":"葵青","District_en":"KWAI TSING","Address_tc":"青衣青綠街38號青衣市政大廈2樓","Address_en":"2/F, Tsing Yi Municipal Services Building, 38 Tsing Luk Street, Tsing Yi"}},{"type":"Feature","geometry":{"type":"Point","coordinates":[114.2276949526692,22.319798494804257]},"properties":{"Name":"曉光街體育館","Name_tc":"曉光街體育館","Name_en":"Hiu Kwong Street Sports Centre","Type_tc":"體育館","Type_en":"Sports Centres","District_tc":"觀塘","District_en":"KWUN TONG","Address_tc":"觀塘曉光街2號","Address_en":"2 Hiu Kwong Street, Kwun Tong"}},{"type":"Feature","geometry":{"type":"Point","coordinates":[113.97180157661393,22.385459633457245]},"properties":{"Name":"友愛體育館","Name_tc":"友愛體育館","Name_en":"Yau Oi Sports Centre","Type_tc":"體育館","Type_en":"Sports Centres","District_tc":"屯門","District_en":"TUEN MUN","Address_tc":"屯門興安里3號","Address_en":"3 Hing On Lane, Tuen Mun"}},{"type":"Feature","geometry":{"type":"Point","coordinates":[114.19256633694127,22.382938345872972]},"properties":{"Name":"源禾路體育館","Name_tc":"源禾路體育館","Name_en":"Yuen Wo Road Sports Centre","Type_tc":"體育館","Type_en":"Sports Centres","District_tc":"沙田","District_en":"SHA TIN","Address_tc":"沙田源禾路4號","Address_en":"4 Yuen Wo Road, Sha Tin"}},{"type":"Feature","geometry":{"type":"Point","coordinates":[114.17541887862971,22.278075985122783]},"properties":{"Name":"駱克道體育館","Name_tc":"駱克道體育館","Name_en":"Lockhart Road Sports Centre","Type_tc":"體育館","Type_en":"Sports Centres","District_tc":"灣仔","District_en":"WAN CHAI","Address_tc":"灣仔軒尼詩道225號駱克道市政大廈11樓","Address_en":"10/F Lockhart Road Municipal Services Building, 225 Hennessy Road, Wanchai"}},{"type":"Feature","geometry":{"type":"Point","coordinates":[114.16058216917321,22.451001065002128]},"properties":{"Name":"太和體育館","Name_tc":"太和體育館","Name_en":"Tai Wo Sports Centre","Type_tc":"體育館","Type_en":"Sports Centres","District_tc":"大埔","District_en":"TAI PO","Address_tc":"大埔太和邨太和商場平台","Address_en":"Podium Level, Tai Wo Shopping Centre, Tai Wo Estate, Tai Po"}},{"type":"Feature","geometry":{"type":"Point","coordinates":[114.13820962461234,22.34069863753622]},"properties":{"Name":"荔枝角公園體育館","Name_tc":"荔枝角公園體育館","Name_en":"Lai Chi Kok Park Sports Centre","Type_tc":"體育館","Type_en":"Sports Centres","District_tc":"深水埗","District_en":"SHAM SHUI PO","Address_tc":"荔枝角荔灣道1號","Address_en":"1 Lai Wan Road, Lai Chi Kok, Kowloon"}},{"type":"Feature","geometry":{"type":"Point","coordinates":[114.17411525118885,22.45388257320905]},"properties":{"Name":"富善體育館","Name_tc":"富善體育館","Name_en":"Fu Shin Sports Centre","Type_tc":"體育館","Type_en":"Sports Centres","District_tc":"大埔","District_en":"TAI PO","Address_tc":"大埔富善邨多層停車場","Address_en":"Multi Car-Park Building, Fu Shin Estate, Tai Po"}},{"type":"Feature","geometry":{"type":"Point","coordinates":[114.18735589640252,22.307271657391386]},"properties":{"Name":"紅磡市政大廈體育館","Name_tc":"紅磡市政大廈體育館","Name_en":"Hung Hom Municipal Services Building Sports Centre","Type_tc":"體育館","Type_en":"Sports Centres","District_tc":"九龍城","District_en":"KOWLOON CITY","Address_tc":"九龍紅磡馬頭圍道11號紅磡市政大廈3-5樓","Address_en":"3-5/F Hung Hom Municipal Services Building, 11 Ma Tau Wai Road, Hung Hom, Kowloon"}},{"type":"Feature","geometry":{"type":"Point","coordinates":[114.19645377744946,22.337125945881763]},"properties":{"Name":"彩虹道體育館","Name_tc":"彩虹道體育館","Name_en":"Choi Hung Road Sports Centre","Type_tc":"體育館","Type_en":"Sports Centres","District_tc":"黃大仙","District_en":"WONG TAI SIN","Address_tc":"黃大仙雙喜街","Address_en":"Sheung Hei Street, Wong Tai Sin"}},{"type":"Feature","geometry":{"type":"Point","coordinates":[114.18575211659268,22.2689457635741]},"properties":{"Name":"黃泥涌體育館","Name_tc":"黃泥涌體育館","Name_en":"Wong Nai Chung Sports Centre","Type_tc":"體育館","Type_en":"Sports Centres","District_tc":"灣仔","District_en":"WAN CHAI","Address_tc":"跑馬地毓秀街2號黃泥涌市政大廈4字樓","Address_en":"4/F,Wong Nai Chung Municipal Services Building, 2 Yuk Sau Street, Happy Valley"}},{"type":"Feature","geometry":{"type":"Point","coordinates":[114.0330311628528,22.443063279248204]},"properties":{"Name":"鳳琴街體育館","Name_tc":"鳳琴街體育館","Name_en":"Fung Kam Street Sports Centre","Type_tc":"體育館","Type_en":"Sports Centres","District_tc":"元朗","District_en":"YUEN LONG","Address_tc":"元朗攸北街二十號","Address_en":"20 Fung Yau Street North, Yuen Long"}},{"type":"Feature","geometry":{"type":"Point","coordinates":[114.1295242786575,22.361123454520865]},"properties":{"Name":"林士德體育館","Name_tc":"林士德體育館","Name_en":"Osman Ramju Sadick Memorial Sports Centre","Type_tc":"體育館","Type_en":"Sports Centres","District_tc":"葵青","District_en":"KWAI TSING","Address_tc":"葵涌興芳路176號","Address_en":"176 Hing Fong Road, Kwai Chung"}},{"type":"Feature","geometry":{"type":"Point","coordinates":[114.17549554269925,22.379083070604448]},"properties":{"Name":"美林體育館","Name_tc":"美林體育館","Name_en":"Mei Lam Sports Centre","Type_tc":"體育館","Type_en":"Sports Centres","District_tc":"沙田","District_en":"SHA TIN","Address_tc":"沙田大圍美林邨第三期","Address_en":"Mei Lam Estate Phase III, Tai Wai, Sha Tin"}},{"type":"Feature","geometry":{"type":"Point","coordinates":[114.18110602255811,22.314830557881987]},"properties":{"Name":"佛光街體育館","Name_tc":"佛光街體育館","Name_en":"Fat Kwong Street Sports Centre","Type_tc":"體育館","Type_en":"Sports Centres","District_tc":"九龍城","District_en":"KOWLOON CITY","Address_tc":"何文田牧愛街18號","Address_en":"18 Good Shepherd Street, Ho Man Tin"}},{"type":"Feature","geometry":{"type":"Point","coordinates":[113.96508485069445,22.406604843773188]},"properties":{"Name":"良田體育館","Name_tc":"良田體育館","Name_en":"Leung Tin Sports Centre","Type_tc":"體育館","Type_en":"Sports Centres","District_tc":"屯門","District_en":"TUEN MUN","Address_tc":"屯門田景邨停車場四字褸","Address_en":"4/F, Carpark Building, Tin King Estate, Tuen Mun"}},{"type":"Feature","geometry":{"type":"Point","coordinates":[114.16489530346834,22.45533605566046]},"properties":{"Name":"大埔體育館","Name_tc":"大埔體育館","Name_en":"Tai Po Sports Centre","Type_tc":"體育館","Type_en":"Sports Centres","District_tc":"大埔","District_en":"TAI PO","Address_tc":"大埔汀太路13號","Address_en":"13 Ting Tai Road, Tai Po"}},{"type":"Feature","geometry":{"type":"Point","coordinates":[114.1888912288769,22.329640335325067]},"properties":{"Name":"九龍城體育館","Name_tc":"九龍城體育館","Name_en":"Kowloon City Sports Centre","Type_tc":"體育館","Type_en":"Sports Centres","District_tc":"九龍城","District_en":"KOWLOON CITY","Address_tc":"九龍城衙前圍道100號市政大廈三樓","Address_en":"3/F, Kln City Municipal Services Building, 100 Nga Tsin Wai Road, Kowloon City"}},{"type":"Feature","geometry":{"type":"Point","coordinates":[114.19351349660572,22.345524705275583]},"properties":{"Name":"竹園體育館","Name_tc":"竹園體育館","Name_en":"Chuk Yuen Sports Centre","Type_tc":"體育館","Type_en":"Sports Centres","District_tc":"黃大仙","District_en":"WONG TAI SIN","Address_tc":"黃大仙竹園道竹園北村","Address_en":"Chuk Yuen North Estate, Chuk Yuen Road, Wong Tai Sin"}},{"type":"Feature","geometry":{"type":"Point","coordinates":[114.10050912802897,22.370477043206197]},"properties":{"Name":"荃灣西約體育館","Name_tc":"荃灣西約體育館","Name_en":"Tsuen Wan West Sports Centre","Type_tc":"體育館","Type_en":"Sports Centres","District_tc":"荃灣","District_en":"TSUEN WAN","Address_tc":"荃灣海安路68號","Address_en":"68 Hoi On Road, Tsuen Wan"}},{"type":"Feature","geometry":{"type":"Point","coordinates":[114.22955967286909,22.426024052686053]},"properties":{"Name":"馬鞍山體育館","Name_tc":"馬鞍山體育館","Name_en":"Ma On Shan Sports Centre","Type_tc":"體育館","Type_en":"Sports Centres","District_tc":"沙田","District_en":"SHA TIN","Address_tc":"馬鞍山鞍駿街14號","Address_en":"14 On Chun Street, Ma On Shan, Shatin"}},{"type":"Feature","geometry":{"type":"Point","coordinates":[114.0380549646042,22.284888992711625]},"properties":{"Name":"坪洲體育館","Name_tc":"坪洲體育館","Name_en":"Peng Chau Sports Centre","Type_tc":"體育館","Type_en":"Sports Centres","District_tc":"離島","District_en":"ISLANDS","Address_tc":"坪洲寶坪街6號坪洲市政大廈","Address_en":"Peng Chau Municipal Services Building, 6 Po Peng Street, Peng Chau"}},{"type":"Feature","geometry":{"type":"Point","coordinates":[114.11452059779198,22.368993005891944]},"properties":{"Name":"楊屋道體育館","Name_tc":"楊屋道體育館","Name_en":"Yeung Uk Road Sports Centre","Type_tc":"體育館","Type_en":"Sports Centres","District_tc":"荃灣","District_en":"TSUEN WAN","Address_tc":"荃灣楊屋道45號楊屋道市政大廈四樓","Address_en":"4/F Yeung Uk Road Municipal Services Building, 45 Yeung Uk Road, Tsuen Wan"}},{"type":"Feature","geometry":{"type":"Point","coordinates":[114.20963554523489,22.334550099544174]},"properties":{"Name":"牛池灣體育館","Name_tc":"牛池灣體育館","Name_en":"Ngau Chi Wan Sports Centre","Type_tc":"體育館","Type_en":"Sports Centres","District_tc":"黃大仙","District_en":"WONG TAI SIN","Address_tc":"九龍清水灣道11號牛池灣市政大廈1樓","Address_en":"1/F, Ngau Chi Wan Municipal Services Building, 11 Clear Water Bay Road, Kowloon"}},{"type":"Feature","geometry":{"type":"Point","coordinates":[114.1709146332977,22.32559497383458]},"properties":{"Name":"界限街一號體育館","Name_tc":"界限街一號體育館","Name_en":"Boundary Street Sports Centre No. 1","Type_tc":"體育館","Type_en":"Sports Centres","District_tc":"油尖旺","District_en":"YAU TSIM MONG","Address_tc":"太子洗衣街200號","Address_en":"200 Sai Yee Street, Mong Kok"}},{"type":"Feature","geometry":{"type":"Point","coordinates":[114.17052635549824,22.326082610911477]},"properties":{"Name":"界限街二號體育館","Name_tc":"界限街二號體育館","Name_en":"Boundary Street Sports Centre No. 2","Type_tc":"體育館","Type_en":"Sports Centres","District_tc":"油尖旺","District_en":"YAU TSIM MONG","Address_tc":"太子洗衣街200號","Address_en":"200 Sai Yee Street, Mong Kok"}},{"type":"Feature","geometry":{"type":"Point","coordinates":[114.16996283382996,22.33728953873014]},"properties":{"Name":"石硤尾公園體育館","Name_tc":"石硤尾公園體育館","Name_en":"Shek Kip Mei Park Sports Centre","Type_tc":"體育館","Type_en":"Sports Centres","District_tc":"深水埗","District_en":"SHAM SHUI PO","Address_tc":"石硤尾南昌街290號","Address_en":"290 Nam Cheong Street, Shek Kip Mei"}},{"type":"Feature","geometry":{"type":"Point","coordinates":[114.20055972214212,22.33595142191096]},"properties":{"Name":"東啟德體育館","Name_tc":"東啟德體育館","Name_en":"Kai Tak East Sports Centre","Type_tc":"體育館","Type_en":"Sports Centres","District_tc":"黃大仙","District_en":"WONG TAI SIN","Address_tc":"新蒲崗六合街30號","Address_en":"30 Luk Hop Street, San Po Kong"}},{"type":"Feature","geometry":{"type":"Point","coordinates":[114.1627907502179,22.321882901562272]},"properties":{"Name":"大角咀體育館","Name_tc":"大角咀體育館","Name_en":"Tai Kok Tsui Sports Centre","Type_tc":"體育館","Type_en":"Sports Centres","District_tc":"油尖旺","District_en":"YAU TSIM MONG","Address_tc":"九龍大角咀福全街63號大角咀市政大廈五樓至七樓","Address_en":"5-7/F., Tai Kok Tsui Municipal Services Building, 63 Fuk Tsun Street, Tai Kok Tsui"}},{"type":"Feature","geometry":{"type":"Point","coordinates":[114.23867962803764,22.29206168612662]},"properties":{"Name":"鯉魚門體育館","Name_tc":"鯉魚門體育館","Name_en":"Lei Yue Mun Sports Centre","Type_tc":"體育館","Type_en":"Sports Centres","District_tc":"觀塘","District_en":"KWUN TONG","Address_tc":"九龍油塘鯉魚門市政大廈二樓至五樓","Address_en":"2/F to 5/F of Lei Yue Mun Municipal Services Building, Yau Tong, Kowloon"}},{"type":"Feature","geometry":{"type":"Point","coordinates":[114.16825637262646,22.30443616106028]},"properties":{"Name":"官涌體育館","Name_tc":"官涌體育館","Name_en":"Kwun Chung Sports Centre","Type_tc":"體育館","Type_en":"Sports Centres","District_tc":"油尖旺","District_en":"YAU TSIM MONG","Address_tc":"佐敦寶靈街17號官涌市政大廈五樓至七樓","Address_en":"5/F - 7/F, 17 Bowring Street, Jordon"}},{"type":"Feature","geometry":{"type":"Point","coordinates":[114.22543688135755,22.329687679549068]},"properties":{"Name":"順利邨體育館","Name_tc":"順利邨體育館","Name_en":"Shun Lee Tsuen Sports Centre","Type_tc":"體育館","Type_en":"Sports Centres","District_tc":"觀塘","District_en":"KWUN TONG","Address_tc":"觀塘順利邨道","Address_en":"Shun Lee Tsuen Road, Kwun Tong"}},{"type":"Feature","geometry":{"type":"Point","coordinates":[113.96469986899176,22.378691162334388]},"properties":{"Name":"賽馬會屯門蝴蝶灣體育館","Name_tc":"賽馬會屯門蝴蝶灣體育館","Name_en":"The Jockey Club Tuen Mun Butterfly Beach Sports Centre","Type_tc":"體育館","Type_en":"Sports Centres","District_tc":"屯門","District_en":"TUEN MUN","Address_tc":"屯門湖山道","Address_en":"Wu Shan Road, Tuen Mun"}},{"type":"Feature","geometry":{"type":"Point","coordinates":[114.25962607630943,22.317103248730046]},"properties":{"Name":"將軍澳體育館","Name_tc":"將軍澳體育館","Name_en":"Tseung Kwan O Sports Centre","Type_tc":"體育館","Type_en":"Sports Centres","District_tc":"西貢","District_en":"SAI KUNG","Address_tc":"西貢將軍澳運隆路9號","Address_en":"9 Wan Lung Road, Tseung Kwan O, Sai Kung"}},{"type":"Feature","geometry":{"type":"Point","coordinates":[114.21123531799795,22.326864743487327]},"properties":{"Name":"九龍灣體育館","Name_tc":"九龍灣體育館","Name_en":"Kowloon Bay Sports Centre","Type_tc":"體育館","Type_en":"Sports Centres","District_tc":"觀塘","District_en":"KWUN TONG","Address_tc":"九龍灣啟樂街15號","Address_en":"15 Kai Lok Street, Kowloon Bay"}},{"type":"Feature","geometry":{"type":"Point","coordinates":[114.102692965368,22.35548103990403]},"properties":{"Name":"楓樹窩體育館","Name_tc":"楓樹窩體育館","Name_en":"Fung Shue Wo Sports Centre","Type_tc":"體育館","Type_en":"Sports Centres","District_tc":"葵青","District_en":"KWAI TSING","Address_tc":"青衣楓樹窩路10號青衣邨第二期","Address_en":"10 Fung Shue Wo Road, Tsing Yi Estate, Phase II, Tsing Yi"}},{"type":"Feature","geometry":{"type":"Point","coordinates":[114.22051334950343,22.32247364355113]},"properties":{"Name":"振華道體育館","Name_tc":"振華道體育館","Name_en":"Chun Wah Road Sports Centre","Type_tc":"體育館","Type_en":"Sports Centres","District_tc":"觀塘","District_en":"KWUN TONG","Address_tc":"觀塘牛頭角振華道50號樂雅苑停車場頂樓","Address_en":"Top Floor, Lok Nga Court Carpark, 50 Chun Wah Road, Ngau Tau Kok, Kwun Tong"}},{"type":"Feature","geometry":{"type":"Point","coordinates":[114.13060000000007,22.506300000000067]},"properties":{"Name":"網球場（未命名）","Type_tc":"網球場","Type_en":"Tennis Courts"}},{"type":"Feature","geometry":{"type":"Point","coordinates":[114.19060000000002,22.280500000000075]},"properties":{"Name":"網球場（未命名）","Type_tc":"網球場","Type_en":"Tennis Courts"}},{"type":"Feature","geometry":{"type":"Point","coordinates":[114.1812000000001,22.31200000000007]},"properties":{"Name":"網球場（未命名）","Type_tc":"網球場","Type_en":"Tennis Courts"}},{"type":"Feature","geometry":{"type":"Point","coordinates":[114.13760000000002,22.37390000000005]},"properties":{"Name":"網球場（未命名）","Type_tc":"網球場","Type_en":"Tennis Courts"}},{"type":"Feature","geometry":{"type":"Point","coordinates":[114.14310000000012,22.484800000000064]},"properties":{"Name":"網球場（未命名）","Type_tc":"網球場","Type_en":"Tennis Courts"}},{"type":"Feature","geometry":{"type":"Point","coordinates":[114.23850000000004,22.266300000000058]},"properties":{"Name":"網球場（未命名）","Type_tc":"網球場","Type_en":"Tennis Courts"}},{"type":"Feature","geometry":{"type":"Point","coordinates":[114.25300000000004,22.325000000000045]},"properties":{"Name":"網球場（未命名）","Type_tc":"網球場","Type_en":"Tennis Courts"}},{"type":"Feature","geometry":{"type":"Point","coordinates":[114.1128000000001,22.36710000000005]},"properties":{"Name":"網球場（未命名）","Type_tc":"網球場","Type_en":"Tennis Courts"}},{"type":"Feature","geometry":{"type":"Point","coordinates":[114.13700000000006,22.339500000000044]},"properties":{"Name":"網球場（未命名）","Type_tc":"網球場","Type_en":"Tennis Courts"}},{"type":"Feature","geometry":{"type":"Point","coordinates":[114.18820000000005,22.28260000000006]},"properties":{"Name":"網球場（未命名）","Type_tc":"網球場","Type_en":"Tennis Courts"}},{"type":"Feature","geometry":{"type":"Point","coordinates":[114.10590000000002,22.356200000000058]},"properties":{"Name":"網球場（未命名）","Type_tc":"網球場","Type_en":"Tennis Courts"}},{"type":"Feature","geometry":{"type":"Point","coordinates":[114.21550000000002,22.288400000000024]},"properties":{"Name":"網球場（未命名）","Type_tc":"網球場","Type_en":"Tennis Courts"}},{"type":"Feature","geometry":{"type":"Point","coordinates":[114.00350000000003,22.455700000000036]},"properties":{"Name":"網球場（未命名）","Type_tc":"網球場","Type_en":"Tennis Courts"}},{"type":"Feature","geometry":{"type":"Point","coordinates":[114.12510000000009,22.374700000000075]},"properties":{"Name":"網球場（未命名）","Type_tc":"網球場","Type_en":"Tennis Courts"}},{"type":"Feature","geometry":{"type":"Point","coordinates":[114.17100000000005,22.338600000000042]},"properties":{"Name":"網球場（未命名）","Type_tc":"網球場","Type_en":"Tennis Courts"}},{"type":"Feature","geometry":{"type":"Point","coordinates":[114.11220000000003,22.36340000000007]},"properties":{"Name":"網球場（未命名）","Type_tc":"網球場","Type_en":"Tennis Courts"}},{"type":"Feature","geometry":{"type":"Point","coordinates":[113.97320000000002,22.404400000000066]},"properties":{"Name":"網球場（未命名）","Type_tc":"網球場","Type_en":"Tennis Courts"}},{"type":"Feature","geometry":{"type":"Point","coordinates":[114.18600000000004,22.322500000000048]},"properties":{"Name":"網球場（未命名）","Type_tc":"網球場","Type_en":"Tennis Courts"}},{"type":"Feature","geometry":{"type":"Point","coordinates":[114.27520000000004,22.383000000000038]},"properties":{"Name":"網球場（未命名）","Type_tc":"網球場","Type_en":"Tennis Courts"}},{"type":"Feature","geometry":{"type":"Point","coordinates":[114.02720000000011,22.44160000000005]},"properties":{"Name":"網球場（未命名）","Type_tc":"網球場","Type_en":"Tennis Courts"}},{"type":"Feature","geometry":{"type":"Point","coordinates":[113.9679000000001,22.376600000000053]},"properties":{"Name":"網球場（未命名）","Type_tc":"網球場","Type_en":"Tennis Courts"}},{"type":"Feature","geometry":{"type":"Point","coordinates":[114.16120000000001,22.455800000000067]},"properties":{"Name":"網球場（未命名）","Type_tc":"網球場","Type_en":"Tennis Courts"}},{"type":"Feature","geometry":{"type":"Point","coordinates":[114.15980000000002,22.247600000000034]},"properties":{"Name":"網球場（未命名）","Type_tc":"網球場","Type_en":"Tennis Courts"}},{"type":"Feature","geometry":{"type":"Point","coordinates":[114.16680000000008,22.274500000000046]},"properties":{"Name":"網球場（未命名）","Type_tc":"網球場","Type_en":"Tennis Courts"}},{"type":"Feature","geometry":{"type":"Point","coordinates":[114.19260000000008,22.260200000000054]},"properties":{"Name":"網球場（未命名）","Type_tc":"網球場","Type_en":"Tennis Courts"}},{"type":"Feature","geometry":{"type":"Point","coordinates":[114.14190000000008,22.36770000000007]},"properties":{"Name":"網球場（未命名）","Type_tc":"網球場","Type_en":"Tennis Courts"}},{"type":"Feature","geometry":{"type":"Point","coordinates":[114.23450000000003,22.303600000000074]},"properties":{"Name":"網球場（未命名）","Type_tc":"網球場","Type_en":"Tennis Courts"}},{"type":"Feature","geometry":{"type":"Point","coordinates":[114.22490000000005,22.330200000000048]},"properties":{"Name":"網球場（未命名）","Type_tc":"網球場","Type_en":"Tennis Courts"}},{"type":"Feature","geometry":{"type":"Point","coordinates":[114.1717000000001,22.36510000000004]},"properties":{"Name":"網球場（未命名）","Type_tc":"網球場","Type_en":"Tennis Courts"}},{"type":"Feature","geometry":{"type":"Point","coordinates":[114.19050000000004,22.33600000000007]},"properties":{"Name":"網球場（未命名）","Type_tc":"網球場","Type_en":"Tennis Courts"}},{"type":"Feature","geometry":{"type":"Point","coordinates":[114.16610000000003,22.315600000000074]},"properties":{"Name":"網球場（未命名）","Type_tc":"網球場","Type_en":"Tennis Courts"}},{"type":"Feature","geometry":{"type":"Point","coordinates":[114.21180000000004,22.332400000000064]},"properties":{"Name":"網球場（未命名）","Type_tc":"網球場","Type_en":"Tennis Courts"}},{"type":"Feature","geometry":{"type":"Point","coordinates":[114.2315000000001,22.315900000000056]},"properties":{"Name":"網球場（未命名）","Type_tc":"網球場","Type_en":"Tennis Courts"}},{"type":"Feature","geometry":{"type":"Point","coordinates":[114.11350000000004,22.372100000000046]},"properties":{"Name":"網球場（未命名）","Type_tc":"網球場","Type_en":"Tennis Courts"}},{"type":"Feature","geometry":{"type":"Point","coordinates":[114.1603,22.32540000000006]},"properties":{"Name":"網球場（未命名）","Type_tc":"網球場","Type_en":"Tennis Courts"}},{"type":"Feature","geometry":{"type":"Point","coordinates":[114.19590000000005,22.337300000000027]},"properties":{"Name":"網球場（未命名）","Type_tc":"網球場","Type_en":"Tennis Courts"}},{"type":"Feature","geometry":{"type":"Point","coordinates":[114.19350000000009,22.33110000000005]},"properties":{"Name":"網球場（未命名）","Type_tc":"網球場","Type_en":"Tennis Courts"}},{"type":"Feature","geometry":{"type":"Point","coordinates":[114.18970000000002,22.374300000000062]},"properties":{"Name":"網球場（未命名）","Type_tc":"網球場","Type_en":"Tennis Courts"}},{"type":"Feature","geometry":{"type":"Point","coordinates":[114.12520000000006,22.361200000000053]},"properties":{"Name":"網球場（未命名）","Type_tc":"網球場","Type_en":"Tennis Courts"}},{"type":"Feature","geometry":{"type":"Point","coordinates":[114.21870000000001,22.32490000000007]},"properties":{"Name":"網球場（未命名）","Type_tc":"網球場","Type_en":"Tennis Courts"}},{"type":"Feature","geometry":{"type":"Point","coordinates":[114.18390000000011,22.318400000000054]},"properties":{"Name":"網球場（未命名）","Type_tc":"網球場","Type_en":"Tennis Courts"}},{"type":"Feature","geometry":{"type":"Point","coordinates":[114.10800000000006,22.343900000000076]},"properties":{"Name":"網球場（未命名）","Type_tc":"網球場","Type_en":"Tennis Courts"}},{"type":"Feature","geometry":{"type":"Point","coordinates":[114.2228,22.28640000000007]},"properties":{"Name":"網球場（未命名）","Type_tc":"網球場","Type_en":"Tennis Courts"}},{"type":"Feature","geometry":{"type":"Point","coordinates":[114.22400000000005,22.320200000000057]},"properties":{"Name":"網球場（未命名）","Type_tc":"網球場","Type_en":"Tennis Courts"}},{"type":"Feature","geometry":{"type":"Point","coordinates":[114.22800000000007,22.419400000000053]},"properties":{"Name":"網球場（未命名）","Type_tc":"網球場","Type_en":"Tennis Courts"}},{"type":"Feature","geometry":{"type":"Point","coordinates":[114.20480000000009,22.388100000000065]},"properties":{"Name":"網球場（未命名）","Type_tc":"網球場","Type_en":"Tennis Courts"}},{"type":"Feature","geometry":{"type":"Point","coordinates":[114.18390000000011,22.339200000000062]},"properties":{"Name":"網球場（未命名）","Type_tc":"網球場","Type_en":"Tennis Courts"}},{"type":"Feature","geometry":{"type":"Point","coordinates":[114.19540000000006,22.385600000000068]},"properties":{"Name":"網球場（未命名）","Type_tc":"網球場","Type_en":"Tennis Courts"}},{"type":"Feature","geometry":{"type":"Point","coordinates":[114.02510000000007,22.204300000000046]},"properties":{"Name":"網球場（未命名）","Type_tc":"網球場","Type_en":"Tennis Courts"}},{"type":"Feature","geometry":{"type":"Point","coordinates":[114.17370000000005,22.310700000000054]},"properties":{"Name":"網球場（未命名）","Type_tc":"網球場","Type_en":"Tennis Courts"}},{"type":"Feature","geometry":{"type":"Point","coordinates":[113.98020000000008,22.384600000000034]},"properties":{"Name":"網球場（未命名）","Type_tc":"網球場","Type_en":"Tennis Courts"}},{"type":"Feature","geometry":{"type":"Point","coordinates":[114.10630000000003,22.379400000000032]},"properties":{"Name":"網球場（未命名）","Type_tc":"網球場","Type_en":"Tennis Courts"}},{"type":"Feature","geometry":{"type":"Point","coordinates":[114.16930000000002,22.445700000000045]},"properties":{"Name":"網球場（未命名）","Type_tc":"網球場","Type_en":"Tennis Courts"}},{"type":"Feature","geometry":{"type":"Point","coordinates":[114.17000000000007,22.44990000000007]},"properties":{"Name":"羽毛球場（未命名）","Type_tc":"羽毛球場","Type_en":"Badminton Courts"}},{"type":"Feature","geometry":{"type":"Point","coordinates":[114.14910000000009,22.33050000000003]},"properties":{"Name":"羽毛球場（未命名）","Type_tc":"羽毛球場","Type_en":"Badminton Courts"}},{"type":"Feature","geometry":{"type":"Point","coordinates":[114.16640000000007,22.446300000000065]},"properties":{"Name":"羽毛球場（未命名）","Type_tc":"羽毛球場","Type_en":"Badminton Courts"}},{"type":"Feature","geometry":{"type":"Point","coordinates":[114.22230000000002,22.284700000000043]},"properties":{"Name":"羽毛球場（未命名）","Type_tc":"羽毛球場","Type_en":"Badminton Courts"}},{"type":"Feature","geometry":{"type":"Point","coordinates":[114.21650000000011,22.329400000000078]},"properties":{"Name":"羽毛球場（未命名）","Type_tc":"羽毛球場","Type_en":"Badminton Courts"}},{"type":"Feature","geometry":{"type":"Point","coordinates":[114.10270000000003,22.362500000000068]},"properties":{"Name":"羽毛球場（未命名）","Type_tc":"羽毛球場","Type_en":"Badminton Courts"}},{"type":"Feature","geometry":{"type":"Point","coordinates":[114.18560000000002,22.372200000000078]},"properties":{"Name":"羽毛球場（未命名）","Type_tc":"羽毛球場","Type_en":"Badminton Courts"}},{"type":"Feature","geometry":{"type":"Point","coordinates":[113.9792000000001,22.384300000000053]},"properties":{"Name":"羽毛球場（未命名）","Type_tc":"羽毛球場","Type_en":"Badminton Courts"}},{"type":"Feature","geometry":{"type":"Point","coordinates":[114.15930000000003,22.277300000000025]},"properties":{"Name":"羽毛球場（未命名）","Type_tc":"羽毛球場","Type_en":"Badminton Courts"}},{"type":"Feature","geometry":{"type":"Point","coordinates":[114.11260000000004,22.366000000000042]},"properties":{"Name":"羽毛球場（未命名）","Type_tc":"羽毛球場","Type_en":"Badminton Courts"}},{"type":"Feature","geometry":{"type":"Point","coordinates":[114.14960000000008,22.286000000000058]},"properties":{"Name":"羽毛球場（未命名）","Type_tc":"羽毛球場","Type_en":"Badminton Courts"}},{"type":"Feature","geometry":{"type":"Point","coordinates":[114.13610000000006,22.285700000000077]},"properties":{"Name":"羽毛球場（未命名）","Type_tc":"羽毛球場","Type_en":"Badminton Courts"}},{"type":"Feature","geometry":{"type":"Point","coordinates":[114.1286,22.281900000000064]},"properties":{"Name":"羽毛球場（未命名）","Type_tc":"羽毛球場","Type_en":"Badminton Courts"}},{"type":"Feature","geometry":{"type":"Point","coordinates":[114.14350000000002,22.290200000000027]},"properties":{"Name":"羽毛球場（未命名）","Type_tc":"羽毛球場","Type_en":"Badminton Courts"}},{"type":"Feature","geometry":{"type":"Point","coordinates":[114.02320000000009,22.450300000000027]},"properties":{"Name":"羽毛球場（未命名）","Type_tc":"羽毛球場","Type_en":"Badminton Courts"}},{"type":"Feature","geometry":{"type":"Point","coordinates":[114.02390000000003,22.441500000000076]},"properties":{"Name":"羽毛球場（未命名）","Type_tc":"羽毛球場","Type_en":"Badminton Courts"}},{"type":"Feature","geometry":{"type":"Point","coordinates":[114.10210000000006,22.351500000000044]},"properties":{"Name":"羽毛球場（未命名）","Type_tc":"羽毛球場","Type_en":"Badminton Courts"}},{"type":"Feature","geometry":{"type":"Point","coordinates":[114.1767000000001,22.281300000000044]},"properties":{"Name":"羽毛球場（未命名）","Type_tc":"羽毛球場","Type_en":"Badminton Courts"}},{"type":"Feature","geometry":{"type":"Point","coordinates":[114.11120000000005,22.37770000000006]},"properties":{"Name":"羽毛球場（未命名）","Type_tc":"羽毛球場","Type_en":"Badminton Courts"}},{"type":"Feature","geometry":{"type":"Point","coordinates":[114.22790000000009,22.41670000000005]},"properties":{"Name":"羽毛球場（未命名）","Type_tc":"羽毛球場","Type_en":"Badminton Courts"}},{"type":"Feature","geometry":{"type":"Point","coordinates":[113.99700000000007,22.464800000000025]},"properties":{"Name":"羽毛球場（未命名）","Type_tc":"羽毛球場","Type_en":"Badminton Courts"}},{"type":"Feature","geometry":{"type":"Point","coordinates":[114.26820000000009,22.31720000000007]},"properties":{"Name":"羽毛球場（未命名）","Type_tc":"羽毛球場","Type_en":"Badminton Courts"}},{"type":"Feature","geometry":{"type":"Point","coordinates":[114.12830000000008,22.49700000000007]},"properties":{"Name":"羽毛球場（未命名）","Type_tc":"羽毛球場","Type_en":"Badminton Courts"}},{"type":"Feature","geometry":{"type":"Point","coordinates":[114.00470000000007,22.447400000000073]},"properties":{"Name":"羽毛球場（未命名）","Type_tc":"羽毛球場","Type_en":"Badminton Courts"}},{"type":"Feature","geometry":{"type":"Point","coordinates":[114.23990000000003,22.26490000000007]},"properties":{"Name":"羽毛球場（未命名）","Type_tc":"羽毛球場","Type_en":"Badminton Courts"}},{"type":"Feature","geometry":{"type":"Point","coordinates":[114.2496000000001,22.26370000000003]},"properties":{"Name":"羽毛球場（未命名）","Type_tc":"羽毛球場","Type_en":"Badminton Courts"}},{"type":"Feature","geometry":{"type":"Point","coordinates":[114.17140000000006,22.458300000000065]},"properties":{"Name":"羽毛球場（未命名）","Type_tc":"羽毛球場","Type_en":"Badminton Courts"}},{"type":"Feature","geometry":{"type":"Point","coordinates":[114.22270000000003,22.28210000000007]},"properties":{"Name":"羽毛球場（未命名）","Type_tc":"羽毛球場","Type_en":"Badminton Courts"}},{"type":"Feature","geometry":{"type":"Point","coordinates":[114.15350000000001,22.338000000000022]},"properties":{"Name":"羽毛球場（未命名）","Type_tc":"羽毛球場","Type_en":"Badminton Courts"}},{"type":"Feature","geometry":{"type":"Point","coordinates":[113.94380000000001,22.29060000000004]},"properties":{"Name":"羽毛球場（未命名）","Type_tc":"羽毛球場","Type_en":"Badminton Courts"}},{"type":"Feature","geometry":{"type":"Point","coordinates":[114.17000000000007,22.301900000000046]},"properties":{"Name":"羽毛球場（未命名）","Type_tc":"羽毛球場","Type_en":"Badminton Courts"}},{"type":"Feature","geometry":{"type":"Point","coordinates":[114.1554000000001,22.244500000000073]},"properties":{"Name":"羽毛球場（未命名）","Type_tc":"羽毛球場","Type_en":"Badminton Courts"}},{"type":"Feature","geometry":{"type":"Point","coordinates":[113.99650000000008,22.267000000000053]},"properties":{"Name":"羽毛球場（未命名）","Type_tc":"羽毛球場","Type_en":"Badminton Courts"}},{"type":"Feature","geometry":{"type":"Point","coordinates":[114.02830000000006,22.206800000000044]},"properties":{"Name":"羽毛球場（未命名）","Type_tc":"羽毛球場","Type_en":"Badminton Courts"}},{"type":"Feature","geometry":{"type":"Point","coordinates":[114.12250000000006,22.372300000000052]},"properties":{"Name":"羽毛球場（未命名）","Type_tc":"羽毛球場","Type_en":"Badminton Courts"}},{"type":"Feature","geometry":{"type":"Point","coordinates":[114.17340000000002,22.249700000000075]},"properties":{"Name":"羽毛球場（未命名）","Type_tc":"羽毛球場","Type_en":"Badminton Courts"}},{"type":"Feature","geometry":{"type":"Point","coordinates":[114.15700000000004,22.250500000000045]},"properties":{"Name":"羽毛球場（未命名）","Type_tc":"羽毛球場","Type_en":"Badminton Courts"}},{"type":"Feature","geometry":{"type":"Point","coordinates":[113.99800000000005,22.454800000000034]},"properties":{"Name":"羽毛球場（未命名）","Type_tc":"羽毛球場","Type_en":"Badminton Courts"}},{"type":"Feature","geometry":{"type":"Point","coordinates":[114.19010000000003,22.318800000000067]},"properties":{"Name":"羽毛球場（未命名）","Type_tc":"羽毛球場","Type_en":"Badminton Courts"}},{"type":"Feature","geometry":{"type":"Point","coordinates":[114.15440000000001,22.249600000000044]},"properties":{"Name":"羽毛球場（未命名）","Type_tc":"羽毛球場","Type_en":"Badminton Courts"}},{"type":"Feature","geometry":{"type":"Point","coordinates":[114.03120000000001,22.20750000000004]},"properties":{"Name":"羽毛球場（未命名）","Type_tc":"羽毛球場","Type_en":"Badminton Courts"}},{"type":"Feature","geometry":{"type":"Point","coordinates":[114.12770000000012,22.349900000000048]},"properties":{"Name":"羽毛球場（未命名）","Type_tc":"羽毛球場","Type_en":"Badminton Courts"}},{"type":"Feature","geometry":{"type":"Point","coordinates":[114.12490000000003,22.370200000000068]},"properties":{"Name":"羽毛球場（未命名）","Type_tc":"羽毛球場","Type_en":"Badminton Courts"}},{"type":"Feature","geometry":{"type":"Point","coordinates":[114.13760000000002,22.37390000000005]},"properties":{"Name":"羽毛球場（未命名）","Type_tc":"羽毛球場","Type_en":"Badminton Courts"}},{"type":"Feature","geometry":{"type":"Point","coordinates":[113.97310000000004,22.403400000000033]},"properties":{"Name":"羽毛球場（未命名）","Type_tc":"羽毛球場","Type_en":"Badminton Courts"}},{"type":"Feature","geometry":{"type":"Point","coordinates":[114.22430000000008,22.31570000000005]},"properties":{"Name":"羽毛球場（未命名）","Type_tc":"羽毛球場","Type_en":"Badminton Courts"}},{"type":"Feature","geometry":{"type":"Point","coordinates":[114.23880000000008,22.303900000000056]},"properties":{"Name":"羽毛球場（未命名）","Type_tc":"羽毛球場","Type_en":"Badminton Courts"}},{"type":"Feature","geometry":{"type":"Point","coordinates":[114.21220000000005,22.219200000000058]},"properties":{"Name":"羽毛球場（未命名）","Type_tc":"羽毛球場","Type_en":"Badminton Courts"}},{"type":"Feature","geometry":{"type":"Point","coordinates":[114.2016000000001,22.345500000000072]},"properties":{"Name":"羽毛球場（未命名）","Type_tc":"羽毛球場","Type_en":"Badminton Courts"}},{"type":"Feature","geometry":{"type":"Point","coordinates":[114.19940000000008,22.29230000000007]},"properties":{"Name":"羽毛球場（未命名）","Type_tc":"羽毛球場","Type_en":"Badminton Courts"}},{"type":"Feature","geometry":{"type":"Point","coordinates":[114.15740000000005,22.338600000000042]},"properties":{"Name":"羽毛球場（未命名）","Type_tc":"羽毛球場","Type_en":"Badminton Courts"}},{"type":"Feature","geometry":{"type":"Point","coordinates":[114.17130000000009,22.36310000000003]},"properties":{"Name":"羽毛球場（未命名）","Type_tc":"羽毛球場","Type_en":"Badminton Courts"}},{"type":"Feature","geometry":{"type":"Point","coordinates":[114.00650000000007,22.45500000000004]},"properties":{"Name":"羽毛球場（未命名）","Type_tc":"羽毛球場","Type_en":"Badminton Courts"}},{"type":"Feature","geometry":{"type":"Point","coordinates":[114.24950000000001,22.322200000000066]},"properties":{"Name":"羽毛球場（未命名）","Type_tc":"羽毛球場","Type_en":"Badminton Courts"}},{"type":"Feature","geometry":{"type":"Point","coordinates":[114.25510000000008,22.325900000000047]},"properties":{"Name":"羽毛球場（未命名）","Type_tc":"羽毛球場","Type_en":"Badminton Courts"}},{"type":"Feature","geometry":{"type":"Point","coordinates":[114.1065000000001,22.35420000000005]},"properties":{"Name":"羽毛球場（未命名）","Type_tc":"羽毛球場","Type_en":"Badminton Courts"}},{"type":"Feature","geometry":{"type":"Point","coordinates":[114.22770000000003,22.319800000000043]},"properties":{"Name":"羽毛球場（未命名）","Type_tc":"羽毛球場","Type_en":"Badminton Courts"}},{"type":"Feature","geometry":{"type":"Point","coordinates":[113.97180000000003,22.385500000000036]},"properties":{"Name":"羽毛球場（未命名）","Type_tc":"羽毛球場","Type_en":"Badminton Courts"}},{"type":"Feature","geometry":{"type":"Point","coordinates":[114.19260000000008,22.382900000000063]},"properties":{"Name":"羽毛球場（未命名）","Type_tc":"羽毛球場","Type_en":"Badminton Courts"}},{"type":"Feature","geometry":{"type":"Point","coordinates":[114.17540000000008,22.27810000000005]},"properties":{"Name":"羽毛球場（未命名）","Type_tc":"羽毛球場","Type_en":"Badminton Courts"}},{"type":"Feature","geometry":{"type":"Point","coordinates":[114.16060000000004,22.45100000000008]},"properties":{"Name":"羽毛球場（未命名）","Type_tc":"羽毛球場","Type_en":"Badminton Courts"}},{"type":"Feature","geometry":{"type":"Point","coordinates":[114.13040000000001,22.505000000000052]},"properties":{"Name":"羽毛球場（未命名）","Type_tc":"羽毛球場","Type_en":"Badminton Courts"}},{"type":"Feature","geometry":{"type":"Point","coordinates":[114.1382000000001,22.340700000000027]},"properties":{"Name":"羽毛球場（未命名）","Type_tc":"羽毛球場","Type_en":"Badminton Courts"}},{"type":"Feature","geometry":{"type":"Point","coordinates":[114.21180000000004,22.283700000000067]},"properties":{"Name":"羽毛球場（未命名）","Type_tc":"羽毛球場","Type_en":"Badminton Courts"}},{"type":"Feature","geometry":{"type":"Point","coordinates":[114.17070000000001,22.320800000000077]},"properties":{"Name":"羽毛球場（未命名）","Type_tc":"羽毛球場","Type_en":"Badminton Courts"}},{"type":"Feature","geometry":{"type":"Point","coordinates":[114.17410000000007,22.453900000000033]},"properties":{"Name":"羽毛球場（未命名）","Type_tc":"羽毛球場","Type_en":"Badminton Courts"}},{"type":"Feature","geometry":{"type":"Point","coordinates":[114.18740000000003,22.307300000000055]},"properties":{"Name":"羽毛球場（未命名）","Type_tc":"羽毛球場","Type_en":"Badminton Courts"}},{"type":"Feature","geometry":{"type":"Point","coordinates":[114.16110000000003,22.32920000000007]},"properties":{"Name":"羽毛球場（未命名）","Type_tc":"羽毛球場","Type_en":"Badminton Courts"}},{"type":"Feature","geometry":{"type":"Point","coordinates":[114.19650000000001,22.337100000000078]},"properties":{"Name":"羽毛球場（未命名）","Type_tc":"羽毛球場","Type_en":"Badminton Courts"}},{"type":"Feature","geometry":{"type":"Point","coordinates":[114.18580000000009,22.26890000000003]},"properties":{"Name":"羽毛球場（未命名）","Type_tc":"羽毛球場","Type_en":"Badminton Courts"}},{"type":"Feature","geometry":{"type":"Point","coordinates":[114.03300000000002,22.443100000000072]},"properties":{"Name":"羽毛球場（未命名）","Type_tc":"羽毛球場","Type_en":"Badminton Courts"}},{"type":"Feature","geometry":{"type":"Point","coordinates":[114.12950000000001,22.36110000000008]},"properties":{"Name":"羽毛球場（未命名）","Type_tc":"羽毛球場","Type_en":"Badminton Courts"}},{"type":"Feature","geometry":{"type":"Point","coordinates":[114.17550000000006,22.37910000000005]},"properties":{"Name":"羽毛球場（未命名）","Type_tc":"羽毛球場","Type_en":"Badminton Courts"}},{"type":"Feature","geometry":{"type":"Point","coordinates":[114.18110000000001,22.314800000000048]},"properties":{"Name":"羽毛球場（未命名）","Type_tc":"羽毛球場","Type_en":"Badminton Courts"}},{"type":"Feature","geometry":{"type":"Point","coordinates":[113.9651,22.406600000000026]},"properties":{"Name":"羽毛球場（未命名）","Type_tc":"羽毛球場","Type_en":"Badminton Courts"}},{"type":"Feature","geometry":{"type":"Point","coordinates":[114.1649000000001,22.455300000000022]},"properties":{"Name":"羽毛球場（未命名）","Type_tc":"羽毛球場","Type_en":"Badminton Courts"}},{"type":"Feature","geometry":{"type":"Point","coordinates":[114.1889000000001,22.329600000000028]},"properties":{"Name":"羽毛球場（未命名）","Type_tc":"羽毛球場","Type_en":"Badminton Courts"}},{"type":"Feature","geometry":{"type":"Point","coordinates":[114.19350000000009,22.345500000000072]},"properties":{"Name":"羽毛球場（未命名）","Type_tc":"羽毛球場","Type_en":"Badminton Courts"}},{"type":"Feature","geometry":{"type":"Point","coordinates":[114.13360000000011,22.503300000000024]},"properties":{"Name":"羽毛球場（未命名）","Type_tc":"羽毛球場","Type_en":"Badminton Courts"}},{"type":"Feature","geometry":{"type":"Point","coordinates":[114.10050000000001,22.37050000000005]},"properties":{"Name":"羽毛球場（未命名）","Type_tc":"羽毛球場","Type_en":"Badminton Courts"}},{"type":"Feature","geometry":{"type":"Point","coordinates":[114.14310000000012,22.484800000000064]},"properties":{"Name":"羽毛球場（未命名）","Type_tc":"羽毛球場","Type_en":"Badminton Courts"}},{"type":"Feature","geometry":{"type":"Point","coordinates":[114.2296,22.426000000000045]},"properties":{"Name":"羽毛球場（未命名）","Type_tc":"羽毛球場","Type_en":"Badminton Courts"}},{"type":"Feature","geometry":{"type":"Point","coordinates":[114.0381000000001,22.28490000000005]},"properties":{"Name":"羽毛球場（未命名）","Type_tc":"羽毛球場","Type_en":"Badminton Courts"}},{"type":"Feature","geometry":{"type":"Point","coordinates":[114.11450000000002,22.369000000000028]},"properties":{"Name":"羽毛球場（未命名）","Type_tc":"羽毛球場","Type_en":"Badminton Courts"}},{"type":"Feature","geometry":{"type":"Point","coordinates":[114.20960000000002,22.334600000000023]},"properties":{"Name":"羽毛球場（未命名）","Type_tc":"羽毛球場","Type_en":"Badminton Courts"}},{"type":"Feature","geometry":{"type":"Point","coordinates":[114.19010000000003,22.33830000000006]},"properties":{"Name":"羽毛球場（未命名）","Type_tc":"羽毛球場","Type_en":"Badminton Courts"}},{"type":"Feature","geometry":{"type":"Point","coordinates":[114.17090000000007,22.325600000000065]},"properties":{"Name":"羽毛球場（未命名）","Type_tc":"羽毛球場","Type_en":"Badminton Courts"}},{"type":"Feature","geometry":{"type":"Point","coordinates":[114.17050000000006,22.326100000000054]},"properties":{"Name":"羽毛球場（未命名）","Type_tc":"羽毛球場","Type_en":"Badminton Courts"}},{"type":"Feature","geometry":{"type":"Point","coordinates":[114.17000000000007,22.337300000000027]},"properties":{"Name":"羽毛球場（未命名）","Type_tc":"羽毛球場","Type_en":"Badminton Courts"}},{"type":"Feature","geometry":{"type":"Point","coordinates":[114.20060000000001,22.33600000000007]},"properties":{"Name":"羽毛球場（未命名）","Type_tc":"羽毛球場","Type_en":"Badminton Courts"}},{"type":"Feature","geometry":{"type":"Point","coordinates":[114.16280000000006,22.321900000000028]},"properties":{"Name":"羽毛球場（未命名）","Type_tc":"羽毛球場","Type_en":"Badminton Courts"}},{"type":"Feature","geometry":{"type":"Point","coordinates":[114.23870000000011,22.29210000000006]},"properties":{"Name":"羽毛球場（未命名）","Type_tc":"羽毛球場","Type_en":"Badminton Courts"}},{"type":"Feature","geometry":{"type":"Point","coordinates":[114.16830000000004,22.304400000000044]},"properties":{"Name":"羽毛球場（未命名）","Type_tc":"羽毛球場","Type_en":"Badminton Courts"}},{"type":"Feature","geometry":{"type":"Point","coordinates":[114.22540000000004,22.32970000000006]},"properties":{"Name":"羽毛球場（未命名）","Type_tc":"羽毛球場","Type_en":"Badminton Courts"}},{"type":"Feature","geometry":{"type":"Point","coordinates":[114.21640000000002,22.32150000000007]},"properties":{"Name":"羽毛球場（未命名）","Type_tc":"羽毛球場","Type_en":"Badminton Courts"}},{"type":"Feature","geometry":{"type":"Point","coordinates":[113.96470000000011,22.378700000000038]},"properties":{"Name":"羽毛球場（未命名）","Type_tc":"羽毛球場","Type_en":"Badminton Courts"}},{"type":"Feature","geometry":{"type":"Point","coordinates":[114.25960000000009,22.31710000000004]},"properties":{"Name":"羽毛球場（未命名）","Type_tc":"羽毛球場","Type_en":"Badminton Courts"}},{"type":"Feature","geometry":{"type":"Point","coordinates":[114.21120000000008,22.326900000000023]},"properties":{"Name":"羽毛球場（未命名）","Type_tc":"羽毛球場","Type_en":"Badminton Courts"}},{"type":"Feature","geometry":{"type":"Point","coordinates":[114.10270000000003,22.355500000000063]},"properties":{"Name":"羽毛球場（未命名）","Type_tc":"羽毛球場","Type_en":"Badminton Courts"}},{"type":"Feature","geometry":{"type":"Point","coordinates":[114.22050000000002,22.322500000000048]},"properties":{"Name":"羽毛球場（未命名）","Type_tc":"羽毛球場","Type_en":"Badminton Courts"}},{"type":"Feature","geometry":{"type":"Point","coordinates":[113.97340000000008,22.391900000000078]},"properties":{"Name":"羽毛球場（未命名）","Type_tc":"羽毛球場","Type_en":"Badminton Courts"}},{"type":"Feature","geometry":{"type":"Point","coordinates":[114.12330000000009,22.50030000000004]},"properties":{"Name":"羽毛球場（未命名）","Type_tc":"羽毛球場","Type_en":"Badminton Courts"}},{"type":"Feature","geometry":{"type":"Point","coordinates":[114.19700000000012,22.337500000000034]},"properties":{"Name":"羽毛球場（未命名）","Type_tc":"羽毛球場","Type_en":"Badminton Courts"}},{"type":"Feature","geometry":{"type":"Point","coordinates":[114.1748,22.27140000000003]},"properties":{"Name":"羽毛球場（未命名）","Type_tc":"羽毛球場","Type_en":"Badminton Courts"}},{"type":"Feature","geometry":{"type":"Point","coordinates":[114.10080000000005,22.508600000000058]},"properties":{"Name":"羽毛球場（未命名）","Type_tc":"羽毛球場","Type_en":"Badminton Courts"}},{"type":"Feature","geometry":{"type":"Point","coordinates":[114.13370000000009,22.494600000000048]},"properties":{"Name":"羽毛球場（未命名）","Type_tc":"羽毛球場","Type_en":"Badminton Courts"}},{"type":"Feature","geometry":{"type":"Point","coordinates":[114.17710000000011,22.518200000000036]},"properties":{"Name":"羽毛球場（未命名）","Type_tc":"羽毛球場","Type_en":"Badminton Courts"}},{"type":"Feature","geometry":{"type":"Point","coordinates":[114.18180000000007,22.552500000000066]},"properties":{"Name":"羽毛球場（未命名）","Type_tc":"羽毛球場","Type_en":"Badminton Courts"}},{"type":"Feature","geometry":{"type":"Point","coordinates":[113.97350000000006,22.386900000000026]},"properties":{"Name":"羽毛球場（未命名）","Type_tc":"羽毛球場","Type_en":"Badminton Courts"}},{"type":"Feature","geometry":{"type":"Point","coordinates":[114.15390000000002,22.53090000000003]},"properties":{"Name":"羽毛球場（未命名）","Type_tc":"羽毛球場","Type_en":"Badminton Courts"}},{"type":"Feature","geometry":{"type":"Point","coordinates":[114.21180000000004,22.332400000000064]},"properties":{"Name":"羽毛球場（未命名）","Type_tc":"羽毛球場","Type_en":"Badminton Courts"}},{"type":"Feature","geometry":{"type":"Point","coordinates":[114.05920000000003,22.352400000000046]},"properties":{"Name":"羽毛球場（未命名）","Type_tc":"羽毛球場","Type_en":"Badminton Courts"}},{"type":"Feature","geometry":{"type":"Point","coordinates":[114.18970000000002,22.374300000000062]},"properties":{"Name":"羽毛球場（未命名）","Type_tc":"羽毛球場","Type_en":"Badminton Courts"}},{"type":"Feature","geometry":{"type":"Point","coordinates":[114.12810000000002,22.36220000000003]},"properties":{"Name":"羽毛球場（未命名）","Type_tc":"羽毛球場","Type_en":"Badminton Courts"}},{"type":"Feature","geometry":{"type":"Point","coordinates":[114.16840000000002,22.301100000000076]},"properties":{"Name":"羽毛球場（未命名）","Type_tc":"羽毛球場","Type_en":"Badminton Courts"}},{"type":"Feature","geometry":{"type":"Point","coordinates":[114.02700000000004,22.445200000000057]},"properties":{"Name":"羽毛球場（未命名）","Type_tc":"羽毛球場","Type_en":"Badminton Courts"}},{"type":"Feature","geometry":{"type":"Point","coordinates":[114.13060000000007,22.506300000000067]},"properties":{"Name":"籃球場（未命名）","Type_tc":"籃球場","Type_en":"Basketball Courts"}},{"type":"Feature","geometry":{"type":"Point","coordinates":[114.12530000000004,22.358400000000074]},"properties":{"Name":"籃球場（未命名）","Type_tc":"籃球場","Type_en":"Basketball Courts"}},{"type":"Feature","geometry":{"type":"Point","coordinates":[114.03300000000002,22.206600000000037]},"properties":{"Name":"籃球場（未命名）","Type_tc":"籃球場","Type_en":"Basketball Courts"}},{"type":"Feature","geometry":{"type":"Point","coordinates":[114.18110000000001,22.32060000000007]},"properties":{"Name":"籃球場（未命名）","Type_tc":"籃球場","Type_en":"Basketball Courts"}},{"type":"Feature","geometry":{"type":"Point","coordinates":[114.15250000000003,22.337100000000078]},"properties":{"Name":"籃球場（未命名）","Type_tc":"籃球場","Type_en":"Basketball Courts"}},{"type":"Feature","geometry":{"type":"Point","coordinates":[114.13770000000011,22.49350000000004]},"properties":{"Name":"籃球場（未命名）","Type_tc":"籃球場","Type_en":"Basketball Courts"}},{"type":"Feature","geometry":{"type":"Point","coordinates":[114.17000000000007,22.44990000000007]},"properties":{"Name":"籃球場（未命名）","Type_tc":"籃球場","Type_en":"Basketball Courts"}},{"type":"Feature","geometry":{"type":"Point","coordinates":[114.14910000000009,22.33050000000003]},"properties":{"Name":"籃球場（未命名）","Type_tc":"籃球場","Type_en":"Basketball Courts"}},{"type":"Feature","geometry":{"type":"Point","coordinates":[114.16640000000007,22.446300000000065]},"properties":{"Name":"籃球場（未命名）","Type_tc":"籃球場","Type_en":"Basketball Courts"}},{"type":"Feature","geometry":{"type":"Point","coordinates":[114.22230000000002,22.284700000000043]},"properties":{"Name":"籃球場（未命名）","Type_tc":"籃球場","Type_en":"Basketball Courts"}},{"type":"Feature","geometry":{"type":"Point","coordinates":[114.21650000000011,22.329400000000078]},"properties":{"Name":"籃球場（未命名）","Type_tc":"籃球場","Type_en":"Basketball Courts"}},{"type":"Feature","geometry":{"type":"Point","coordinates":[114.10270000000003,22.362500000000068]},"properties":{"Name":"籃球場（未命名）","Type_tc":"籃球場","Type_en":"Basketball Courts"}},{"type":"Feature","geometry":{"type":"Point","coordinates":[114.18560000000002,22.372200000000078]},"properties":{"Name":"籃球場（未命名）","Type_tc":"籃球場","Type_en":"Basketball Courts"}},{"type":"Feature","geometry":{"type":"Point","coordinates":[113.9792000000001,22.384300000000053]},"properties":{"Name":"籃球場（未命名）","Type_tc":"籃球場","Type_en":"Basketball Courts"}},{"type":"Feature","geometry":{"type":"Point","coordinates":[114.15930000000003,22.277300000000025]},"properties":{"Name":"籃球場（未命名）","Type_tc":"籃球場","Type_en":"Basketball Courts"}},{"type":"Feature","geometry":{"type":"Point","coordinates":[114.11260000000004,22.366000000000042]},"properties":{"Name":"籃球場（未命名）","Type_tc":"籃球場","Type_en":"Basketball Courts"}},{"type":"Feature","geometry":{"type":"Point","coordinates":[114.14960000000008,22.286000000000058]},"properties":{"Name":"籃球場（未命名）","Type_tc":"籃球場","Type_en":"Basketball Courts"}},{"type":"Feature","geometry":{"type":"Point","coordinates":[114.13610000000006,22.285700000000077]},"properties":{"Name":"籃球場（未命名）","Type_tc":"籃球場","Type_en":"Basketball Courts"}},{"type":"Feature","geometry":{"type":"Point","coordinates":[114.1286,22.281900000000064]},"properties":{"Name":"籃球場（未命名）","Type_tc":"籃球場","Type_en":"Basketball Courts"}},{"type":"Feature","geometry":{"type":"Point","coordinates":[114.14350000000002,22.290200000000027]},"properties":{"Name":"籃球場（未命名）","Type_tc":"籃球場","Type_en":"Basketball Courts"}},{"type":"Feature","geometry":{"type":"Point","coordinates":[114.02320000000009,22.450300000000027]},"properties":{"Name":"籃球場（未命名）","Type_tc":"籃球場","Type_en":"Basketball Courts"}},{"type":"Feature","geometry":{"type":"Point","coordinates":[114.02390000000003,22.441500000000076]},"properties":{"Name":"籃球場（未命名）","Type_tc":"籃球場","Type_en":"Basketball Courts"}},{"type":"Feature","geometry":{"type":"Point","coordinates":[114.10210000000006,22.351500000000044]},"properties":{"Name":"籃球場（未命名）","Type_tc":"籃球場","Type_en":"Basketball Courts"}},{"type":"Feature","geometry":{"type":"Point","coordinates":[114.1767000000001,22.281300000000044]},"properties":{"Name":"籃球場（未命名）","Type_tc":"籃球場","Type_en":"Basketball Courts"}},{"type":"Feature","geometry":{"type":"Point","coordinates":[114.11120000000005,22.37770000000006]},"properties":{"Name":"籃球場（未命名）","Type_tc":"籃球場","Type_en":"Basketball Courts"}},{"type":"Feature","geometry":{"type":"Point","coordinates":[114.22790000000009,22.41670000000005]},"properties":{"Name":"籃球場（未命名）","Type_tc":"籃球場","Type_en":"Basketball Courts"}},{"type":"Feature","geometry":{"type":"Point","coordinates":[113.99700000000007,22.464800000000025]},"properties":{"Name":"籃球場（未命名）","Type_tc":"籃球場","Type_en":"Basketball Courts"}},{"type":"Feature","geometry":{"type":"Point","coordinates":[114.26820000000009,22.31720000000007]},"properties":{"Name":"籃球場（未命名）","Type_tc":"籃球場","Type_en":"Basketball Courts"}},{"type":"Feature","geometry":{"type":"Point","coordinates":[114.12830000000008,22.49700000000007]},"properties":{"Name":"籃球場（未命名）","Type_tc":"籃球場","Type_en":"Basketball Courts"}},{"type":"Feature","geometry":{"type":"Point","coordinates":[114.00470000000007,22.447400000000073]},"properties":{"Name":"籃球場（未命名）","Type_tc":"籃球場","Type_en":"Basketball Courts"}},{"type":"Feature","geometry":{"type":"Point","coordinates":[114.23990000000003,22.26490000000007]},"properties":{"Name":"籃球場（未命名）","Type_tc":"籃球場","Type_en":"Basketball Courts"}},{"type":"Feature","geometry":{"type":"Point","coordinates":[114.2496000000001,22.26370000000003]},"properties":{"Name":"籃球場（未命名）","Type_tc":"籃球場","Type_en":"Basketball Courts"}},{"type":"Feature","geometry":{"type":"Point","coordinates":[114.17140000000006,22.458300000000065]},"properties":{"Name":"籃球場（未命名）","Type_tc":"籃球場","Type_en":"Basketball Courts"}},{"type":"Feature","geometry":{"type":"Point","coordinates":[114.22270000000003,22.28210000000007]},"properties":{"Name":"籃球場（未命名）","Type_tc":"籃球場","Type_en":"Basketball Courts"}},{"type":"Feature","geometry":{"type":"Point","coordinates":[114.15350000000001,22.338000000000022]},"properties":{"Name":"籃球場（未命名）","Type_tc":"籃球場","Type_en":"Basketball Courts"}},{"type":"Feature","geometry":{"type":"Point","coordinates":[113.94380000000001,22.29060000000004]},"properties":{"Name":"籃球場（未命名）","Type_tc":"籃球場","Type_en":"Basketball Courts"}},{"type":"Feature","geometry":{"type":"Point","coordinates":[114.1554000000001,22.244500000000073]},"properties":{"Name":"籃球場（未命名）","Type_tc":"籃球場","Type_en":"Basketball Courts"}},{"type":"Feature","geometry":{"type":"Point","coordinates":[113.99650000000008,22.267000000000053]},"properties":{"Name":"籃球場（未命名）","Type_tc":"籃球場","Type_en":"Basketball Courts"}},{"type":"Feature","geometry":{"type":"Point","coordinates":[114.12250000000006,22.372300000000052]},"properties":{"Name":"籃球場（未命名）","Type_tc":"籃球場","Type_en":"Basketball Courts"}},{"type":"Feature","geometry":{"type":"Point","coordinates":[114.17340000000002,22.249700000000075]},"properties":{"Name":"籃球場（未命名）","Type_tc":"籃球場","Type_en":"Basketball Courts"}},{"type":"Feature","geometry":{"type":"Point","coordinates":[114.15700000000004,22.250500000000045]},"properties":{"Name":"籃球場（未命名）","Type_tc":"籃球場","Type_en":"Basketball Courts"}},{"type":"Feature","geometry":{"type":"Point","coordinates":[113.99800000000005,22.454800000000034]},"properties":{"Name":"籃球場（未命名）","Type_tc":"籃球場","Type_en":"Basketball Courts"}},{"type":"Feature","geometry":{"type":"Point","coordinates":[114.19010000000003,22.318800000000067]},"properties":{"Name":"籃球場（未命名）","Type_tc":"籃球場","Type_en":"Basketball Courts"}},{"type":"Feature","geometry":{"type":"Point","coordinates":[114.15440000000001,22.249600000000044]},"properties":{"Name":"籃球場（未命名）","Type_tc":"籃球場","Type_en":"Basketball Courts"}},{"type":"Feature","geometry":{"type":"Point","coordinates":[114.03120000000001,22.20750000000004]},"properties":{"Name":"籃球場（未命名）","Type_tc":"籃球場","Type_en":"Basketball Courts"}},{"type":"Feature","geometry":{"type":"Point","coordinates":[114.12770000000012,22.349900000000048]},"properties":{"Name":"籃球場（未命名）","Type_tc":"籃球場","Type_en":"Basketball Courts"}},{"type":"Feature","geometry":{"type":"Point","coordinates":[114.12490000000003,22.370200000000068]},"properties":{"Name":"籃球場（未命名）","Type_tc":"籃球場","Type_en":"Basketball Courts"}},{"type":"Feature","geometry":{"type":"Point","coordinates":[114.13760000000002,22.37390000000005]},"properties":{"Name":"籃球場（未命名）","Type_tc":"籃球場","Type_en":"Basketball Courts"}},{"type":"Feature","geometry":{"type":"Point","coordinates":[113.97310000000004,22.403400000000033]},"properties":{"Name":"籃球場（未命名）","Type_tc":"籃球場","Type_en":"Basketball Courts"}},{"type":"Feature","geometry":{"type":"Point","coordinates":[114.22430000000008,22.31570000000005]},"properties":{"Name":"籃球場（未命名）","Type_tc":"籃球場","Type_en":"Basketball Courts"}},{"type":"Feature","geometry":{"type":"Point","coordinates":[114.23880000000008,22.303900000000056]},"properties":{"Name":"籃球場（未命名）","Type_tc":"籃球場","Type_en":"Basketball Courts"}},{"type":"Feature","geometry":{"type":"Point","coordinates":[114.21220000000005,22.219200000000058]},"properties":{"Name":"籃球場（未命名）","Type_tc":"籃球場","Type_en":"Basketball Courts"}},{"type":"Feature","geometry":{"type":"Point","coordinates":[114.2016000000001,22.345500000000072]},"properties":{"Name":"籃球場（未命名）","Type_tc":"籃球場","Type_en":"Basketball Courts"}},{"type":"Feature","geometry":{"type":"Point","coordinates":[114.19940000000008,22.29230000000007]},"properties":{"Name":"籃球場（未命名）","Type_tc":"籃球場","Type_en":"Basketball Courts"}},{"type":"Feature","geometry":{"type":"Point","coordinates":[114.15740000000005,22.338600000000042]},"properties":{"Name":"籃球場（未命名）","Type_tc":"籃球場","Type_en":"Basketball Courts"}},{"type":"Feature","geometry":{"type":"Point","coordinates":[114.17130000000009,22.36310000000003]},"properties":{"Name":"籃球場（未命名）","Type_tc":"籃球場","Type_en":"Basketball Courts"}},{"type":"Feature","geometry":{"type":"Point","coordinates":[114.00650000000007,22.45500000000004]},"properties":{"Name":"籃球場（未命名）","Type_tc":"籃球場","Type_en":"Basketball Courts"}},{"type":"Feature","geometry":{"type":"Point","coordinates":[114.24950000000001,22.322200000000066]},"properties":{"Name":"籃球場（未命名）","Type_tc":"籃球場","Type_en":"Basketball Courts"}},{"type":"Feature","geometry":{"type":"Point","coordinates":[114.25510000000008,22.325900000000047]},"properties":{"Name":"籃球場（未命名）","Type_tc":"籃球場","Type_en":"Basketball Courts"}},{"type":"Feature","geometry":{"type":"Point","coordinates":[114.1065000000001,22.35420000000005]},"properties":{"Name":"籃球場（未命名）","Type_tc":"籃球場","Type_en":"Basketball Courts"}},{"type":"Feature","geometry":{"type":"Point","coordinates":[114.22770000000003,22.319800000000043]},"properties":{"Name":"籃球場（未命名）","Type_tc":"籃球場","Type_en":"Basketball Courts"}},{"type":"Feature","geometry":{"type":"Point","coordinates":[113.97180000000003,22.385500000000036]},"properties":{"Name":"籃球場（未命名）","Type_tc":"籃球場","Type_en":"Basketball Courts"}},{"type":"Feature","geometry":{"type":"Point","coordinates":[114.19260000000008,22.382900000000063]},"properties":{"Name":"籃球場（未命名）","Type_tc":"籃球場","Type_en":"Basketball Courts"}},{"type":"Feature","geometry":{"type":"Point","coordinates":[114.17540000000008,22.27810000000005]},"properties":{"Name":"籃球場（未命名）","Type_tc":"籃球場","Type_en":"Basketball Courts"}},{"type":"Feature","geometry":{"type":"Point","coordinates":[114.16060000000004,22.45100000000008]},"properties":{"Name":"籃球場（未命名）","Type_tc":"籃球場","Type_en":"Basketball Courts"}},{"type":"Feature","geometry":{"type":"Point","coordinates":[114.13040000000001,22.505000000000052]},"properties":{"Name":"籃球場（未命名）","Type_tc":"籃球場","Type_en":"Basketball Courts"}},{"type":"Feature","geometry":{"type":"Point","coordinates":[114.1382000000001,22.340700000000027]},"properties":{"Name":"籃球場（未命名）","Type_tc":"籃球場","Type_en":"Basketball Courts"}},{"type":"Feature","geometry":{"type":"Point","coordinates":[114.21180000000004,22.283700000000067]},"properties":{"Name":"籃球場（未命名）","Type_tc":"籃球場","Type_en":"Basketball Courts"}},{"type":"Feature","geometry":{"type":"Point","coordinates":[114.17070000000001,22.320800000000077]},"properties":{"Name":"籃球場（未命名）","Type_tc":"籃球場","Type_en":"Basketball Courts"}},{"type":"Feature","geometry":{"type":"Point","coordinates":[114.17410000000007,22.453900000000033]},"properties":{"Name":"籃球場（未命名）","Type_tc":"籃球場","Type_en":"Basketball Courts"}},{"type":"Feature","geometry":{"type":"Point","coordinates":[114.18740000000003,22.307300000000055]},"properties":{"Name":"籃球場（未命名）","Type_tc":"籃球場","Type_en":"Basketball Courts"}},{"type":"Feature","geometry":{"type":"Point","coordinates":[114.16110000000003,22.32920000000007]},"properties":{"Name":"籃球場（未命名）","Type_tc":"籃球場","Type_en":"Basketball Courts"}},{"type":"Feature","geometry":{"type":"Point","coordinates":[114.19650000000001,22.337100000000078]},"properties":{"Name":"籃球場（未命名）","Type_tc":"籃球場","Type_en":"Basketball Courts"}},{"type":"Feature","geometry":{"type":"Point","coordinates":[114.18580000000009,22.26890000000003]},"properties":{"Name":"籃球場（未命名）","Type_tc":"籃球場","Type_en":"Basketball Courts"}},{"type":"Feature","geometry":{"type":"Point","coordinates":[114.03300000000002,22.443100000000072]},"properties":{"Name":"籃球場（未命名）","Type_tc":"籃球場","Type_en":"Basketball Courts"}},{"type":"Feature","geometry":{"type":"Point","coordinates":[114.12950000000001,22.36110000000008]},"properties":{"Name":"籃球場（未命名）","Type_tc":"籃球場","Type_en":"Basketball Courts"}},{"type":"Feature","geometry":{"type":"Point","coordinates":[114.17550000000006,22.37910000000005]},"properties":{"Name":"籃球場（未命名）","Type_tc":"籃球場","Type_en":"Basketball Courts"}},{"type":"Feature","geometry":{"type":"Point","coordinates":[114.18110000000001,22.314800000000048]},"properties":{"Name":"籃球場（未命名）","Type_tc":"籃球場","Type_en":"Basketball Courts"}},{"type":"Feature","geometry":{"type":"Point","coordinates":[113.9651,22.406600000000026]},"properties":{"Name":"籃球場（未命名）","Type_tc":"籃球場","Type_en":"Basketball Courts"}},{"type":"Feature","geometry":{"type":"Point","coordinates":[114.1649000000001,22.455300000000022]},"properties":{"Name":"籃球場（未命名）","Type_tc":"籃球場","Type_en":"Basketball Courts"}},{"type":"Feature","geometry":{"type":"Point","coordinates":[114.1889000000001,22.329600000000028]},"properties":{"Name":"籃球場（未命名）","Type_tc":"籃球場","Type_en":"Basketball Courts"}},{"type":"Feature","geometry":{"type":"Point","coordinates":[114.19350000000009,22.345500000000072]},"properties":{"Name":"籃球場（未命名）","Type_tc":"籃球場","Type_en":"Basketball Courts"}},{"type":"Feature","geometry":{"type":"Point","coordinates":[114.13360000000011,22.503300000000024]},"properties":{"Name":"籃球場（未命名）","Type_tc":"籃球場","Type_en":"Basketball Courts"}},{"type":"Feature","geometry":{"type":"Point","coordinates":[114.10050000000001,22.37050000000005]},"properties":{"Name":"籃球場（未命名）","Type_tc":"籃球場","Type_en":"Basketball Courts"}},{"type":"Feature","geometry":{"type":"Point","coordinates":[114.14310000000012,22.484800000000064]},"properties":{"Name":"籃球場（未命名）","Type_tc":"籃球場","Type_en":"Basketball Courts"}},{"type":"Feature","geometry":{"type":"Point","coordinates":[114.2296,22.426000000000045]},"properties":{"Name":"籃球場（未命名）","Type_tc":"籃球場","Type_en":"Basketball Courts"}},{"type":"Feature","geometry":{"type":"Point","coordinates":[114.0381000000001,22.28490000000005]},"properties":{"Name":"籃球場（未命名）","Type_tc":"籃球場","Type_en":"Basketball Courts"}},{"type":"Feature","geometry":{"type":"Point","coordinates":[114.11450000000002,22.369000000000028]},"properties":{"Name":"籃球場（未命名）","Type_tc":"籃球場","Type_en":"Basketball Courts"}},{"type":"Feature","geometry":{"type":"Point","coordinates":[114.20960000000002,22.334600000000023]},"properties":{"Name":"籃球場（未命名）","Type_tc":"籃球場","Type_en":"Basketball Courts"}},{"type":"Feature","geometry":{"type":"Point","coordinates":[114.19010000000003,22.33830000000006]},"properties":{"Name":"籃球場（未命名）","Type_tc":"籃球場","Type_en":"Basketball Courts"}},{"type":"Feature","geometry":{"type":"Point","coordinates":[114.17090000000007,22.325600000000065]},"properties":{"Name":"籃球場（未命名）","Type_tc":"籃球場","Type_en":"Basketball Courts"}},{"type":"Feature","geometry":{"type":"Point","coordinates":[114.17050000000006,22.326100000000054]},"properties":{"Name":"籃球場（未命名）","Type_tc":"籃球場","Type_en":"Basketball Courts"}},{"type":"Feature","geometry":{"type":"Point","coordinates":[114.17000000000007,22.337300000000027]},"properties":{"Name":"籃球場（未命名）","Type_tc":"籃球場","Type_en":"Basketball Courts"}},{"type":"Feature","geometry":{"type":"Point","coordinates":[114.20060000000001,22.33600000000007]},"properties":{"Name":"籃球場（未命名）","Type_tc":"籃球場","Type_en":"Basketball Courts"}},{"type":"Feature","geometry":{"type":"Point","coordinates":[114.16280000000006,22.321900000000028]},"properties":{"Name":"籃球場（未命名）","Type_tc":"籃球場","Type_en":"Basketball Courts"}},{"type":"Feature","geometry":{"type":"Point","coordinates":[114.23870000000011,22.29210000000006]},"properties":{"Name":"籃球場（未命名）","Type_tc":"籃球場","Type_en":"Basketball Courts"}},{"type":"Feature","geometry":{"type":"Point","coordinates":[114.16830000000004,22.304400000000044]},"properties":{"Name":"籃球場（未命名）","Type_tc":"籃球場","Type_en":"Basketball Courts"}},{"type":"Feature","geometry":{"type":"Point","coordinates":[114.22540000000004,22.32970000000006]},"properties":{"Name":"籃球場（未命名）","Type_tc":"籃球場","Type_en":"Basketball Courts"}},{"type":"Feature","geometry":{"type":"Point","coordinates":[114.21640000000002,22.32150000000007]},"properties":{"Name":"籃球場（未命名）","Type_tc":"籃球場","Type_en":"Basketball Courts"}},{"type":"Feature","geometry":{"type":"Point","coordinates":[113.96470000000011,22.378700000000038]},"properties":{"Name":"籃球場（未命名）","Type_tc":"籃球場","Type_en":"Basketball Courts"}},{"type":"Feature","geometry":{"type":"Point","coordinates":[114.25960000000009,22.31710000000004]},"properties":{"Name":"籃球場（未命名）","Type_tc":"籃球場","Type_en":"Basketball Courts"}},{"type":"Feature","geometry":{"type":"Point","coordinates":[114.21120000000008,22.326900000000023]},"properties":{"Name":"籃球場（未命名）","Type_tc":"籃球場","Type_en":"Basketball Courts"}},{"type":"Feature","geometry":{"type":"Point","coordinates":[114.10270000000003,22.355500000000063]},"properties":{"Name":"籃球場（未命名）","Type_tc":"籃球場","Type_en":"Basketball Courts"}},{"type":"Feature","geometry":{"type":"Point","coordinates":[114.22050000000002,22.322500000000048]},"properties":{"Name":"籃球場（未命名）","Type_tc":"籃球場","Type_en":"Basketball Courts"}},{"type":"Feature","geometry":{"type":"Point","coordinates":[114.23850000000004,22.266300000000058]},"properties":{"Name":"籃球場（未命名）","Type_tc":"籃球場","Type_en":"Basketball Courts"}},{"type":"Feature","geometry":{"type":"Point","coordinates":[114.20140000000004,22.329800000000034]},"properties":{"Name":"籃球場（未命名）","Type_tc":"籃球場","Type_en":"Basketball Courts"}},{"type":"Feature","geometry":{"type":"Point","coordinates":[114.13700000000006,22.339500000000044]},"properties":{"Name":"籃球場（未命名）","Type_tc":"籃球場","Type_en":"Basketball Courts"}},{"type":"Feature","geometry":{"type":"Point","coordinates":[114.18820000000005,22.28260000000006]},"properties":{"Name":"籃球場（未命名）","Type_tc":"籃球場","Type_en":"Basketball Courts"}},{"type":"Feature","geometry":{"type":"Point","coordinates":[114.10590000000002,22.356200000000058]},"properties":{"Name":"籃球場（未命名）","Type_tc":"籃球場","Type_en":"Basketball Courts"}},{"type":"Feature","geometry":{"type":"Point","coordinates":[114.2622,22.380600000000072]},"properties":{"Name":"籃球場（未命名）","Type_tc":"籃球場","Type_en":"Basketball Courts"}},{"type":"Feature","geometry":{"type":"Point","coordinates":[114.0988000000001,22.362400000000036]},"properties":{"Name":"籃球場（未命名）","Type_tc":"籃球場","Type_en":"Basketball Courts"}},{"type":"Feature","geometry":{"type":"Point","coordinates":[114.2138000000001,22.336200000000076]},"properties":{"Name":"籃球場（未命名）","Type_tc":"籃球場","Type_en":"Basketball Courts"}},{"type":"Feature","geometry":{"type":"Point","coordinates":[114.1341000000001,22.49890000000005]},"properties":{"Name":"籃球場（未命名）","Type_tc":"籃球場","Type_en":"Basketball Courts"}},{"type":"Feature","geometry":{"type":"Point","coordinates":[114.21550000000002,22.288400000000024]},"properties":{"Name":"籃球場（未命名）","Type_tc":"籃球場","Type_en":"Basketball Courts"}},{"type":"Feature","geometry":{"type":"Point","coordinates":[114.00350000000003,22.455700000000036]},"properties":{"Name":"籃球場（未命名）","Type_tc":"籃球場","Type_en":"Basketball Courts"}},{"type":"Feature","geometry":{"type":"Point","coordinates":[114.13290000000006,22.357200000000034]},"properties":{"Name":"籃球場（未命名）","Type_tc":"籃球場","Type_en":"Basketball Courts"}},{"type":"Feature","geometry":{"type":"Point","coordinates":[114.12510000000009,22.374700000000075]},"properties":{"Name":"籃球場（未命名）","Type_tc":"籃球場","Type_en":"Basketball Courts"}},{"type":"Feature","geometry":{"type":"Point","coordinates":[114.25770000000011,22.318800000000067]},"properties":{"Name":"籃球場（未命名）","Type_tc":"籃球場","Type_en":"Basketball Courts"}},{"type":"Feature","geometry":{"type":"Point","coordinates":[114.17100000000005,22.338600000000042]},"properties":{"Name":"籃球場（未命名）","Type_tc":"籃球場","Type_en":"Basketball Courts"}},{"type":"Feature","geometry":{"type":"Point","coordinates":[114.11220000000003,22.36340000000007]},"properties":{"Name":"籃球場（未命名）","Type_tc":"籃球場","Type_en":"Basketball Courts"}},{"type":"Feature","geometry":{"type":"Point","coordinates":[114.18110000000001,22.37760000000003]},"properties":{"Name":"籃球場（未命名）","Type_tc":"籃球場","Type_en":"Basketball Courts"}},{"type":"Feature","geometry":{"type":"Point","coordinates":[114.21560000000011,22.40190000000007]},"properties":{"Name":"籃球場（未命名）","Type_tc":"籃球場","Type_en":"Basketball Courts"}},{"type":"Feature","geometry":{"type":"Point","coordinates":[113.95850000000007,22.232700000000023]},"properties":{"Name":"籃球場（未命名）","Type_tc":"籃球場","Type_en":"Basketball Courts"}},{"type":"Feature","geometry":{"type":"Point","coordinates":[113.9797000000001,22.386000000000024]},"properties":{"Name":"籃球場（未命名）","Type_tc":"籃球場","Type_en":"Basketball Courts"}},{"type":"Feature","geometry":{"type":"Point","coordinates":[114.00350000000003,22.47720000000004]},"properties":{"Name":"籃球場（未命名）","Type_tc":"籃球場","Type_en":"Basketball Courts"}},{"type":"Feature","geometry":{"type":"Point","coordinates":[114.10090000000002,22.355900000000076]},"properties":{"Name":"籃球場（未命名）","Type_tc":"籃球場","Type_en":"Basketball Courts"}},{"type":"Feature","geometry":{"type":"Point","coordinates":[114.07420000000002,22.516000000000076]},"properties":{"Name":"籃球場（未命名）","Type_tc":"籃球場","Type_en":"Basketball Courts"}},{"type":"Feature","geometry":{"type":"Point","coordinates":[114.13340000000005,22.535100000000057]},"properties":{"Name":"籃球場（未命名）","Type_tc":"籃球場","Type_en":"Basketball Courts"}},{"type":"Feature","geometry":{"type":"Point","coordinates":[114.11460000000011,22.224900000000048]},"properties":{"Name":"籃球場（未命名）","Type_tc":"籃球場","Type_en":"Basketball Courts"}},{"type":"Feature","geometry":{"type":"Point","coordinates":[114.26650000000006,22.321100000000058]},"properties":{"Name":"籃球場（未命名）","Type_tc":"籃球場","Type_en":"Basketball Courts"}},{"type":"Feature","geometry":{"type":"Point","coordinates":[114.15100000000007,22.50120000000004]},"properties":{"Name":"籃球場（未命名）","Type_tc":"籃球場","Type_en":"Basketball Courts"}},{"type":"Feature","geometry":{"type":"Point","coordinates":[114.1219000000001,22.510500000000036]},"properties":{"Name":"籃球場（未命名）","Type_tc":"籃球場","Type_en":"Basketball Courts"}},{"type":"Feature","geometry":{"type":"Point","coordinates":[114.1359000000001,22.448600000000056]},"properties":{"Name":"籃球場（未命名）","Type_tc":"籃球場","Type_en":"Basketball Courts"}},{"type":"Feature","geometry":{"type":"Point","coordinates":[114.20940000000007,22.46810000000005]},"properties":{"Name":"籃球場（未命名）","Type_tc":"籃球場","Type_en":"Basketball Courts"}},{"type":"Feature","geometry":{"type":"Point","coordinates":[114.13290000000006,22.49150000000003]},"properties":{"Name":"籃球場（未命名）","Type_tc":"籃球場","Type_en":"Basketball Courts"}},{"type":"Feature","geometry":{"type":"Point","coordinates":[113.9747000000001,22.383500000000026]},"properties":{"Name":"籃球場（未命名）","Type_tc":"籃球場","Type_en":"Basketball Courts"}},{"type":"Feature","geometry":{"type":"Point","coordinates":[114.20040000000006,22.426500000000033]},"properties":{"Name":"籃球場（未命名）","Type_tc":"籃球場","Type_en":"Basketball Courts"}},{"type":"Feature","geometry":{"type":"Point","coordinates":[114.2373,22.288100000000043]},"properties":{"Name":"籃球場（未命名）","Type_tc":"籃球場","Type_en":"Basketball Courts"}},{"type":"Feature","geometry":{"type":"Point","coordinates":[114.19020000000012,22.326400000000035]},"properties":{"Name":"籃球場（未命名）","Type_tc":"籃球場","Type_en":"Basketball Courts"}},{"type":"Feature","geometry":{"type":"Point","coordinates":[113.8592000000001,22.254900000000077]},"properties":{"Name":"籃球場（未命名）","Type_tc":"籃球場","Type_en":"Basketball Courts"}},{"type":"Feature","geometry":{"type":"Point","coordinates":[114.27190000000007,22.381200000000035]},"properties":{"Name":"籃球場（未命名）","Type_tc":"籃球場","Type_en":"Basketball Courts"}},{"type":"Feature","geometry":{"type":"Point","coordinates":[114.1459000000001,22.336200000000076]},"properties":{"Name":"籃球場（未命名）","Type_tc":"籃球場","Type_en":"Basketball Courts"}},{"type":"Feature","geometry":{"type":"Point","coordinates":[114.14450000000011,22.28980000000007]},"properties":{"Name":"籃球場（未命名）","Type_tc":"籃球場","Type_en":"Basketball Courts"}},{"type":"Feature","geometry":{"type":"Point","coordinates":[114.06430000000012,22.365300000000047]},"properties":{"Name":"籃球場（未命名）","Type_tc":"籃球場","Type_en":"Basketball Courts"}},{"type":"Feature","geometry":{"type":"Point","coordinates":[114.00610000000006,22.44020000000006]},"properties":{"Name":"籃球場（未命名）","Type_tc":"籃球場","Type_en":"Basketball Courts"}},{"type":"Feature","geometry":{"type":"Point","coordinates":[114.16210000000001,22.335600000000056]},"properties":{"Name":"籃球場（未命名）","Type_tc":"籃球場","Type_en":"Basketball Courts"}},{"type":"Feature","geometry":{"type":"Point","coordinates":[114.11210000000005,22.50460000000004]},"properties":{"Name":"籃球場（未命名）","Type_tc":"籃球場","Type_en":"Basketball Courts"}},{"type":"Feature","geometry":{"type":"Point","coordinates":[114.14330000000007,22.484200000000044]},"properties":{"Name":"籃球場（未命名）","Type_tc":"籃球場","Type_en":"Basketball Courts"}},{"type":"Feature","geometry":{"type":"Point","coordinates":[114.15590000000009,22.54540000000003]},"properties":{"Name":"籃球場（未命名）","Type_tc":"籃球場","Type_en":"Basketball Courts"}},{"type":"Feature","geometry":{"type":"Point","coordinates":[114.12810000000002,22.503600000000063]},"properties":{"Name":"籃球場（未命名）","Type_tc":"籃球場","Type_en":"Basketball Courts"}},{"type":"Feature","geometry":{"type":"Point","coordinates":[114.12170000000003,22.525100000000066]},"properties":{"Name":"籃球場（未命名）","Type_tc":"籃球場","Type_en":"Basketball Courts"}},{"type":"Feature","geometry":{"type":"Point","coordinates":[114.14760000000001,22.50720000000007]},"properties":{"Name":"籃球場（未命名）","Type_tc":"籃球場","Type_en":"Basketball Courts"}},{"type":"Feature","geometry":{"type":"Point","coordinates":[114.21600000000001,22.52240000000006]},"properties":{"Name":"籃球場（未命名）","Type_tc":"籃球場","Type_en":"Basketball Courts"}},{"type":"Feature","geometry":{"type":"Point","coordinates":[114.10590000000002,22.527100000000075]},"properties":{"Name":"籃球場（未命名）","Type_tc":"籃球場","Type_en":"Basketball Courts"}},{"type":"Feature","geometry":{"type":"Point","coordinates":[114.09430000000009,22.490400000000022]},"properties":{"Name":"籃球場（未命名）","Type_tc":"籃球場","Type_en":"Basketball Courts"}},{"type":"Feature","geometry":{"type":"Point","coordinates":[114.14970000000005,22.539000000000044]},"properties":{"Name":"籃球場（未命名）","Type_tc":"籃球場","Type_en":"Basketball Courts"}},{"type":"Feature","geometry":{"type":"Point","coordinates":[114.10930000000008,22.510700000000043]},"properties":{"Name":"籃球場（未命名）","Type_tc":"籃球場","Type_en":"Basketball Courts"}},{"type":"Feature","geometry":{"type":"Point","coordinates":[114.13610000000006,22.497200000000078]},"properties":{"Name":"籃球場（未命名）","Type_tc":"籃球場","Type_en":"Basketball Courts"}},{"type":"Feature","geometry":{"type":"Point","coordinates":[114.14460000000008,22.536200000000065]},"properties":{"Name":"籃球場（未命名）","Type_tc":"籃球場","Type_en":"Basketball Courts"}},{"type":"Feature","geometry":{"type":"Point","coordinates":[114.21780000000001,22.282400000000052]},"properties":{"Name":"籃球場（未命名）","Type_tc":"籃球場","Type_en":"Basketball Courts"}},{"type":"Feature","geometry":{"type":"Point","coordinates":[114.25070000000005,22.304200000000037]},"properties":{"Name":"籃球場（未命名）","Type_tc":"籃球場","Type_en":"Basketball Courts"}},{"type":"Feature","geometry":{"type":"Point","coordinates":[114.15660000000003,22.330900000000042]},"properties":{"Name":"籃球場（未命名）","Type_tc":"籃球場","Type_en":"Basketball Courts"}},{"type":"Feature","geometry":{"type":"Point","coordinates":[114.18780000000004,22.317400000000077]},"properties":{"Name":"籃球場（未命名）","Type_tc":"籃球場","Type_en":"Basketball Courts"}},{"type":"Feature","geometry":{"type":"Point","coordinates":[114.15660000000003,22.276500000000055]},"properties":{"Name":"籃球場（未命名）","Type_tc":"籃球場","Type_en":"Basketball Courts"}},{"type":"Feature","geometry":{"type":"Point","coordinates":[114.1273000000001,22.27920000000006]},"properties":{"Name":"籃球場（未命名）","Type_tc":"籃球場","Type_en":"Basketball Courts"}},{"type":"Feature","geometry":{"type":"Point","coordinates":[114.13120000000004,22.27770000000004]},"properties":{"Name":"籃球場（未命名）","Type_tc":"籃球場","Type_en":"Basketball Courts"}},{"type":"Feature","geometry":{"type":"Point","coordinates":[114.12680000000012,22.281000000000063]},"properties":{"Name":"籃球場（未命名）","Type_tc":"籃球場","Type_en":"Basketball Courts"}},{"type":"Feature","geometry":{"type":"Point","coordinates":[114.14810000000011,22.28430000000003]},"properties":{"Name":"籃球場（未命名）","Type_tc":"籃球場","Type_en":"Basketball Courts"}},{"type":"Feature","geometry":{"type":"Point","coordinates":[114.1382000000001,22.285700000000077]},"properties":{"Name":"籃球場（未命名）","Type_tc":"籃球場","Type_en":"Basketball Courts"}},{"type":"Feature","geometry":{"type":"Point","coordinates":[114.12070000000006,22.281900000000064]},"properties":{"Name":"籃球場（未命名）","Type_tc":"籃球場","Type_en":"Basketball Courts"}},{"type":"Feature","geometry":{"type":"Point","coordinates":[114.1441000000001,22.285700000000077]},"properties":{"Name":"籃球場（未命名）","Type_tc":"籃球場","Type_en":"Basketball Courts"}},{"type":"Feature","geometry":{"type":"Point","coordinates":[114.14550000000008,22.287000000000035]},"properties":{"Name":"籃球場（未命名）","Type_tc":"籃球場","Type_en":"Basketball Courts"}},{"type":"Feature","geometry":{"type":"Point","coordinates":[114.19680000000005,22.350500000000068]},"properties":{"Name":"籃球場（未命名）","Type_tc":"籃球場","Type_en":"Basketball Courts"}},{"type":"Feature","geometry":{"type":"Point","coordinates":[114.23030000000006,22.32150000000007]},"properties":{"Name":"籃球場（未命名）","Type_tc":"籃球場","Type_en":"Basketball Courts"}},{"type":"Feature","geometry":{"type":"Point","coordinates":[114.23400000000004,22.30030000000005]},"properties":{"Name":"籃球場（未命名）","Type_tc":"籃球場","Type_en":"Basketball Courts"}},{"type":"Feature","geometry":{"type":"Point","coordinates":[114.22730000000001,22.32060000000007]},"properties":{"Name":"籃球場（未命名）","Type_tc":"籃球場","Type_en":"Basketball Courts"}},{"type":"Feature","geometry":{"type":"Point","coordinates":[114.21180000000004,22.332400000000064]},"properties":{"Name":"籃球場（未命名）","Type_tc":"籃球場","Type_en":"Basketball Courts"}},{"type":"Feature","geometry":{"type":"Point","coordinates":[114.21810000000005,22.32090000000005]},"properties":{"Name":"籃球場（未命名）","Type_tc":"籃球場","Type_en":"Basketball Courts"}},{"type":"Feature","geometry":{"type":"Point","coordinates":[114.21060000000011,22.32630000000006]},"properties":{"Name":"籃球場（未命名）","Type_tc":"籃球場","Type_en":"Basketball Courts"}},{"type":"Feature","geometry":{"type":"Point","coordinates":[114.22350000000006,22.317500000000052]},"properties":{"Name":"籃球場（未命名）","Type_tc":"籃球場","Type_en":"Basketball Courts"}},{"type":"Feature","geometry":{"type":"Point","coordinates":[114.2315000000001,22.315900000000056]},"properties":{"Name":"籃球場（未命名）","Type_tc":"籃球場","Type_en":"Basketball Courts"}},{"type":"Feature","geometry":{"type":"Point","coordinates":[114.2305,22.31140000000005]},"properties":{"Name":"籃球場（未命名）","Type_tc":"籃球場","Type_en":"Basketball Courts"}},{"type":"Feature","geometry":{"type":"Point","coordinates":[114.15930000000003,22.45360000000005]},"properties":{"Name":"籃球場（未命名）","Type_tc":"籃球場","Type_en":"Basketball Courts"}},{"type":"Feature","geometry":{"type":"Point","coordinates":[114.12840000000006,22.371200000000044]},"properties":{"Name":"籃球場（未命名）","Type_tc":"籃球場","Type_en":"Basketball Courts"}},{"type":"Feature","geometry":{"type":"Point","coordinates":[114.11730000000011,22.368100000000027]},"properties":{"Name":"籃球場（未命名）","Type_tc":"籃球場","Type_en":"Basketball Courts"}},{"type":"Feature","geometry":{"type":"Point","coordinates":[114.13060000000007,22.380300000000034]},"properties":{"Name":"籃球場（未命名）","Type_tc":"籃球場","Type_en":"Basketball Courts"}},{"type":"Feature","geometry":{"type":"Point","coordinates":[114.11670000000004,22.36880000000008]},"properties":{"Name":"籃球場（未命名）","Type_tc":"籃球場","Type_en":"Basketball Courts"}},{"type":"Feature","geometry":{"type":"Point","coordinates":[114.05920000000003,22.352400000000046]},"properties":{"Name":"籃球場（未命名）","Type_tc":"籃球場","Type_en":"Basketball Courts"}},{"type":"Feature","geometry":{"type":"Point","coordinates":[114.1047000000001,22.37280000000004]},"properties":{"Name":"籃球場（未命名）","Type_tc":"籃球場","Type_en":"Basketball Courts"}},{"type":"Feature","geometry":{"type":"Point","coordinates":[114.10430000000008,22.376000000000033]},"properties":{"Name":"籃球場（未命名）","Type_tc":"籃球場","Type_en":"Basketball Courts"}},{"type":"Feature","geometry":{"type":"Point","coordinates":[114.12110000000007,22.368000000000052]},"properties":{"Name":"籃球場（未命名）","Type_tc":"籃球場","Type_en":"Basketball Courts"}},{"type":"Feature","geometry":{"type":"Point","coordinates":[114.00170000000003,22.466000000000065]},"properties":{"Name":"籃球場（未命名）","Type_tc":"籃球場","Type_en":"Basketball Courts"}},{"type":"Feature","geometry":{"type":"Point","coordinates":[114.27460000000008,22.384200000000078]},"properties":{"Name":"籃球場（未命名）","Type_tc":"籃球場","Type_en":"Basketball Courts"}},{"type":"Feature","geometry":{"type":"Point","coordinates":[114.15500000000009,22.33490000000006]},"properties":{"Name":"籃球場（未命名）","Type_tc":"籃球場","Type_en":"Basketball Courts"}},{"type":"Feature","geometry":{"type":"Point","coordinates":[113.94080000000008,22.29210000000006]},"properties":{"Name":"籃球場（未命名）","Type_tc":"籃球場","Type_en":"Basketball Courts"}},{"type":"Feature","geometry":{"type":"Point","coordinates":[114.1603,22.32540000000006]},"properties":{"Name":"籃球場（未命名）","Type_tc":"籃球場","Type_en":"Basketball Courts"}},{"type":"Feature","geometry":{"type":"Point","coordinates":[114.20270000000005,22.29260000000005]},"properties":{"Name":"籃球場（未命名）","Type_tc":"籃球場","Type_en":"Basketball Courts"}},{"type":"Feature","geometry":{"type":"Point","coordinates":[114.19590000000005,22.337300000000027]},"properties":{"Name":"籃球場（未命名）","Type_tc":"籃球場","Type_en":"Basketball Courts"}},{"type":"Feature","geometry":{"type":"Point","coordinates":[114.16540000000009,22.327500000000043]},"properties":{"Name":"籃球場（未命名）","Type_tc":"籃球場","Type_en":"Basketball Courts"}},{"type":"Feature","geometry":{"type":"Point","coordinates":[114.16450000000009,22.319600000000037]},"properties":{"Name":"籃球場（未命名）","Type_tc":"籃球場","Type_en":"Basketball Courts"}},{"type":"Feature","geometry":{"type":"Point","coordinates":[114.16780000000006,22.30520000000007]},"properties":{"Name":"籃球場（未命名）","Type_tc":"籃球場","Type_en":"Basketball Courts"}},{"type":"Feature","geometry":{"type":"Point","coordinates":[114.17220000000009,22.318300000000022]},"properties":{"Name":"籃球場（未命名）","Type_tc":"籃球場","Type_en":"Basketball Courts"}},{"type":"Feature","geometry":{"type":"Point","coordinates":[114.16300000000001,22.324700000000064]},"properties":{"Name":"籃球場（未命名）","Type_tc":"籃球場","Type_en":"Basketball Courts"}},{"type":"Feature","geometry":{"type":"Point","coordinates":[114.18970000000002,22.374300000000062]},"properties":{"Name":"籃球場（未命名）","Type_tc":"籃球場","Type_en":"Basketball Courts"}},{"type":"Feature","geometry":{"type":"Point","coordinates":[114.12810000000002,22.36220000000003]},"properties":{"Name":"籃球場（未命名）","Type_tc":"籃球場","Type_en":"Basketball Courts"}},{"type":"Feature","geometry":{"type":"Point","coordinates":[114.09490000000005,22.441500000000076]},"properties":{"Name":"籃球場（未命名）","Type_tc":"籃球場","Type_en":"Basketball Courts"}},{"type":"Feature","geometry":{"type":"Point","coordinates":[114.21870000000001,22.32490000000007]},"properties":{"Name":"籃球場（未命名）","Type_tc":"籃球場","Type_en":"Basketball Courts"}},{"type":"Feature","geometry":{"type":"Point","coordinates":[114.17390000000012,22.318700000000035]},"properties":{"Name":"籃球場（未命名）","Type_tc":"籃球場","Type_en":"Basketball Courts"}},{"type":"Feature","geometry":{"type":"Point","coordinates":[114.15790000000004,22.33940000000007]},"properties":{"Name":"籃球場（未命名）","Type_tc":"籃球場","Type_en":"Basketball Courts"}},{"type":"Feature","geometry":{"type":"Point","coordinates":[114.19640000000004,22.34110000000004]},"properties":{"Name":"籃球場（未命名）","Type_tc":"籃球場","Type_en":"Basketball Courts"}},{"type":"Feature","geometry":{"type":"Point","coordinates":[114.02610000000004,22.44360000000006]},"properties":{"Name":"籃球場（未命名）","Type_tc":"籃球場","Type_en":"Basketball Courts"}},{"type":"Feature","geometry":{"type":"Point","coordinates":[114.03410000000008,22.442400000000077]},"properties":{"Name":"籃球場（未命名）","Type_tc":"籃球場","Type_en":"Basketball Courts"}},{"type":"Feature","geometry":{"type":"Point","coordinates":[114.03160000000003,22.442800000000034]},"properties":{"Name":"籃球場（未命名）","Type_tc":"籃球場","Type_en":"Basketball Courts"}},{"type":"Feature","geometry":{"type":"Point","coordinates":[114.12790000000007,22.355200000000025]},"properties":{"Name":"籃球場（未命名）","Type_tc":"籃球場","Type_en":"Basketball Courts"}},{"type":"Feature","geometry":{"type":"Point","coordinates":[114.12760000000003,22.345500000000072]},"properties":{"Name":"籃球場（未命名）","Type_tc":"籃球場","Type_en":"Basketball Courts"}},{"type":"Feature","geometry":{"type":"Point","coordinates":[114.0372000000001,22.28520000000003]},"properties":{"Name":"籃球場（未命名）","Type_tc":"籃球場","Type_en":"Basketball Courts"}},{"type":"Feature","geometry":{"type":"Point","coordinates":[114.13760000000002,22.366100000000074]},"properties":{"Name":"籃球場（未命名）","Type_tc":"籃球場","Type_en":"Basketball Courts"}},{"type":"Feature","geometry":{"type":"Point","coordinates":[114.00770000000011,22.457400000000064]},"properties":{"Name":"籃球場（未命名）","Type_tc":"籃球場","Type_en":"Basketball Courts"}},{"type":"Feature","geometry":{"type":"Point","coordinates":[114.01820000000009,22.439400000000035]},"properties":{"Name":"籃球場（未命名）","Type_tc":"籃球場","Type_en":"Basketball Courts"}},{"type":"Feature","geometry":{"type":"Point","coordinates":[113.97850000000005,22.389500000000055]},"properties":{"Name":"籃球場（未命名）","Type_tc":"籃球場","Type_en":"Basketball Courts"}},{"type":"Feature","geometry":{"type":"Point","coordinates":[114.1834,22.33250000000004]},"properties":{"Name":"籃球場（未命名）","Type_tc":"籃球場","Type_en":"Basketball Courts"}},{"type":"Feature","geometry":{"type":"Point","coordinates":[113.96560000000011,22.37960000000004]},"properties":{"Name":"籃球場（未命名）","Type_tc":"籃球場","Type_en":"Basketball Courts"}},{"type":"Feature","geometry":{"type":"Point","coordinates":[114.16000000000008,22.340000000000032]},"properties":{"Name":"籃球場（未命名）","Type_tc":"籃球場","Type_en":"Basketball Courts"}},{"type":"Feature","geometry":{"type":"Point","coordinates":[114.16610000000003,22.334400000000073]},"properties":{"Name":"籃球場（未命名）","Type_tc":"籃球場","Type_en":"Basketball Courts"}},{"type":"Feature","geometry":{"type":"Point","coordinates":[114.1603,22.336500000000058]},"properties":{"Name":"籃球場（未命名）","Type_tc":"籃球場","Type_en":"Basketball Courts"}},{"type":"Feature","geometry":{"type":"Point","coordinates":[114.17130000000009,22.32970000000006]},"properties":{"Name":"籃球場（未命名）","Type_tc":"籃球場","Type_en":"Basketball Courts"}},{"type":"Feature","geometry":{"type":"Point","coordinates":[114.10120000000006,22.35310000000004]},"properties":{"Name":"籃球場（未命名）","Type_tc":"籃球場","Type_en":"Basketball Courts"}},{"type":"Feature","geometry":{"type":"Point","coordinates":[114.20730000000003,22.39170000000007]},"properties":{"Name":"籃球場（未命名）","Type_tc":"籃球場","Type_en":"Basketball Courts"}},{"type":"Feature","geometry":{"type":"Point","coordinates":[114.13170000000002,22.444200000000023]},"properties":{"Name":"籃球場（未命名）","Type_tc":"籃球場","Type_en":"Basketball Courts"}},{"type":"Feature","geometry":{"type":"Point","coordinates":[114.14510000000007,22.45070000000004]},"properties":{"Name":"籃球場（未命名）","Type_tc":"籃球場","Type_en":"Basketball Courts"}},{"type":"Feature","geometry":{"type":"Point","coordinates":[114.21940000000006,22.47330000000005]},"properties":{"Name":"籃球場（未命名）","Type_tc":"籃球場","Type_en":"Basketball Courts"}},{"type":"Feature","geometry":{"type":"Point","coordinates":[114.13780000000008,22.452800000000025]},"properties":{"Name":"籃球場（未命名）","Type_tc":"籃球場","Type_en":"Basketball Courts"}},{"type":"Feature","geometry":{"type":"Point","coordinates":[114.11090000000002,22.378000000000043]},"properties":{"Name":"籃球場（未命名）","Type_tc":"籃球場","Type_en":"Basketball Courts"}},{"type":"Feature","geometry":{"type":"Point","coordinates":[113.98500000000001,22.421500000000037]},"properties":{"Name":"籃球場（未命名）","Type_tc":"籃球場","Type_en":"Basketball Courts"}},{"type":"Feature","geometry":{"type":"Point","coordinates":[113.96900000000005,22.392600000000073]},"properties":{"Name":"籃球場（未命名）","Type_tc":"籃球場","Type_en":"Basketball Courts"}},{"type":"Feature","geometry":{"type":"Point","coordinates":[113.98210000000006,22.383800000000065]},"properties":{"Name":"籃球場（未命名）","Type_tc":"籃球場","Type_en":"Basketball Courts"}},{"type":"Feature","geometry":{"type":"Point","coordinates":[114.18660000000011,22.266900000000078]},"properties":{"Name":"籃球場（未命名）","Type_tc":"籃球場","Type_en":"Basketball Courts"}},{"type":"Feature","geometry":{"type":"Point","coordinates":[114.00760000000002,22.445100000000025]},"properties":{"Name":"籃球場（未命名）","Type_tc":"籃球場","Type_en":"Basketball Courts"}},{"type":"Feature","geometry":{"type":"Point","coordinates":[114.06720000000007,22.439200000000028]},"properties":{"Name":"籃球場（未命名）","Type_tc":"籃球場","Type_en":"Basketball Courts"}},{"type":"Feature","geometry":{"type":"Point","coordinates":[113.99440000000004,22.450900000000047]},"properties":{"Name":"籃球場（未命名）","Type_tc":"籃球場","Type_en":"Basketball Courts"}},{"type":"Feature","geometry":{"type":"Point","coordinates":[113.99290000000008,22.44980000000004]},"properties":{"Name":"籃球場（未命名）","Type_tc":"籃球場","Type_en":"Basketball Courts"}},{"type":"Feature","geometry":{"type":"Point","coordinates":[114.01050000000009,22.441500000000076]},"properties":{"Name":"籃球場（未命名）","Type_tc":"籃球場","Type_en":"Basketball Courts"}},{"type":"Feature","geometry":{"type":"Point","coordinates":[114.02700000000004,22.443700000000035]},"properties":{"Name":"籃球場（未命名）","Type_tc":"籃球場","Type_en":"Basketball Courts"}},{"type":"Feature","geometry":{"type":"Point","coordinates":[114.14340000000004,22.497200000000078]},"properties":{"Name":"籃球場（未命名）","Type_tc":"籃球場","Type_en":"Basketball Courts"}},{"type":"Feature","geometry":{"type":"Point","coordinates":[114.22800000000007,22.419400000000053]},"properties":{"Name":"籃球場（未命名）","Type_tc":"籃球場","Type_en":"Basketball Courts"}},{"type":"Feature","geometry":{"type":"Point","coordinates":[113.97630000000004,22.400400000000047]},"properties":{"Name":"籃球場（未命名）","Type_tc":"籃球場","Type_en":"Basketball Courts"}},{"type":"Feature","geometry":{"type":"Point","coordinates":[114.17450000000008,22.327800000000025]},"properties":{"Name":"籃球場（未命名）","Type_tc":"籃球場","Type_en":"Basketball Courts"}},{"type":"Feature","geometry":{"type":"Point","coordinates":[114.19250000000011,22.315900000000056]},"properties":{"Name":"籃球場（未命名）","Type_tc":"籃球場","Type_en":"Basketball Courts"}},{"type":"Feature","geometry":{"type":"Point","coordinates":[114.02170000000001,22.44410000000005]},"properties":{"Name":"籃球場（未命名）","Type_tc":"籃球場","Type_en":"Basketball Courts"}},{"type":"Feature","geometry":{"type":"Point","coordinates":[114.03030000000001,22.449600000000032]},"properties":{"Name":"籃球場（未命名）","Type_tc":"籃球場","Type_en":"Basketball Courts"}},{"type":"Feature","geometry":{"type":"Point","coordinates":[114.22980000000007,22.282700000000034]},"properties":{"Name":"籃球場（未命名）","Type_tc":"籃球場","Type_en":"Basketball Courts"}},{"type":"Feature","geometry":{"type":"Point","coordinates":[114.1907000000001,22.331200000000024]},"properties":{"Name":"籃球場（未命名）","Type_tc":"籃球場","Type_en":"Basketball Courts"}},{"type":"Feature","geometry":{"type":"Point","coordinates":[114.18060000000003,22.31230000000005]},"properties":{"Name":"籃球場（未命名）","Type_tc":"籃球場","Type_en":"Basketball Courts"}},{"type":"Feature","geometry":{"type":"Point","coordinates":[114.18390000000011,22.339200000000062]},"properties":{"Name":"籃球場（未命名）","Type_tc":"籃球場","Type_en":"Basketball Courts"}},{"type":"Feature","geometry":{"type":"Point","coordinates":[114.19060000000002,22.319300000000055]},"properties":{"Name":"籃球場（未命名）","Type_tc":"籃球場","Type_en":"Basketball Courts"}},{"type":"Feature","geometry":{"type":"Point","coordinates":[114.19050000000004,22.338600000000042]},"properties":{"Name":"籃球場（未命名）","Type_tc":"籃球場","Type_en":"Basketball Courts"}},{"type":"Feature","geometry":{"type":"Point","coordinates":[114.16630000000009,22.34110000000004]},"properties":{"Name":"籃球場（未命名）","Type_tc":"籃球場","Type_en":"Basketball Courts"}},{"type":"Feature","geometry":{"type":"Point","coordinates":[114.17510000000004,22.335300000000075]},"properties":{"Name":"籃球場（未命名）","Type_tc":"籃球場","Type_en":"Basketball Courts"}},{"type":"Feature","geometry":{"type":"Point","coordinates":[113.90240000000006,22.28550000000007]},"properties":{"Name":"籃球場（未命名）","Type_tc":"籃球場","Type_en":"Basketball Courts"}},{"type":"Feature","geometry":{"type":"Point","coordinates":[114.10980000000006,22.349600000000066]},"properties":{"Name":"籃球場（未命名）","Type_tc":"籃球場","Type_en":"Basketball Courts"}},{"type":"Feature","geometry":{"type":"Point","coordinates":[114.13530000000003,22.346300000000042]},"properties":{"Name":"籃球場（未命名）","Type_tc":"籃球場","Type_en":"Basketball Courts"}},{"type":"Feature","geometry":{"type":"Point","coordinates":[114.12930000000006,22.365300000000047]},"properties":{"Name":"籃球場（未命名）","Type_tc":"籃球場","Type_en":"Basketball Courts"}},{"type":"Feature","geometry":{"type":"Point","coordinates":[114.1812000000001,22.31030000000004]},"properties":{"Name":"籃球場（未命名）","Type_tc":"籃球場","Type_en":"Basketball Courts"}},{"type":"Feature","geometry":{"type":"Point","coordinates":[114.17370000000005,22.310700000000054]},"properties":{"Name":"籃球場（未命名）","Type_tc":"籃球場","Type_en":"Basketball Courts"}},{"type":"Feature","geometry":{"type":"Point","coordinates":[114.13710000000003,22.36370000000005]},"properties":{"Name":"籃球場（未命名）","Type_tc":"籃球場","Type_en":"Basketball Courts"}},{"type":"Feature","geometry":{"type":"Point","coordinates":[114.16200000000003,22.325800000000072]},"properties":{"Name":"籃球場（未命名）","Type_tc":"籃球場","Type_en":"Basketball Courts"}},{"type":"Feature","geometry":{"type":"Point","coordinates":[114.13370000000009,22.36220000000003]},"properties":{"Name":"籃球場（未命名）","Type_tc":"籃球場","Type_en":"Basketball Courts"}},{"type":"Feature","geometry":{"type":"Point","coordinates":[114.16740000000004,22.31430000000006]},"properties":{"Name":"籃球場（未命名）","Type_tc":"籃球場","Type_en":"Basketball Courts"}},{"type":"Feature","geometry":{"type":"Point","coordinates":[114.17070000000001,22.310400000000072]},"properties":{"Name":"籃球場（未命名）","Type_tc":"籃球場","Type_en":"Basketball Courts"}},{"type":"Feature","geometry":{"type":"Point","coordinates":[114.15310000000011,22.247700000000066]},"properties":{"Name":"籃球場（未命名）","Type_tc":"籃球場","Type_en":"Basketball Courts"}},{"type":"Feature","geometry":{"type":"Point","coordinates":[114.2301000000001,22.276700000000062]},"properties":{"Name":"籃球場（未命名）","Type_tc":"籃球場","Type_en":"Basketball Courts"}},{"type":"Feature","geometry":{"type":"Point","coordinates":[114.23170000000005,22.281600000000026]},"properties":{"Name":"籃球場（未命名）","Type_tc":"籃球場","Type_en":"Basketball Courts"}},{"type":"Feature","geometry":{"type":"Point","coordinates":[114.19950000000006,22.28400000000005]},"properties":{"Name":"籃球場（未命名）","Type_tc":"籃球場","Type_en":"Basketball Courts"}},{"type":"Feature","geometry":{"type":"Point","coordinates":[114.20580000000007,22.290700000000072]},"properties":{"Name":"籃球場（未命名）","Type_tc":"籃球場","Type_en":"Basketball Courts"}},{"type":"Feature","geometry":{"type":"Point","coordinates":[114.20950000000005,22.290800000000047]},"properties":{"Name":"籃球場（未命名）","Type_tc":"籃球場","Type_en":"Basketball Courts"}},{"type":"Feature","geometry":{"type":"Point","coordinates":[114.16940000000011,22.278400000000033]},"properties":{"Name":"籃球場（未命名）","Type_tc":"籃球場","Type_en":"Basketball Courts"}},{"type":"Feature","geometry":{"type":"Point","coordinates":[114.17810000000009,22.277900000000045]},"properties":{"Name":"籃球場（未命名）","Type_tc":"籃球場","Type_en":"Basketball Courts"}},{"type":"Feature","geometry":{"type":"Point","coordinates":[114.19170000000008,22.31510000000003]},"properties":{"Name":"籃球場（未命名）","Type_tc":"籃球場","Type_en":"Basketball Courts"}},{"type":"Feature","geometry":{"type":"Point","coordinates":[114.1812000000001,22.339300000000037]},"properties":{"Name":"籃球場（未命名）","Type_tc":"籃球場","Type_en":"Basketball Courts"}},{"type":"Feature","geometry":{"type":"Point","coordinates":[114.18510000000003,22.317600000000027]},"properties":{"Name":"籃球場（未命名）","Type_tc":"籃球場","Type_en":"Basketball Courts"}},{"type":"Feature","geometry":{"type":"Point","coordinates":[114.17540000000008,22.339200000000062]},"properties":{"Name":"籃球場（未命名）","Type_tc":"籃球場","Type_en":"Basketball Courts"}},{"type":"Feature","geometry":{"type":"Point","coordinates":[114.17790000000002,22.344200000000058]},"properties":{"Name":"籃球場（未命名）","Type_tc":"籃球場","Type_en":"Basketball Courts"}},{"type":"Feature","geometry":{"type":"Point","coordinates":[114.18720000000008,22.32200000000006]},"properties":{"Name":"籃球場（未命名）","Type_tc":"籃球場","Type_en":"Basketball Courts"}},{"type":"Feature","geometry":{"type":"Point","coordinates":[114.18100000000004,22.32830000000007]},"properties":{"Name":"籃球場（未命名）","Type_tc":"籃球場","Type_en":"Basketball Courts"}},{"type":"Feature","geometry":{"type":"Point","coordinates":[114.18810000000008,22.30750000000006]},"properties":{"Name":"籃球場（未命名）","Type_tc":"籃球場","Type_en":"Basketball Courts"}},{"type":"Feature","geometry":{"type":"Point","coordinates":[114.18790000000001,22.317600000000027]},"properties":{"Name":"籃球場（未命名）","Type_tc":"籃球場","Type_en":"Basketball Courts"}},{"type":"Feature","geometry":{"type":"Point","coordinates":[114.1862000000001,22.310200000000066]},"properties":{"Name":"籃球場（未命名）","Type_tc":"籃球場","Type_en":"Basketball Courts"}},{"type":"Feature","geometry":{"type":"Point","coordinates":[114.19280000000003,22.30600000000004]},"properties":{"Name":"籃球場（未命名）","Type_tc":"籃球場","Type_en":"Basketball Courts"}},{"type":"Feature","geometry":{"type":"Point","coordinates":[114.17640000000006,22.318400000000054]},"properties":{"Name":"籃球場（未命名）","Type_tc":"籃球場","Type_en":"Basketball Courts"}},{"type":"Feature","geometry":{"type":"Point","coordinates":[114.17810000000009,22.33340000000004]},"properties":{"Name":"籃球場（未命名）","Type_tc":"籃球場","Type_en":"Basketball Courts"}},{"type":"Feature","geometry":{"type":"Point","coordinates":[114.18400000000008,22.30860000000007]},"properties":{"Name":"籃球場（未命名）","Type_tc":"籃球場","Type_en":"Basketball Courts"}},{"type":"Feature","geometry":{"type":"Point","coordinates":[114.2219,22.311900000000037]},"properties":{"Name":"籃球場（未命名）","Type_tc":"籃球場","Type_en":"Basketball Courts"}},{"type":"Feature","geometry":{"type":"Point","coordinates":[114.2170000000001,22.320400000000063]},"properties":{"Name":"籃球場（未命名）","Type_tc":"籃球場","Type_en":"Basketball Courts"}},{"type":"Feature","geometry":{"type":"Point","coordinates":[114.20040000000006,22.34970000000004]},"properties":{"Name":"籃球場（未命名）","Type_tc":"籃球場","Type_en":"Basketball Courts"}},{"type":"Feature","geometry":{"type":"Point","coordinates":[114.20440000000008,22.34790000000004]},"properties":{"Name":"籃球場（未命名）","Type_tc":"籃球場","Type_en":"Basketball Courts"}},{"type":"Feature","geometry":{"type":"Point","coordinates":[114.16540000000009,22.32290000000006]},"properties":{"Name":"籃球場（未命名）","Type_tc":"籃球場","Type_en":"Basketball Courts"}},{"type":"Feature","geometry":{"type":"Point","coordinates":[114.17920000000004,22.30090000000007]},"properties":{"Name":"籃球場（未命名）","Type_tc":"籃球場","Type_en":"Basketball Courts"}},{"type":"Feature","geometry":{"type":"Point","coordinates":[114.16600000000005,22.45210000000003]},"properties":{"Name":"籃球場（未命名）","Type_tc":"籃球場","Type_en":"Basketball Courts"}},{"type":"Feature","geometry":{"type":"Point","coordinates":[114.19520000000011,22.285100000000057]},"properties":{"Name":"籃球場（未命名）","Type_tc":"籃球場","Type_en":"Basketball Courts"}},{"type":"Feature","geometry":{"type":"Point","coordinates":[114.20080000000007,22.287900000000036]},"properties":{"Name":"籃球場（未命名）","Type_tc":"籃球場","Type_en":"Basketball Courts"}},{"type":"Feature","geometry":{"type":"Point","coordinates":[113.99560000000008,22.266500000000065]},"properties":{"Name":"籃球場（未命名）","Type_tc":"籃球場","Type_en":"Basketball Courts"}},{"type":"Feature","geometry":{"type":"Point","coordinates":[114.10250000000008,22.431700000000035]},"properties":{"Name":"籃球場（未命名）","Type_tc":"籃球場","Type_en":"Basketball Courts"}},{"type":"Feature","geometry":{"type":"Point","coordinates":[114.20630000000006,22.382600000000025]},"properties":{"Name":"籃球場（未命名）","Type_tc":"籃球場","Type_en":"Basketball Courts"}},{"type":"Feature","geometry":{"type":"Point","coordinates":[113.9697000000001,22.397500000000036]},"properties":{"Name":"籃球場（未命名）","Type_tc":"籃球場","Type_en":"Basketball Courts"}},{"type":"Feature","geometry":{"type":"Point","coordinates":[113.99270000000001,22.43070000000006]},"properties":{"Name":"籃球場（未命名）","Type_tc":"籃球場","Type_en":"Basketball Courts"}},{"type":"Feature","geometry":{"type":"Point","coordinates":[114.17240000000004,22.277100000000075]},"properties":{"Name":"籃球場（未命名）","Type_tc":"籃球場","Type_en":"Basketball Courts"}},{"type":"Feature","geometry":{"type":"Point","coordinates":[114.02846543431193,22.45392817167134]},"properties":{"Name":"橫洲(流動圖書館三)","Name_tc":"橫洲(流動圖書館三)","Name_en":"Wang Chau(Mobile Library 3)","Type_tc":"圖書館","Type_en":"Libraries","District_tc":"元朗","District_en":"YUEN LONG","Address_tc":"新界元朗橫洲東頭圍村公所側","Address_en":"Adjacent to Tung Tau Wai Village Office, Wang Chau, Yuen Long, N.T."}},{"type":"Feature","geometry":{"type":"Point","coordinates":[114.17549034980071,22.463482437233484]},"properties":{"Name":"富蝶邨 (流動圖書館五)","Name_tc":"富蝶邨 (流動圖書館五)","Name_en":"Fu Tip Estate (Mobile Library 5)","Type_tc":"圖書館","Type_en":"Libraries","District_tc":"大埔","District_en":"TAI PO","Address_tc":"大埔富蝶邨喜蝶樓側","Address_en":"Adjacent to Hei Tip House, Fu Tip Estate, Tai Po"}},{"type":"Feature","geometry":{"type":"Point","coordinates":[113.97020908655553,22.402172285628858]},"properties":{"Name":"大興公共圖書館","Name_tc":"大興公共圖書館","Name_en":"Tai Hing Public Library","Type_tc":"圖書館","Type_en":"Libraries","District_tc":"屯門","District_en":"TUEN MUN","Address_tc":"新界屯門大興邨商場一樓80號","Address_en":"Unit No. 80, 1/F, Commercial Complex, Tai Hing Estate, Tuen Mun, N.T."}},{"type":"Feature","geometry":{"type":"Point","coordinates":[113.93610651451972,22.280976991705327]},"properties":{"Name":"東涌逸東邨(流動圖書館四)","Name_tc":"東涌逸東邨(流動圖書館四)","Name_en":"Yat Tung Estate(Mobile Library 4)","Type_tc":"圖書館","Type_en":"Libraries","District_tc":"離島","District_en":"ISLANDS","Address_tc":"新界東涌逸東邨至逸樓側","Address_en":"Adjacent to Chi Yat House, Yat Tung Estate, Tung Chung, N.T."}},{"type":"Feature","geometry":{"type":"Point","coordinates":[114.17794400323628,22.373061997054453]},"properties":{"Name":"自助圖書站(大圍村南道)","Name_tc":"自助圖書站(大圍村南道)","Name_en":"Self-service Library Station (Tsuen Nam Road, Tai Wai)","Type_tc":"圖書館","Type_en":"Libraries","District_tc":"沙田","District_en":"SHA TIN","Address_tc":"沙田大圍村南道2號 (近港鐵大圍站D出口)","Address_en":"2 Tsuen Nam Road, Tai Wai, Sha Tin (near MTR Tai Wai Station Exit D)"}},{"type":"Feature","geometry":{"type":"Point","coordinates":[113.99296037865133,22.37222474824814]},"properties":{"Name":"黃金海岸(流動圖書館十)","Name_tc":"黃金海岸(流動圖書館十)","Name_en":"Gold Coast(Mobile Library 10)","Type_tc":"圖書館","Type_en":"Libraries","District_tc":"屯門","District_en":"TUEN MUN","Address_tc":"新界屯門青山灣黃金海岸商場側","Address_en":"Adjacent to Gold Coast Piazza, Castle Peak Bay, Tuen Mun, N.T."}},{"type":"Feature","geometry":{"type":"Point","coordinates":[114.17050448763213,22.29439060641317]},"properties":{"Name":"自助圖書站(香港文化中心)","Name_tc":"自助圖書站(香港文化中心)","Name_en":"Self-service Library Station (Hong Kong Cultural Centre)","Type_tc":"圖書館","Type_en":"Libraries","District_tc":"油尖旺","District_en":"YAU TSIM MONG","Address_tc":"尖沙咀梳士巴利道10號香港文化中心","Address_en":"Hong Kong Cultural Centre, 10 Salisbury Road, Tsim Sha Tsui"}},{"type":"Feature","geometry":{"type":"Point","coordinates":[114.22211149724671,22.284919413254954]},"properties":{"Name":"自助圖書站(港島東體育館休憩處)","Name_tc":"自助圖書站(港島東體育館休憩處)","Name_en":"Self-service Library Station(Island East Sports Centre Sitting-out Area)","Type_tc":"圖書館","Type_en":"Libraries","District_tc":"東區","District_en":"EASTERN","Address_tc":"西灣河鯉景道52號港島東體育館休憩處","Address_en":"Island East Sports Centre Sitting-out Area, 52, Lei King Road, Sai Wan Ho"}},{"type":"Feature","geometry":{"type":"Point","coordinates":[114.16788943573043,22.442620472516232]},"properties":{"Name":"運頭塘邨(流動圖書館十一)","Name_tc":"運頭塘邨(流動圖書館十一)","Name_en":"Wan Tau Tong Estate(Mobile Library 11)","Type_tc":"圖書館","Type_en":"Libraries","District_tc":"大埔","District_en":"TAI PO","Address_tc":"大埔運頭塘邨運臨樓側","Address_en":"Adjacent to Wan Lam House, Wan Tau Tong Estate, Tai Po"}},{"type":"Feature","geometry":{"type":"Point","coordinates":[114.25555000307918,22.430759997709725]},"properties":{"Name":"泥涌(流動圖書館五)","Name_tc":"泥涌(流動圖書館五)","Name_en":"Nai Chung(Mobile Library 5)","Type_tc":"圖書館","Type_en":"Libraries","District_tc":"大埔","District_en":"TAI PO","Address_tc":"西貢北泥涌停車場","Address_en":"Nai Chung Carpark, Sai Kung North"}},{"type":"Feature","geometry":{"type":"Point","coordinates":[114.1508300028996,22.2446619971551]},"properties":{"Name":"鴨脷洲邨(流動圖書館六)","Name_tc":"鴨脷洲邨(流動圖書館六)","Name_en":"Ap Lei Chau Estate(Mobile Library 6)","Type_tc":"圖書館","Type_en":"Libraries","District_tc":"南區","District_en":"SOUTHERN","Address_tc":"鴨脷洲邨利添樓側","Address_en":"Adjacent to Lei Tim House, Ap Lei Chau Estate"}},{"type":"Feature","geometry":{"type":"Point","coordinates":[114.1490800032402,22.330599997369013]},"properties":{"Name":"深水埗公共圖書館","Name_tc":"深水埗公共圖書館","Name_en":"Sham Shui Po Public Library","Type_tc":"圖書館","Type_en":"Libraries","District_tc":"深水埗","District_en":"SHAM SHUI PO","Address_tc":"九龍深水埗深旺道38號深水埗康樂文化大樓地下及一樓","Address_en":"G/F & 1/F, Sham Shui Po Leisure and Cultural Building, 38 Sham Mong Road, Sham Shui Po, Kowloon"}},{"type":"Feature","geometry":{"type":"Point","coordinates":[114.23018141909084,22.41863420886138]},"properties":{"Name":"耀安邨(流動圖書館五)","Name_tc":"耀安邨(流動圖書館五)","Name_en":"Yiu On Estate(Mobile Library 5)","Type_tc":"圖書館","Type_en":"Libraries","District_tc":"沙田","District_en":"SHA TIN","Address_tc":"新界馬鞍山耀安邨耀平樓側","Address_en":"Adjacent to Yiu Ping House, Yiu On Estate, Ma On Shan, N.T."}},{"type":"Feature","geometry":{"type":"Point","coordinates":[113.9629958997274,22.376399697986674]},"properties":{"Name":"蝴蝶邨公共圖書館","Name_tc":"蝴蝶邨公共圖書館","Name_en":"Butterfly Estate Public Library","Type_tc":"圖書館","Type_en":"Libraries","District_tc":"屯門","District_en":"TUEN MUN","Address_tc":"新界屯門蝴蝶邨蝶聚樓地下 123 –130 號","Address_en":"Unit Nos. 123-130, Ground Floor, Tip Chui House of Butterfly Estate, Tuen Mun, N.T."}},{"type":"Feature","geometry":{"type":"Point","coordinates":[114.23007900322284,22.32519699720436]},"properties":{"Name":"安泰邨 (流動圖書館八)","Name_tc":"安泰邨 (流動圖書館八)","Name_en":"On Tai Estate (Mobile Library 8)","Type_tc":"圖書館","Type_en":"Libraries","District_tc":"觀塘","District_en":"KWUN TONG","Address_tc":"安達臣道安泰邨錦泰樓側","Address_en":"Adjacent to Kam Tai House, On Tai Estate, Anderson Road"}},{"type":"Feature","geometry":{"type":"Point","coordinates":[114.21708900285732,22.328885997788706]},"properties":{"Name":"彩福邨 (流動圖書館八)","Name_tc":"彩福邨 (流動圖書館八)","Name_en":"Choi Fook Estate (Mobile Library 8)","Type_tc":"圖書館","Type_en":"Libraries","District_tc":"觀塘","District_en":"KWUN TONG","Address_tc":"九龍灣彩福邨彩樂樓側","Address_en":"Adjacent to Choi Lok House, Choi Fook Estate, Kowloon Bay"}},{"type":"Feature","geometry":{"type":"Point","coordinates":[114.23532400339641,22.321379997708686]},"properties":{"Name":"安達邨(流動圖書館二)","Name_tc":"安達邨(流動圖書館二)","Name_en":"On Tat Estate(Mobile Library 2)","Type_tc":"圖書館","Type_en":"Libraries","District_tc":"觀塘","District_en":"KWUN TONG","Address_tc":"安達臣道安達邨賢達樓側","Address_en":"Adjacent to Yin Tat House, On Tat Estate, Anderson Road"}},{"type":"Feature","geometry":{"type":"Point","coordinates":[114.25943737141289,22.311453805529887]},"properties":{"Name":"尚德邨(流動圖書館二)","Name_tc":"尚德邨(流動圖書館二)","Name_en":"Sheung Tak Estate(Mobile Library 2)","Type_tc":"圖書館","Type_en":"Libraries","District_tc":"西貢","District_en":"SAI KUNG","Address_tc":"將軍澳尚德邨TKO Spot側停車位","Address_en":"Parking area adjacent to TKO Spot, Sheung Tak Estate, Tseung Kwan O"}},{"type":"Feature","geometry":{"type":"Point","coordinates":[114.22420500300744,22.405318997204436]},"properties":{"Name":"富安花園(流動圖書館二)","Name_tc":"富安花園(流動圖書館二)","Name_en":"Chevalier Garden(Mobile Library 2)","Type_tc":"圖書館","Type_en":"Libraries","District_tc":"沙田","District_en":"SHA TIN","Address_tc":"沙田馬鞍山富安花園商場側之停車場","Address_en":"Carpark adjacent to Chevalier Garden Shopping Mall, Ma On Shan, Shatin, N.T."}},{"type":"Feature","geometry":{"type":"Point","coordinates":[114.1945720029928,22.37544399777516]},"properties":{"Name":"博康邨(流動圖書館二)","Name_tc":"博康邨(流動圖書館二)","Name_en":"Pok Hong Estate(Mobile Library 2)","Type_tc":"圖書館","Type_en":"Libraries","District_tc":"沙田","District_en":"SHA TIN","Address_tc":"沙田博康邨博康社區會堂側","Address_en":"Adjacent to Pok Hong Community Hall, Pok Hong Estate, Sha Tin"}},{"type":"Feature","geometry":{"type":"Point","coordinates":[114.16050000287056,22.52468499766788]},"properties":{"Name":"打鼓嶺 (流動圖書館五)","Name_tc":"打鼓嶺 (流動圖書館五)","Name_en":"Ta Kwu Ling Car Park (Mobile Library 5)","Type_tc":"圖書館","Type_en":"Libraries","District_tc":"北區","District_en":"NORTH","Address_tc":"打鼓嶺坪輋路136號打鼓嶺鄉村中心政府大樓側停車場","Address_en":"Adjacent to Carpark, Ta Kwu Ling Rural Centre Government Building, No. 136 Ping Che Road, Ta Kwu Ling"}},{"type":"Feature","geometry":{"type":"Point","coordinates":[114.17070130277295,22.320781661334443]},"properties":{"Name":"花園街公共圖書館","Name_tc":"花園街公共圖書館","Name_en":"Fa Yuen Street Public Library","Type_tc":"圖書館","Type_en":"Libraries","District_tc":"油尖旺","District_en":"YAU TSIM MONG","Address_tc":"九龍旺角花園街123A號花園街市政大廈四至五樓","Address_en":"4-5/F., Fa Yuen Street Municipal Services Building, 123A Fa Yuen Street, Mong Kok, Kowloon"}},{"type":"Feature","geometry":{"type":"Point","coordinates":[114.14349238742116,22.487198014062066]},"properties":{"Name":"粉嶺南公共圖書館","Name_tc":"粉嶺南公共圖書館","Name_en":"Fanling South Public Library","Type_tc":"圖書館","Type_en":"Libraries","District_tc":"北區","District_en":"NORTH","Address_tc":"新界粉嶺一鳴路23號牽晴間購物廣場一樓104A及105A號舖位","Address_en":"Shop Nos. 104A & 105A, First Floor, Dawning Views Shopping Plaza, 23 Yat Ming Road, Fanling, New Territories"}},{"type":"Feature","geometry":{"type":"Point","coordinates":[114.16151400344701,22.45235799709866]},"properties":{"Name":"太和邨(流動圖書館五)","Name_tc":"太和邨(流動圖書館五)","Name_en":"Tai Wo Estate(Mobile Library 5)","Type_tc":"圖書館","Type_en":"Libraries","District_tc":"大埔","District_en":"TAI PO","Address_tc":"新界大埔太和邨太和鄰里社區中心側","Address_en":"Adjacent to Tai Wo Neighbourhood Community Centre, Tai Wo Estate, Tai Po, N.T."}},{"type":"Feature","geometry":{"type":"Point","coordinates":[114.23894516346286,22.27587959849292]},"properties":{"Name":"杏花邨(流動圖書館九)","Name_tc":"杏花邨(流動圖書館九)","Name_en":"Heng Fa Chuen(Mobile Library 9)","Type_tc":"圖書館","Type_en":"Libraries","District_tc":"東區","District_en":"EASTERN","Address_tc":"香港柴灣杏花邨盛民里第六座側","Address_en":"Adjacent to Block 6, Shing Man Lane, Heng Fa Chuen, Chai Wan, Hong Kong"}},{"type":"Feature","geometry":{"type":"Point","coordinates":[114.01617655458597,22.29574527177185]},"properties":{"Name":"愉景灣(流動圖書館四)","Name_tc":"愉景灣(流動圖書館四)","Name_en":"Discovery Bay(Mobile Library 4)","Type_tc":"圖書館","Type_en":"Libraries","District_tc":"離島","District_en":"ISLANDS","Address_tc":"愉景灣愉景廣場愉景灣郵政局側","Address_en":"Adjacent to Discovery Bay Post Office at Discovery Bay Plaza, Discovery Bay"}},{"type":"Feature","geometry":{"type":"Point","coordinates":[114.23630545448708,22.299918307413]},"properties":{"Name":"油麗邨(流動圖書館八)","Name_tc":"油麗邨(流動圖書館八)","Name_en":"Yau Lai Estate(Mobile Library 8)","Type_tc":"圖書館","Type_en":"Libraries","District_tc":"觀塘","District_en":"KWUN TONG","Address_tc":"九龍油塘油麗邨豐麗樓側","Address_en":"Adjacent to Fung Lai House, Yau Lai Estate, Yau Tong, Kowloon"}},{"type":"Feature","geometry":{"type":"Point","coordinates":[114.13155543792494,22.37893134930588]},"properties":{"Name":"象山邨(流動圖書館十二)","Name_tc":"象山邨(流動圖書館十二)","Name_en":"Cheung Shan Estate(Mobile Library 12)","Type_tc":"圖書館","Type_en":"Libraries","District_tc":"荃灣","District_en":"TSUEN WAN","Address_tc":"新界荃灣象山邨秀山樓側","Address_en":"Adjacent to Sau Shan House, Cheung Shan Estate, Tsuen Wan, N.T."}},{"type":"Feature","geometry":{"type":"Point","coordinates":[114.18259811707536,22.370197831968028]},"properties":{"Name":"新翠邨(流動圖書館十一)","Name_tc":"新翠邨(流動圖書館十一)","Name_en":"Sun Chui Estate(Mobile Library 11)","Type_tc":"圖書館","Type_en":"Libraries","District_tc":"沙田","District_en":"SHA TIN","Address_tc":"新界沙田新翠邨新傑樓側","Address_en":"Adjacent to Sun Kit House, Sun Chui Estate, Shatin, N.T."}},{"type":"Feature","geometry":{"type":"Point","coordinates":[114.10645957168478,22.35409833723598]},"properties":{"Name":"青衣公共圖書館","Name_tc":"青衣公共圖書館","Name_en":"Tsing Yi Public Library","Type_tc":"圖書館","Type_en":"Libraries","District_tc":"葵青","District_en":"KWAI TSING","Address_tc":"新界青衣青綠街38號青衣市政大廈一樓","Address_en":"1/F, Tsing Yi Municipal Services Building, 38 Tsing Luk Street, Tsing Yi, N.T."}},{"type":"Feature","geometry":{"type":"Point","coordinates":[114.1693187489477,22.454935370755244]},"properties":{"Name":"大元邨(流動圖書館十一)","Name_tc":"大元邨(流動圖書館十一)","Name_en":"Tai Yuen Estate(Mobile Library 11)","Type_tc":"圖書館","Type_en":"Libraries","District_tc":"大埔","District_en":"TAI PO","Address_tc":"新界大埔大元邨泰民樓側遊樂場","Address_en":"Playground adjacent to Tai Man House, Tai Yuen Estate, Tai Po, N.T."}},{"type":"Feature","geometry":{"type":"Point","coordinates":[114.25444697391099,22.306413583225318]},"properties":{"Name":"調景嶺公共圖書館","Name_tc":"調景嶺公共圖書館","Name_en":"Tiu Keng Leng Public Library","Type_tc":"圖書館","Type_en":"Libraries","District_tc":"西貢","District_en":"SAI KUNG","Address_tc":"新界將軍澳翠嶺路四號","Address_en":"4 Chui Ling Road, Tseung Kwan O, N.T."}},{"type":"Feature","geometry":{"type":"Point","coordinates":[114.0592021489501,22.368014051356358]},"properties":{"Name":"深井(流動圖書館十二)","Name_tc":"深井(流動圖書館十二)","Name_en":"Sham Tseng(Mobile Library 12)","Type_tc":"圖書館","Type_en":"Libraries","District_tc":"荃灣","District_en":"TSUEN WAN","Address_tc":"新界深井深井街巿停車場","Address_en":"Sham Tseng Market Carpark, Sham Tseng, N.T."}},{"type":"Feature","geometry":{"type":"Point","coordinates":[114.25425866964513,22.32572378926291]},"properties":{"Name":"寶林邨(流動圖書館二)","Name_tc":"寶林邨(流動圖書館二)","Name_en":"Po Lam Estate(Mobile Library 2)","Type_tc":"圖書館","Type_en":"Libraries","District_tc":"西貢","District_en":"SAI KUNG","Address_tc":"新界將軍澳寶林邨寶寧樓(西座)側","Address_en":"Adjacent to Po Ning House(West), Po Lam Estate, Tseung Kwan O, N.T."}},{"type":"Feature","geometry":{"type":"Point","coordinates":[114.12506748524011,22.493258663010998]},"properties":{"Name":"清河邨(流動圖書館十)","Name_tc":"清河邨(流動圖書館十)","Name_en":"Ching Ho Estate(Mobile Library 10)","Type_tc":"圖書館","Type_en":"Libraries","District_tc":"北區","District_en":"NORTH","Address_tc":"新界上水清河邨清照樓側","Address_en":"Adjacent to Ching Chiu House, Ching Ho Estate, Sheung Shui, N.T."}},{"type":"Feature","geometry":{"type":"Point","coordinates":[114.24143890246596,22.297165619540987]},"properties":{"Name":"高怡邨(流動圖書館一)","Name_tc":"高怡邨(流動圖書館一)","Name_en":"Ko Yee Estate(Mobile Library 1)","Type_tc":"圖書館","Type_en":"Libraries","District_tc":"觀塘","District_en":"KWUN TONG","Address_tc":"九龍油塘高怡邨高志樓側","Address_en":"Adjacent to Ko Chi House, Ko Yee Estate, Yau Tong, Kowloon"}},{"type":"Feature","geometry":{"type":"Point","coordinates":[114.17305577962601,22.36478769340036]},"properties":{"Name":"顯徑邨(流動圖書館五)","Name_tc":"顯徑邨(流動圖書館五)","Name_en":"Hin Keng Estate(Mobile Library 5)","Type_tc":"圖書館","Type_en":"Libraries","District_tc":"沙田","District_en":"SHA TIN","Address_tc":"新界沙田顯徑邨顯楊樓側","Address_en":"Adjacent to Hin Yeung House, Hin Keng Estate, Shatin, N.T."}},{"type":"Feature","geometry":{"type":"Point","coordinates":[114.20337306129335,22.331972113003857]},"properties":{"Name":"啟晴邨(流動圖書館一)","Name_tc":"啟晴邨(流動圖書館一)","Name_en":"Kai Ching Estate(Mobile Library 1)","Type_tc":"圖書館","Type_en":"Libraries","District_tc":"九龍城","District_en":"KOWLOON CITY","Address_tc":"九龍九龍城啟晴邨康晴樓側","Address_en":"Adjacent to Hong Ching House, Kai Ching Estate, Kowloon City, Kowloon"}},{"type":"Feature","geometry":{"type":"Point","coordinates":[114.23012157381595,22.312451325960193]},"properties":{"Name":"翠屏邨(流動圖書館二)","Name_tc":"翠屏邨(流動圖書館二)","Name_en":"Tsui Ping Estate(Mobile Library 2)","Type_tc":"圖書館","Type_en":"Libraries","District_tc":"觀塘","District_en":"KWUN TONG","Address_tc":"九龍觀塘翠屏(南)邨翠櫻樓側","Address_en":"Adjacent to Tsui Ying House, Tsui Ping (South) Estate, Kwun Tong, Kowloon"}},{"type":"Feature","geometry":{"type":"Point","coordinates":[114.2303270283249,22.426023800416893]},"properties":{"Name":"馬鞍山公共圖書館","Name_tc":"馬鞍山公共圖書館","Name_en":"Ma On Shan Public Library","Type_tc":"圖書館","Type_en":"Libraries","District_tc":"沙田","District_en":"SHA TIN","Address_tc":"新界沙田馬鞍山鞍駿街14號","Address_en":"14 On Chun Street, Ma On Shan, Shatin, N.T."}},{"type":"Feature","geometry":{"type":"Point","coordinates":[114.26354002448844,22.30702215539892]},"properties":{"Name":"怡明邨(流動圖書館五)","Name_tc":"怡明邨(流動圖書館五)","Name_en":"Yee Ming Estate(Mobile Library 5)","Type_tc":"圖書館","Type_en":"Libraries","District_tc":"西貢","District_en":"SAI KUNG","Address_tc":"新界將軍澳怡明邨怡情樓側","Address_en":"Adjacent to Yee Ching House, Yee Ming Estate, Tseung Kwan O, N.T."}},{"type":"Feature","geometry":{"type":"Point","coordinates":[114.20987511726858,22.32961754838546]},"properties":{"Name":"啟業邨(流動圖書館七)","Name_tc":"啟業邨(流動圖書館七)","Name_en":"Kai Yip Estate(Mobile Library 7)","Type_tc":"圖書館","Type_en":"Libraries","District_tc":"觀塘","District_en":"KWUN TONG","Address_tc":"九龍九龍灣啟業邨啟寧樓側","Address_en":"Adjacent to Kai Ning House, Kai Yip Estate, Kowloon Bay, Kowloon"}},{"type":"Feature","geometry":{"type":"Point","coordinates":[114.12426666669238,22.374766975243357]},"properties":{"Name":"石圍角公共圖書館","Name_tc":"石圍角公共圖書館","Name_en":"Shek Wai Kok Public Library","Type_tc":"圖書館","Type_en":"Libraries","District_tc":"荃灣","District_en":"TSUEN WAN","Address_tc":"新界荃灣石圍角邨石芳樓215-219室","Address_en":"Units No. 215 -219, Shek Fong House, Shek Wai Kok Estate, Tsuen Wan, N.T."}},{"type":"Feature","geometry":{"type":"Point","coordinates":[114.26957527530557,22.316771859270954]},"properties":{"Name":"明德邨(流動圖書館五)","Name_tc":"明德邨(流動圖書館五)","Name_en":"Ming Tak Estate(Mobile Library 5)","Type_tc":"圖書館","Type_en":"Libraries","District_tc":"西貢","District_en":"SAI KUNG","Address_tc":"新界將軍澳明德邨明道樓側","Address_en":"Adjacent to Ming Toa House, Ming Tak Estate, Tseung Kwan O, N.T."}},{"type":"Feature","geometry":{"type":"Point","coordinates":[114.2270608607106,22.28098511673826]},"properties":{"Name":"愛東邨(流動圖書館九)","Name_tc":"愛東邨(流動圖書館九)","Name_en":"Oi Tung Estate(Mobile Library 9)","Type_tc":"圖書館","Type_en":"Libraries","District_tc":"東區","District_en":"EASTERN","Address_tc":"愛秩序灣愛東邨愛旭樓側","Address_en":"Adjacent to Oi Yuk House, Oi Tung Estate, Aldrich Bay"}},{"type":"Feature","geometry":{"type":"Point","coordinates":[114.14988180305987,22.286633197053963]},"properties":{"Name":"上環文化廣場(流動圖書館九)","Name_tc":"上環文化廣場(流動圖書館九)","Name_en":"Sheung Wan Cultural Square(Mobile Library 9)","Type_tc":"圖書館","Type_en":"Libraries","District_tc":"中西區","District_en":"CENTRAL AND WESTERN","Address_tc":"香港上環文化廣場(文咸東街近永樂街路段)路旁停車處","Address_en":"Lay-by near Sheung Wan Cultural Square (Bonham Strand close to the section of Wing Lok Street), Hong Kong"}},{"type":"Feature","geometry":{"type":"Point","coordinates":[114.1888912288769,22.329640335325067]},"properties":{"Name":"九龍城公共圖書館","Name_tc":"九龍城公共圖書館","Name_en":"Kowloon City Public Library","Type_tc":"圖書館","Type_en":"Libraries","District_tc":"九龍城","District_en":"KOWLOON CITY","Address_tc":"九龍城衙前圍道100號九龍城市政大廈三樓","Address_en":"3/F., Kowloon City Municipal Services Buliding, 100 Nga Tsin Wai Road, Kowloon City, Kowloon"}},{"type":"Feature","geometry":{"type":"Point","coordinates":[113.96843585876364,22.405698928905924]},"properties":{"Name":"青田遊樂場(流動圖書館十)","Name_tc":"青田遊樂場(流動圖書館十)","Name_en":"Tsing Tin Playground(Mobile Library 10)","Type_tc":"圖書館","Type_en":"Libraries","District_tc":"屯門","District_en":"TUEN MUN","Address_tc":"新界屯門良運街青田遊樂場","Address_en":"Tsing Tin Playground, Leung Wan Street, Tuen Mun, N.T."}},{"type":"Feature","geometry":{"type":"Point","coordinates":[113.97985800316015,22.403563997380253]},"properties":{"Name":"景峰花園(流動圖書館三)","Name_tc":"景峰花園(流動圖書館三)","Name_en":"Prime View Garden(Mobile Library 3)","Type_tc":"圖書館","Type_en":"Libraries","District_tc":"屯門","District_en":"TUEN MUN","Address_tc":"新界屯門景峰花園商埸側停車埸","Address_en":"Adjacent to carpark Commercial Complex, Prime View Garden, Tuen Mun, N.T."}},{"type":"Feature","geometry":{"type":"Point","coordinates":[114.14442400342355,22.500117997377057]},"properties":{"Name":"粉嶺公共圖書館","Name_tc":"粉嶺公共圖書館","Name_en":"Fanling Public Library","Type_tc":"圖書館","Type_en":"Libraries","District_tc":"北區","District_en":"NORTH","Address_tc":"新界粉嶺和滿街9號二樓","Address_en":"2/F, 9 Wo Mun Street, Fanling, N.T."}},{"type":"Feature","geometry":{"type":"Point","coordinates":[114.13861889051165,22.370598894327024]},"properties":{"Name":"北葵涌公共圖書館","Name_tc":"北葵涌公共圖書館","Name_en":"North Kwai Chung Public Library","Type_tc":"圖書館","Type_en":"Libraries","District_tc":"葵青","District_en":"KWAI TSING","Address_tc":"新界葵涌石蔭路北葵涌街市及圖書館三樓及四樓","Address_en":"2/F & 3/F, North Kwai Chung Market & Library, Shek Yam Road, Kwai Chung, N.T."}},{"type":"Feature","geometry":{"type":"Point","coordinates":[114.17100270969688,22.33165720817713]},"properties":{"Name":"大坑東邨(流動圖書館八)","Name_tc":"大坑東邨(流動圖書館八)","Name_en":"Tai Hang Tung Estate(Mobile Library 8)","Type_tc":"圖書館","Type_en":"Libraries","District_tc":"深水埗","District_en":"SHAM SHUI PO","Address_tc":"九龍深水埗大坑東道大坑東邨東龍樓側(舊2C巴士站)","Address_en":"Adjacent to Tung Lung House, Tai Hang Tung Estate, Tai Hang Tung Road, Sham Shui Po, Kowloon"}},{"type":"Feature","geometry":{"type":"Point","coordinates":[113.96604123086271,22.409345029723873]},"properties":{"Name":"寶田邨(流動圖書館十一)","Name_tc":"寶田邨(流動圖書館十一)","Name_en":"Po Tin Estate(Mobile Library 11)","Type_tc":"圖書館","Type_en":"Libraries","District_tc":"屯門","District_en":"TUEN MUN","Address_tc":"新界屯門寶田邨第四座側","Address_en":"Adjacent to Block 4, Po Tin Estate, Tuen Mun, N.T."}},{"type":"Feature","geometry":{"type":"Point","coordinates":[114.07805045483317,22.498961062513626]},"properties":{"Name":"新田(流動圖書館三)","Name_tc":"新田(流動圖書館三)","Name_en":"San Tin(Mobile Library 3)","Type_tc":"圖書館","Type_en":"Libraries","District_tc":"元朗","District_en":"YUEN LONG","Address_tc":"新田青山公路新田段1A號新田郵政局側","Address_en":"Adjacent to San Tin Post Office,1A Castle Peak Road- San Tin, San Tin"}},{"type":"Feature","geometry":{"type":"Point","coordinates":[113.99647877074007,22.266985582333962]},"properties":{"Name":"梅窩公共圖書館","Name_tc":"梅窩公共圖書館","Name_en":"Mui Wo Public Library","Type_tc":"圖書館","Type_en":"Libraries","District_tc":"離島","District_en":"ISLANDS","Address_tc":"新界大嶼山梅窩銀石街9號梅窩市政大廈地下","Address_en":"G/F, Mui Wo Municipal Services Building, 9 Ngan Shek Street, Mui Wo, Lantau Island, N.T."}},{"type":"Feature","geometry":{"type":"Point","coordinates":[114.13171975239474,22.205914608543548]},"properties":{"Name":"南丫島南段公共圖書館","Name_tc":"南丫島南段公共圖書館","Name_en":"South Lamma Public Library","Type_tc":"圖書館","Type_en":"Libraries","District_tc":"離島","District_en":"ISLANDS","Address_tc":"新界南丫島索罟灣第二街","Address_en":"Second Street, Sok Kwu Wan, Lamma Island, N.T."}},{"type":"Feature","geometry":{"type":"Point","coordinates":[114.18735589640252,22.307271657391386]},"properties":{"Name":"紅磡公共圖書館","Name_tc":"紅磡公共圖書館","Name_en":"Hung Hom Public Library","Type_tc":"圖書館","Type_en":"Libraries","District_tc":"九龍城","District_en":"KOWLOON CITY","Address_tc":"九龍紅磡馬頭圍道11號紅磡市政大廈六樓","Address_en":"6/F., Hung Hom Municipal Services Building, 11 Ma Tau Wai Road, Hunghom, Kowloon"}},{"type":"Feature","geometry":{"type":"Point","coordinates":[114.22357147320957,22.286594181269606]},"properties":{"Name":"鯉景灣(流動圖書館九)","Name_tc":"鯉景灣(流動圖書館九)","Name_en":"Lei King Wan(Mobile Library 9)","Type_tc":"圖書館","Type_en":"Libraries","District_tc":"東區","District_en":"EASTERN","Address_tc":"香港鯉景灣太康街逸星閣側","Address_en":"Adjacent to Yat Sing Mansion, Tai Hong Street, Lei King Wan, Hong Kong"}},{"type":"Feature","geometry":{"type":"Point","coordinates":[114.17456808610012,22.4476344129994]},"properties":{"Name":"廣福邨(流動圖書館十二)","Name_tc":"廣福邨(流動圖書館十二)","Name_en":"Kwong Fuk Estate(Mobile Library 12)","Type_tc":"圖書館","Type_en":"Libraries","District_tc":"大埔","District_en":"TAI PO","Address_tc":"新界大埔廣福邨廣祐樓側","Address_en":"Adjacent to Kwong Yau House, Kwong Fuk Estate, Tai Po, N.T."}},{"type":"Feature","geometry":{"type":"Point","coordinates":[114.16657674637719,22.446125114132247]},"properties":{"Name":"大埔公共圖書館","Name_tc":"大埔公共圖書館","Name_en":"Tai Po Public Library","Type_tc":"圖書館","Type_en":"Libraries","District_tc":"大埔","District_en":"TAI PO","Address_tc":"新界大埔鄉事會街8號大埔綜合大樓五樓","Address_en":"5/F., Tai Po Complex, 8 Heung Sze Wui Street, Tai Po, N.T."}},{"type":"Feature","geometry":{"type":"Point","coordinates":[114.1554161665567,22.244480530574844]},"properties":{"Name":"鴨脷洲公共圖書館","Name_tc":"鴨脷洲公共圖書館","Name_en":"Ap Lei Chau Public Library","Type_tc":"圖書館","Type_en":"Libraries","District_tc":"南區","District_en":"SOUTHERN","Address_tc":"香港鴨脷洲洪聖街8號鴨脷洲市政大廈五樓","Address_en":"5/F., Ap Lei Chau Municipal Services Building, 8 Hung Shing Street, Ap Lei Chau, Hong Kong"}},{"type":"Feature","geometry":{"type":"Point","coordinates":[114.12379383988609,22.369534530197885]},"properties":{"Name":"大窩口邨(流動圖書館十二)","Name_tc":"大窩口邨(流動圖書館十二)","Name_en":"Tai Wo Hau Estate(Mobile Library 12)","Type_tc":"圖書館","Type_en":"Libraries","District_tc":"葵青","District_en":"KWAI TSING","Address_tc":"新界大窩口大窩口邨富碧樓側","Address_en":"Adjacent to Fu Pik House, Tai Wo Hau Estate, Tai Wo Hau, N.T."}},{"type":"Feature","geometry":{"type":"Point","coordinates":[114.20541400264055,22.29107499737272]},"properties":{"Name":"北角公共圖書館","Name_tc":"北角公共圖書館","Name_en":"North Point Public Library","Type_tc":"圖書館","Type_en":"Libraries","District_tc":"東區","District_en":"EASTERN","Address_tc":"香港北角百福道北角街市大廈地下","Address_en":"G/F., North Point Market Building, Pak Fuk Road, North Point, Hong Kong"}},{"type":"Feature","geometry":{"type":"Point","coordinates":[114.0998461799343,22.370093834673447]},"properties":{"Name":"灣景花園(流動圖書館十二)","Name_tc":"灣景花園(流動圖書館十二)","Name_en":"Bayview Garden(Mobile Library 12)","Type_tc":"圖書館","Type_en":"Libraries","District_tc":"荃灣","District_en":"TSUEN WAN","Address_tc":"新界荃灣灣景花園第五座側","Address_en":"Adjacent to Block 5, Bayview Garden, Tsuen Wan, N.T."}},{"type":"Feature","geometry":{"type":"Point","coordinates":[114.13848158113167,22.34015686796406]},"properties":{"Name":"荔枝角公共圖書館","Name_tc":"荔枝角公共圖書館","Name_en":"Lai Chi Kok Public Library","Type_tc":"圖書館","Type_en":"Libraries","District_tc":"深水埗","District_en":"SHAM SHUI PO","Address_tc":"九龍荔枝角荔灣道19號地下至一樓","Address_en":"G/F - 1/F. 19 Lai Wan Road, Lai Chi Kok, Kowloon"}},{"type":"Feature","geometry":{"type":"Point","coordinates":[114.13154307207265,22.363128812774658]},"properties":{"Name":"南葵涌公共圖書館","Name_tc":"南葵涌公共圖書館","Name_en":"South Kwai Chung Public Library","Type_tc":"圖書館","Type_en":"Libraries","District_tc":"葵青","District_en":"KWAI TSING","Address_tc":"新界葵涌興芳路166-174號葵興政府合署四樓","Address_en":"4/F, Kwai Hing Government Offices, 166-174 Hing Fong Road, Kwai Chung, N.T."}},{"type":"Feature","geometry":{"type":"Point","coordinates":[114.10380584526908,22.360511559751934]},"properties":{"Name":"青逸軒(流動圖書館十一)","Name_tc":"青逸軒(流動圖書館十一)","Name_en":"Easeful Court(Mobile Library 11)","Type_tc":"圖書館","Type_en":"Libraries","District_tc":"葵青","District_en":"KWAI TSING","Address_tc":"新界青衣青逸軒第一座側上落客貨區","Address_en":"Loading Bay adjacent to Tower 1, Easeful Court, Tsing Yi, N.T."}},{"type":"Feature","geometry":{"type":"Point","coordinates":[113.99686014797197,22.433998383568028]},"properties":{"Name":"洪水橋(流動圖書館十)","Name_tc":"洪水橋(流動圖書館十)","Name_en":"Hung Shui Kiu(Mobile Library 10)","Type_tc":"圖書館","Type_en":"Libraries","District_tc":"元朗","District_en":"YUEN LONG","Address_tc":"新界元朗洪水橋雅珊園第三座側","Address_en":"Adjacent to Block 3, Aster Court, Hung Shui Kiu, Tin Shui Wai, N.T."}},{"type":"Feature","geometry":{"type":"Point","coordinates":[114.2594131755975,22.318168966917625]},"properties":{"Name":"將軍澳公共圖書館","Name_tc":"將軍澳公共圖書館","Name_en":"Tseung Kwan O Public Library","Type_tc":"圖書館","Type_en":"Libraries","District_tc":"西貢","District_en":"SAI KUNG","Address_tc":"新界將軍澳運隆路9號","Address_en":"9 Wan Lung Road, Tseung Kwan O, N.T."}},{"type":"Feature","geometry":{"type":"Point","coordinates":[114.13575000350299,22.378749997004537]},"properties":{"Name":"梨木樹邨(流動圖書館十二)","Name_tc":"梨木樹邨(流動圖書館十二)","Name_en":"Lei Muk Shue Estate(Mobile Library 12)","Type_tc":"圖書館","Type_en":"Libraries","District_tc":"荃灣","District_en":"TSUEN WAN","Address_tc":"新界荃灣梨木樹邨樂樹樓側","Address_en":"Adjacent to Lok Shue House, Lei Muk Shue Estate, Tsuen Wan, N.T."}},{"type":"Feature","geometry":{"type":"Point","coordinates":[114.23867962803764,22.29206168612662]},"properties":{"Name":"鯉魚門公共圖書館","Name_tc":"鯉魚門公共圖書館","Name_en":"Lei Yue Mun Public Library","Type_tc":"圖書館","Type_en":"Libraries","District_tc":"觀塘","District_en":"KWUN TONG","Address_tc":"九龍觀塘鯉魚門徑6號鯉魚門市政大廈一樓","Address_en":"1/F., Lei Yue Mun Municipal Services Building, 6 Lei Yue Mun Path, Kwun Tong, Kowloon"}},{"type":"Feature","geometry":{"type":"Point","coordinates":[114.15514802296056,22.328892504505177]},"properties":{"Name":"富昌邨(流動圖書館十二)","Name_tc":"富昌邨(流動圖書館十二)","Name_en":"Fu Cheong Estate(Mobile Library 12)","Type_tc":"圖書館","Type_en":"Libraries","District_tc":"深水埗","District_en":"SHAM SHUI PO","Address_tc":"九龍深水埗富昌邨富旺樓側","Address_en":"Adjacent to Fu Wong House, Fu Cheong Estate, Sham Shui Po, Kowloon"}},{"type":"Feature","geometry":{"type":"Point","coordinates":[114.12565085235921,22.36266740253907]},"properties":{"Name":"葵聯邨(流動圖書館十二)","Name_tc":"葵聯邨(流動圖書館十二)","Name_en":"Kwai Luen Estate(Mobile Library 12)","Type_tc":"圖書館","Type_en":"Libraries","District_tc":"葵青","District_en":"KWAI TSING","Address_tc":"新界葵涌葵聯邨聯欣樓側","Address_en":"Adjacent to Luen Yan House, Kwai Luen Estate, Kwai Chung, N.T."}},{"type":"Feature","geometry":{"type":"Point","coordinates":[114.16401713660959,22.316396013881867]},"properties":{"Name":"海富苑(流動圖書館七)","Name_tc":"海富苑(流動圖書館七)","Name_en":"Hoi Fu Court(Mobile Library 7)","Type_tc":"圖書館","Type_en":"Libraries","District_tc":"油尖旺","District_en":"YAU TSIM MONG","Address_tc":"九龍旺角西海富苑海寧閣側","Address_en":"Adjacent to Hoi Ning House, Hoi Fu Court, Mong Kok West, Kowloon"}},{"type":"Feature","geometry":{"type":"Point","coordinates":[114.13853347313872,22.483797659447415]},"properties":{"Name":"昌盛苑(流動圖書館十二)","Name_tc":"昌盛苑(流動圖書館十二)","Name_en":"Cheong Shing Court(Mobile Library 12)","Type_tc":"圖書館","Type_en":"Libraries","District_tc":"北區","District_en":"NORTH","Address_tc":"新界粉嶺昌盛苑昌兆閣側","Address_en":"Adjacent to Cheong Siu House, Cheong Shing Court, Fanling, N.T."}},{"type":"Feature","geometry":{"type":"Point","coordinates":[114.24198633806671,22.426801557781957]},"properties":{"Name":"利安邨(流動圖書館二)","Name_tc":"利安邨(流動圖書館二)","Name_en":"Lee On Estate(Mobile Library 2)","Type_tc":"圖書館","Type_en":"Libraries","District_tc":"沙田","District_en":"SHA TIN","Address_tc":"新界馬鞍山利安邨利華樓側","Address_en":"Adjacent to Lee Wah House, Lee On Estate, Ma On Shan, N.T."}},{"type":"Feature","geometry":{"type":"Point","coordinates":[114.18924518849114,22.38066294242314]},"properties":{"Name":"沙田公共圖書館","Name_tc":"沙田公共圖書館","Name_en":"Sha Tin Public Library","Type_tc":"圖書館","Type_en":"Libraries","District_tc":"沙田","District_en":"SHA TIN","Address_tc":"新界沙田源禾路1號","Address_en":"1 Yuen Wo Road, Shatin, N.T."}},{"type":"Feature","geometry":{"type":"Point","coordinates":[114.21220798827406,22.21915603390943]},"properties":{"Name":"赤柱公共圖書館","Name_tc":"赤柱公共圖書館","Name_en":"Stanley Public Library","Type_tc":"圖書館","Type_en":"Libraries","District_tc":"南區","District_en":"SOUTHERN","Address_tc":"香港赤柱赤柱市場道6號赤柱市政大廈地面上層","Address_en":"Upper Ground Floor, Stanley Municipal Services Building, 6 Stanley Market Road, Stanley, Hong Kong"}},{"type":"Feature","geometry":{"type":"Point","coordinates":[114.032596583997,22.443391599415907]},"properties":{"Name":"鳳翔路(流動圖書館十)","Name_tc":"鳳翔路(流動圖書館十)","Name_en":"Fung Cheung Road(Mobile Library 10)","Type_tc":"圖書館","Type_en":"Libraries","District_tc":"元朗","District_en":"YUEN LONG","Address_tc":"新界元朗鳳翔路公共小型巴士(專線服務)總站","Address_en":"Fung Cheung Road PLB (Scheduled Service) Terminus, Yuen Long, N.T."}},{"type":"Feature","geometry":{"type":"Point","coordinates":[114.00473714672408,22.44737923066002]},"properties":{"Name":"屏山天水圍公共圖書館","Name_tc":"屏山天水圍公共圖書館","Name_en":"Ping Shan Tin Shui Wai Public Library","Type_tc":"圖書館","Type_en":"Libraries","District_tc":"元朗","District_en":"YUEN LONG","Address_tc":"天水圍聚星路一號屏山天水圍文化康樂大樓高座","Address_en":"High Block, Ping Shan Tin Shui Wai Cultural and Leisure Building, 1 Tsui Sing Road, Tin Shui Wai"}},{"type":"Feature","geometry":{"type":"Point","coordinates":[114.1783980023324,22.30202520646849]},"properties":{"Name":"尖沙咀公共圖書館","Name_tc":"尖沙咀公共圖書館","Name_en":"Tsim Sha Tsui Public Library","Type_tc":"圖書館","Type_en":"Libraries","District_tc":"油尖旺","District_en":"YAU TSIM MONG","Address_tc":"九龍尖沙咀東部科學館道1號康宏廣場一樓","Address_en":"1/F., Concordia Plaza, 1 Science Museum Road, Tsim Sha Tsui East, Kowloon"}},{"type":"Feature","geometry":{"type":"Point","coordinates":[114.23374159010933,22.307341484492788]},"properties":{"Name":"匯景花園(流動圖書館七)","Name_tc":"匯景花園(流動圖書館七)","Name_en":"Sceneway Garden(Mobile Library 7)","Type_tc":"圖書館","Type_en":"Libraries","District_tc":"觀塘","District_en":"KWUN TONG","Address_tc":"九龍藍田匯景花園A期第四座側","Address_en":"Adjacent to Block 4, Phase A, Sceneway Garden, Lam Tin, Kowloon"}},{"type":"Feature","geometry":{"type":"Point","coordinates":[114.14556587393032,22.33221238715869]},"properties":{"Name":"海麗邨(流動圖書館十)","Name_tc":"海麗邨(流動圖書館十)","Name_en":"Hoi Lai Estate(Mobile Library 10)","Type_tc":"圖書館","Type_en":"Libraries","District_tc":"深水埗","District_en":"SHAM SHUI PO","Address_tc":"九龍深水埗海麗邨海信樓側","Address_en":"Adjacent to Hoi Shun House, Hoi Lai Estate, Sham Shui Po, Kowloon"}},{"type":"Feature","geometry":{"type":"Point","coordinates":[114.25087086470728,22.229360361156424]},"properties":{"Name":"石澳泳灘(流動圖書館六)","Name_tc":"石澳泳灘(流動圖書館六)","Name_en":"Shek O Beach (Mobile Library 6)","Type_tc":"圖書館","Type_en":"Libraries","District_tc":"南區","District_en":"SOUTHERN","Address_tc":"香港石澳泳灘救護站旁","Address_en":"Adjacent to First Aid Station, Shek O Beach, Shek O, Hong Kong"}},{"type":"Feature","geometry":{"type":"Point","coordinates":[114.10645300358286,22.379378997799268]},"properties":{"Name":"荃景圍(流動圖書館十二)","Name_tc":"荃景圍(流動圖書館十二)","Name_en":"Tsuen King Circuit(Mobile Library 12)","Type_tc":"圖書館","Type_en":"Libraries","District_tc":"荃灣","District_en":"TSUEN WAN","Address_tc":"新界荃景圍遊樂場","Address_en":"Tsuen King Circuit Playground, N.T."}},{"type":"Feature","geometry":{"type":"Point","coordinates":[114.21615487781874,22.321056956599353]},"properties":{"Name":"牛頭角公共圖書館","Name_tc":"牛頭角公共圖書館","Name_en":"Ngau Tau Kok Public Library","Type_tc":"圖書館","Type_en":"Libraries","District_tc":"觀塘","District_en":"KWUN TONG","Address_tc":"九龍牛頭角道183號牛頭角市政大廈二至三樓","Address_en":"2-3/F., Ngau Tau Kok Municipal Services Building, 183 Ngau Tau Kok Road, Kowloon"}},{"type":"Feature","geometry":{"type":"Point","coordinates":[113.94426069722216,22.290624502527386]},"properties":{"Name":"東涌公共圖書館","Name_tc":"東涌公共圖書館","Name_en":"Tung Chung Public Library","Type_tc":"圖書館","Type_en":"Libraries","District_tc":"離島","District_en":"ISLANDS","Address_tc":"新界大嶼山東涌文東路39號東涌市政大樓地下及1樓","Address_en":"G/F & 1/F, Tung Chung Municipal Services Building, 39 Man Tung Road, Tung Chung, New Territories"}},{"type":"Feature","geometry":{"type":"Point","coordinates":[114.12295274435034,22.508552740217578]},"properties":{"Name":"上水圍 (流動圖書館十二)","Name_tc":"上水圍 (流動圖書館十二)","Name_en":"Sheung Shui Wai (Mobile Library 12)","Type_tc":"圖書館","Type_en":"Libraries","District_tc":"北區","District_en":"NORTH","Address_tc":"上水東慶路停車場","Address_en":"Tung Hing Road Car Park, Sheung Shui"}},{"type":"Feature","geometry":{"type":"Point","coordinates":[114.24781180167379,22.324048857856354]},"properties":{"Name":"翠林邨(流動圖書館六)","Name_tc":"翠林邨(流動圖書館六)","Name_en":"Tsui Lam Estate(Mobile Library 6)","Type_tc":"圖書館","Type_en":"Libraries","District_tc":"西貢","District_en":"SAI KUNG","Address_tc":"新界將軍澳翠林邨彩林樓側","Address_en":"Adjacent to Choi Lam House, Tsui Lam Estate, Tseung Kwan O, N.T."}},{"type":"Feature","geometry":{"type":"Point","coordinates":[114.18575211659268,22.2689457635741]},"properties":{"Name":"黃泥涌公共圖書館","Name_tc":"黃泥涌公共圖書館","Name_en":"Wong Nai Chung Public Library","Type_tc":"圖書館","Type_en":"Libraries","District_tc":"灣仔","District_en":"WAN CHAI","Address_tc":"香港跑馬地毓秀街2號黃泥涌市政大廈三樓","Address_en":"3/F., Wong Nai Chung Municipal Services Building, 2 Yuk Sau Street, Happy Valley, Hong Kong"}},{"type":"Feature","geometry":{"type":"Point","coordinates":[114.02390140816719,22.44133007559265]},"properties":{"Name":"元朗公共圖書館","Name_tc":"元朗公共圖書館","Name_en":"Yuen Long Public Library","Type_tc":"圖書館","Type_en":"Libraries","District_tc":"元朗","District_en":"YUEN LONG","Address_tc":"新界元朗馬田路52號元朗文化康樂大樓地下及一樓","Address_en":"G-1/F, Yuen Long Leisure & Cultural Building, 52 Ma Tin Road, Yuen Long, N.T."}},{"type":"Feature","geometry":{"type":"Point","coordinates":[114.16991000322527,22.309360997339574]},"properties":{"Name":"油蔴地公共圖書館","Name_tc":"油蔴地公共圖書館","Name_en":"Yau Ma Tei Public Library","Type_tc":"圖書館","Type_en":"Libraries","District_tc":"油尖旺","District_en":"YAU TSIM MONG","Address_tc":"九龍油麻地上海街251號地下A座及1至3樓","Address_en":"Block A, G/F & 1-3/F, 251 Shanghai Street, Yau Ma Tei, Kowloon"}},{"type":"Feature","geometry":{"type":"Point","coordinates":[114.27488325837692,22.316618828781777]},"properties":{"Name":"西貢孟公屋路(流動圖書館五)","Name_tc":"西貢孟公屋路(流動圖書館五)","Name_en":"Sai Kung Mang Kung Uk Road(Mobile Library 5)","Type_tc":"圖書館","Type_en":"Libraries","District_tc":"西貢","District_en":"SAI KUNG","Address_tc":"新界西貢孟公屋路籃球場(英基雅柏國際幼稚園對出)","Address_en":"Basketball Field at Mang Kung Uk Road, Sai Kung (Outside the ESF Abacus International Kindergarten), N.T."}},{"type":"Feature","geometry":{"type":"Point","coordinates":[114.09627001199887,22.35688493113403]},"properties":{"Name":"長宏邨(流動圖書館十)","Name_tc":"長宏邨(流動圖書館十)","Name_en":"Cheung Wang Estate(Mobile Library 10)","Type_tc":"圖書館","Type_en":"Libraries","District_tc":"葵青","District_en":"KWAI TSING","Address_tc":"新界青衣長宏邨宏毅樓側","Address_en":"Adjacent to Wang Ngai House, Cheung Wang Estate, Tsing Yi, N.T."}},{"type":"Feature","geometry":{"type":"Point","coordinates":[114.13074959375962,22.50216164739938]},"properties":{"Name":"上水公共圖書館","Name_tc":"上水公共圖書館","Name_en":"Sheung Shui Public Library","Type_tc":"圖書館","Type_en":"Libraries","District_tc":"北區","District_en":"NORTH","Address_tc":"新界上水智昌路13號石湖墟市政大廈三樓","Address_en":"3/F, Shek Wu Hui Municipal Services Building, 13 Chi Cheong Road, Sheung Shui, N.T."}},{"type":"Feature","geometry":{"type":"Point","coordinates":[114.10296337797224,22.43171489211443]},"properties":{"Name":"上村公園(流動圖書館三)","Name_tc":"上村公園(流動圖書館三)","Name_en":"Sheung Tsuen Park(Mobile Library 3)","Type_tc":"圖書館","Type_en":"Libraries","District_tc":"元朗","District_en":"YUEN LONG","Address_tc":"新界元朗八鄉上村公園","Address_en":"Sheung Tsuen Park, Pat Heung, Yuen Long, N.T."}},{"type":"Feature","geometry":{"type":"Point","coordinates":[114.21178754687372,22.283689283448254]},"properties":{"Name":"鰂魚涌公共圖書館","Name_tc":"鰂魚涌公共圖書館","Name_en":"Quarry Bay Public Library","Type_tc":"圖書館","Type_en":"Libraries","District_tc":"東區","District_en":"EASTERN","Address_tc":"香港鰂魚涌街38號鰂魚涌市政大廈四至五樓","Address_en":"4-5/F., Quarry Bay Municipal Services Building, 38 Quarry Bay Street, Quarry Bay, Hong Kong"}},{"type":"Feature","geometry":{"type":"Point","coordinates":[113.97866678095981,22.3807452458531]},"properties":{"Name":"三聖邨(流動圖書館三)","Name_tc":"三聖邨(流動圖書館三)","Name_en":"Sam Shing Estate(Mobile Library 3)","Type_tc":"圖書館","Type_en":"Libraries","District_tc":"屯門","District_en":"TUEN MUN","Address_tc":"新界屯門三聖邨滿漁樓側","Address_en":"Adjacent to Moon Yu House, Sam Shing Estate, Tuen Mun, N.T."}},{"type":"Feature","geometry":{"type":"Point","coordinates":[114.26386085301849,22.31888637861571]},"properties":{"Name":"厚德邨(流動圖書館二)","Name_tc":"厚德邨(流動圖書館二)","Name_en":"Hau Tak Estate(Mobile Library 2)","Type_tc":"圖書館","Type_en":"Libraries","District_tc":"西貢","District_en":"SAI KUNG","Address_tc":"新界將軍澳厚德邨德澤樓側","Address_en":"Adjacent to Tak Chak House, Hau Tak Estate, Tseung Kwan O, N.T."}},{"type":"Feature","geometry":{"type":"Point","coordinates":[114.16332361346099,22.332006233574187]},"properties":{"Name":"元州街公共圖書館","Name_tc":"元州街公共圖書館","Name_en":"Un Chau Street Public Library","Type_tc":"圖書館","Type_en":"Libraries","District_tc":"深水埗","District_en":"SHAM SHUI PO","Address_tc":"九龍元州街59-63號元州街市政大廈一樓","Address_en":"1/F., Un Chau Street Municipal Services Building, 59-63 Un Chau Street, Kowloon"}},{"type":"Feature","geometry":{"type":"Point","coordinates":[114.24955286990402,22.2635745534292]},"properties":{"Name":"小西灣公共圖書館","Name_tc":"小西灣公共圖書館","Name_en":"Siu Sai Wan Public Library","Type_tc":"圖書館","Type_en":"Libraries","District_tc":"東區","District_en":"EASTERN","Address_tc":"香港柴灣小西灣道15號小西灣綜合大樓地下","Address_en":"G/F, Siu Sai Wan Complex, 15 Siu Sai Wan Road, Chai Wan, Hong Kong"}},{"type":"Feature","geometry":{"type":"Point","coordinates":[113.99660801044199,22.460735368684436]},"properties":{"Name":"天華邨(流動圖書館十一)","Name_tc":"天華邨(流動圖書館十一)","Name_en":"Tin Wah Estate(Mobile Library 11)","Type_tc":"圖書館","Type_en":"Libraries","District_tc":"元朗","District_en":"YUEN LONG","Address_tc":"新界天水圍天華邨服務設施大樓停車場入口側","Address_en":"Adjacent to the car park entrance of the Ancillary Facilities Block, Tin Wah Estate, Tin Shui Wai, N.T."}},{"type":"Feature","geometry":{"type":"Point","coordinates":[113.97745530064051,22.41319023056556]},"properties":{"Name":"兆康苑(流動圖書館三)","Name_tc":"兆康苑(流動圖書館三)","Name_en":"Siu Hong Court(Mobile Library 3)","Type_tc":"圖書館","Type_en":"Libraries","District_tc":"屯門","District_en":"TUEN MUN","Address_tc":"新界屯門兆康苑兆暉閣側","Address_en":"Adjacent to Siu Fai House, Siu Hong Court, Tuen Mun, N.T."}},{"type":"Feature","geometry":{"type":"Point","coordinates":[114.1261677414786,22.364321960562375]},"properties":{"Name":"葵盛東邨(流動圖書館十一)","Name_tc":"葵盛東邨(流動圖書館十一)","Name_en":"Kwai Shing (E) Estate(Mobile Library 11)","Type_tc":"圖書館","Type_en":"Libraries","District_tc":"葵青","District_en":"KWAI TSING","Address_tc":"新界葵涌葵盛東邨盛安樓側","Address_en":"Adjacent to Shing On House, Kwai Shing East Estate, Kwai Chung, N.T."}},{"type":"Feature","geometry":{"type":"Point","coordinates":[114.06080606974602,22.350502289560968]},"properties":{"Name":"馬灣(流動圖書館一)","Name_tc":"馬灣(流動圖書館一)","Name_en":"Ma Wan(Mobile Library 1)","Type_tc":"圖書館","Type_en":"Libraries","District_tc":"荃灣","District_en":"TSUEN WAN","Address_tc":"新界荃灣馬灣珀麗灣第十五座側","Address_en":"Adjacent to Block 15, Park Island, Ma Wan, Tsuen Wan, N.T."}},{"type":"Feature","geometry":{"type":"Point","coordinates":[114.17605906278104,22.31851509620166]},"properties":{"Name":"九龍公共圖書館","Name_tc":"九龍公共圖書館","Name_en":"Kowloon Public Library","Type_tc":"圖書館","Type_en":"Libraries","District_tc":"九龍城","District_en":"KOWLOON CITY","Address_tc":"九龍何文田培正道5號","Address_en":"5 Pui Ching Road, Homantin, Kowloon"}},{"type":"Feature","geometry":{"type":"Point","coordinates":[114.19154368299986,22.344517084992553]},"properties":{"Name":"竹園(南)邨(流動圖書館七)","Name_tc":"竹園(南)邨(流動圖書館七)","Name_en":"Chuk Yuen (S) Estate(Mobile Library 7)","Type_tc":"圖書館","Type_en":"Libraries","District_tc":"黃大仙","District_en":"WONG TAI SIN","Address_tc":"九龍黃大仙竹園(南)邨華園樓停車場","Address_en":"Carpark, Wah Yuen House, Chuk Yuen (South) Estate, Wong Tai Sin, Kowloon"}},{"type":"Feature","geometry":{"type":"Point","coordinates":[114.13473612963703,22.492735006887813]},"properties":{"Name":"嘉福邨(流動圖書館十二)","Name_tc":"嘉福邨(流動圖書館十二)","Name_en":"Ka Fuk Estate(Mobile Library 12)","Type_tc":"圖書館","Type_en":"Libraries","District_tc":"北區","District_en":"NORTH","Address_tc":"新界粉嶺嘉福邨福泰樓側","Address_en":"Adjacent to Fuk Tai House, Ka Fuk Estate, Fanling, N.T."}},{"type":"Feature","geometry":{"type":"Point","coordinates":[114.19596521133683,22.33496950282939]},"properties":{"Name":"新蒲崗公共圖書館","Name_tc":"新蒲崗公共圖書館","Name_en":"San Po Kong Public Library","Type_tc":"圖書館","Type_en":"Libraries","District_tc":"黃大仙","District_en":"WONG TAI SIN","Address_tc":"九龍新蒲崗崇齡街33號新蒲崗廣場三樓","Address_en":"3/F., San Po Kong Plaza, 33 Shung Ling Street, San Po Kong, Kowloon"}},{"type":"Feature","geometry":{"type":"Point","coordinates":[114.18966321750297,22.279899673009606]},"properties":{"Name":"香港中央圖書館","Name_tc":"香港中央圖書館","Name_en":"Hong Kong Central Library","Type_tc":"圖書館","Type_en":"Libraries","District_tc":"灣仔","District_en":"WAN CHAI","Address_tc":"香港銅鑼灣高士威道66號","Address_en":"66 Causeway Road, Causeway Bay, Hong Kong"}},{"type":"Feature","geometry":{"type":"Point","coordinates":[114.27232680916536,22.382233639824168]},"properties":{"Name":"西貢公共圖書館","Name_tc":"西貢公共圖書館","Name_en":"Sai Kung Public Library","Type_tc":"圖書館","Type_en":"Libraries","District_tc":"西貢","District_en":"SAI KUNG","Address_tc":"新界西貢親民街34號西貢政府合署五樓","Address_en":"5/F, Sai Kung Government Offices, 34 Chan Man Street, Sai Kung, N.T."}},{"type":"Feature","geometry":{"type":"Point","coordinates":[113.96218900344954,22.40522599715925]},"properties":{"Name":"良景邨(流動圖書館三)","Name_tc":"良景邨(流動圖書館三)","Name_en":"Leung King Estate(Mobile Library 3)","Type_tc":"圖書館","Type_en":"Libraries","District_tc":"屯門","District_en":"TUEN MUN","Address_tc":"新界屯門良景邨良智樓側","Address_en":"Adjacent to Leung Chi House, Leung King Estate, Tuen Mun, N.T."}},{"type":"Feature","geometry":{"type":"Point","coordinates":[114.04536940543449,22.44222493698864]},"properties":{"Name":"朗善邨 (流動圖書館三)","Name_tc":"朗善邨 (流動圖書館三)","Name_en":"Long Shin Estate (Mobile Library 3)","Type_tc":"圖書館","Type_en":"Libraries","District_tc":"元朗","District_en":"YUEN LONG","Address_tc":"元朗朗善邨善良樓側","Address_en":"Adjacent to Shin Leung House, Long Shin Estate, Yuen Long"}},{"type":"Feature","geometry":{"type":"Point","coordinates":[114.12286557560876,22.359565408865006]},"properties":{"Name":"葵盛西邨(流動圖書館十一)","Name_tc":"葵盛西邨(流動圖書館十一)","Name_en":"Kwai Shing (W) Estate(Mobile Library 11)","Type_tc":"圖書館","Type_en":"Libraries","District_tc":"葵青","District_en":"KWAI TSING","Address_tc":"新界葵涌葵盛西邨葵盛泳池停車場","Address_en":"Kwai Shing West Estate, Kwai Shing Swimming Pool Carpark, Kwai Chung, N.T."}},{"type":"Feature","geometry":{"type":"Point","coordinates":[114.11558632036815,22.374276274188173]},"properties":{"Name":"荃灣公共圖書館","Name_tc":"荃灣公共圖書館","Name_en":"Tsuen Wan Public Library","Type_tc":"圖書館","Type_en":"Libraries","District_tc":"荃灣","District_en":"TSUEN WAN","Address_tc":"新界荃灣西樓角路38號","Address_en":"38 Sai Lau Kok Road, Tsuen Wan, N.T."}},{"type":"Feature","geometry":{"type":"Point","coordinates":[114.11152560790566,22.501396052461594]},"properties":{"Name":"金錢村(流動圖書館十二)","Name_tc":"金錢村(流動圖書館十二)","Name_en":"Kam Tsin Village(Mobile Library 12)","Type_tc":"圖書館","Type_en":"Libraries","District_tc":"北區","District_en":"NORTH","Address_tc":"上水金錢村何東學校停車場","Address_en":"Carpark of Kam Tsin Village Ho Tung School, Sheung Shui"}},{"type":"Feature","geometry":{"type":"Point","coordinates":[113.965915943676,22.38423746740307]},"properties":{"Name":"龍門居(流動圖書館十)","Name_tc":"龍門居(流動圖書館十)","Name_en":"Lung Mun Oasis(Mobile Library 10)","Type_tc":"圖書館","Type_en":"Libraries","District_tc":"屯門","District_en":"TUEN MUN","Address_tc":"新界屯門龍門居第一座側","Address_en":"Adjacent to Block 1, Lung Mun Oasis, Tuen Mun, N.T."}},{"type":"Feature","geometry":{"type":"Point","coordinates":[113.97678093218349,22.3910241270763]},"properties":{"Name":"屯門公共圖書館","Name_tc":"屯門公共圖書館","Name_en":"Tuen Mun Public Library","Type_tc":"圖書館","Type_en":"Libraries","District_tc":"屯門","District_en":"TUEN MUN","Address_tc":"新界屯門屯喜路1號","Address_en":"1 Tuen Hi Road, Tuen Mun, N.T."}},{"type":"Feature","geometry":{"type":"Point","coordinates":[114.22163953331292,22.40827793019416]},"properties":{"Name":"錦泰苑(流動圖書館五)","Name_tc":"錦泰苑(流動圖書館五)","Name_en":"Kam Tai Court(Mobile Library 5)","Type_tc":"圖書館","Type_en":"Libraries","District_tc":"沙田","District_en":"SHA TIN","Address_tc":"新界沙田錦泰苑錦基閣側","Address_en":"Adjacent to Kam Kei House, Kam Tai Court, Shatin, N.T."}},{"type":"Feature","geometry":{"type":"Point","coordinates":[114.22543688135755,22.329687679549068]},"properties":{"Name":"順利邨公共圖書館","Name_tc":"順利邨公共圖書館","Name_en":"Shun Lee Estate Public Library","Type_tc":"圖書館","Type_en":"Libraries","District_tc":"觀塘","District_en":"KWUN TONG","Address_tc":"九龍觀塘順利邨道33號順利邨體育館三樓","Address_en":"3/F, Shun Lee Tsuen Sports Centre, No. 33 Shun Lee Tsuen Road, Kwun Tong, Kowloon"}},{"type":"Feature","geometry":{"type":"Point","coordinates":[114.15358701154422,22.335873829127664]},"properties":{"Name":"幸福邨(流動圖書館二)","Name_tc":"幸福邨(流動圖書館二)","Name_en":"Fortune Estate(Mobile Library 2)","Type_tc":"圖書館","Type_en":"Libraries","District_tc":"深水埗","District_en":"SHAM SHUI PO","Address_tc":"九龍長沙灣幸福邨福日樓側","Address_en":"Adjacent to Fook Yat House, Fortune Estate, Cheung Sha Wan, Kowloon"}},{"type":"Feature","geometry":{"type":"Point","coordinates":[114.16673172591085,22.45242657184075]},"properties":{"Name":"安浩里(流動圖書館五)","Name_tc":"安浩里(流動圖書館五)","Name_en":"On Ho Lane(Mobile Library 5)","Type_tc":"圖書館","Type_en":"Libraries","District_tc":"大埔","District_en":"TAI PO","Address_tc":"新界大埔安浩里八號花園側","Address_en":"Adjacent to Eightland Gardens, On Ho Lane, Tai Po, N.T."}},{"type":"Feature","geometry":{"type":"Point","coordinates":[113.99894388301891,22.45524386055678]},"properties":{"Name":"天瑞邨(流動圖書館十)","Name_tc":"天瑞邨(流動圖書館十)","Name_en":"Tin Shui Estate(Mobile Library 10)","Type_tc":"圖書館","Type_en":"Libraries","District_tc":"元朗","District_en":"YUEN LONG","Address_tc":"新界元朗天水圍天瑞邨天瑞社區中心側","Address_en":"Adjacent to Tin Shui Community Centre, Tin Shui Estate, Tin Shui Wai, Yuen Long, N.T."}},{"type":"Feature","geometry":{"type":"Point","coordinates":[114.13605112849072,22.285719818708426]},"properties":{"Name":"石塘咀公共圖書館","Name_tc":"石塘咀公共圖書館","Name_en":"Shek Tong Tsui Public Library","Type_tc":"圖書館","Type_en":"Libraries","District_tc":"中西區","District_en":"CENTRAL AND WESTERN","Address_tc":"香港皇后大道西470號石塘咀市政大廈三至四樓","Address_en":"3-4/F., Shek Tong Tsui Municipal Services Building, 470 Queen's Road West, Hong Kong"}},{"type":"Feature","geometry":{"type":"Point","coordinates":[113.9770041445264,22.24316167727266]},"properties":{"Name":"貝澳(流動圖書館四)","Name_tc":"貝澳(流動圖書館四)","Name_en":"Pui O(Mobile Library 4)","Type_tc":"圖書館","Type_en":"Libraries","District_tc":"離島","District_en":"ISLANDS","Address_tc":"大嶼山嶼南道與芝麻灣道交界貝澳公共停車場側","Address_en":"Adjacent to Pui O Public Car Park at the Junction of South Lantau Road and Chi Ma Wan Road, Lantau Island"}},{"type":"Feature","geometry":{"type":"Point","coordinates":[114.17706857668588,22.37748106011727]},"properties":{"Name":"美林邨(流動圖書館二)","Name_tc":"美林邨(流動圖書館二)","Name_en":"Mei Lam Estate(Mobile Library 2)","Type_tc":"圖書館","Type_en":"Libraries","District_tc":"沙田","District_en":"SHA TIN","Address_tc":"新界沙田美林邨美桃樓側","Address_en":"Adjacent to Mei Tao House, Mei Lam Estate, Shatin, N.T."}},{"type":"Feature","geometry":{"type":"Point","coordinates":[113.93263233834543,22.227506999034926]},"properties":{"Name":"塘福(流動圖書館四)","Name_tc":"塘福(流動圖書館四)","Name_en":"Tong Fuk(Mobile Library 4)","Type_tc":"圖書館","Type_en":"Libraries","District_tc":"離島","District_en":"ISLANDS","Address_tc":"新界大嶼山嶼南道塘福巴士總站側塘福公共停車場","Address_en":"Tong Fuk Public Car Park adjacent to the Tong Fuk Bus Terminal, South Lantau Road, Lantau Island, N.T."}},{"type":"Feature","geometry":{"type":"Point","coordinates":[114.21474039392264,22.380932602945293]},"properties":{"Name":"廣源邨(流動圖書館十一)","Name_tc":"廣源邨(流動圖書館十一)","Name_en":"Kwong Yuen Estate(Mobile Library 11)","Type_tc":"圖書館","Type_en":"Libraries","District_tc":"沙田","District_en":"SHA TIN","Address_tc":"新界沙田廣源邨社區會堂側","Address_en":"Adjacent to Kwong Yuen Community Hall, Kwong Yuen Estate, Shatin, N.T."}},{"type":"Feature","geometry":{"type":"Point","coordinates":[113.99903834283747,22.462687729591206]},"properties":{"Name":"天悅邨(流動圖書館十)","Name_tc":"天悅邨(流動圖書館十)","Name_en":"Tin Yuet Estate(Mobile Library 10)","Type_tc":"圖書館","Type_en":"Libraries","District_tc":"元朗","District_en":"YUEN LONG","Address_tc":"天水圍天悅邨悅泰樓側","Address_en":"Adjacent to Yuet Tai House, Tin Yuet Estate, Tin Shui Wai, N.T."}},{"type":"Feature","geometry":{"type":"Point","coordinates":[114.10956876652834,22.227156210386127]},"properties":{"Name":"南丫島北段公共圖書館","Name_tc":"南丫島北段公共圖書館","Name_en":"North Lamma Public Library","Type_tc":"圖書館","Type_en":"Libraries","District_tc":"離島","District_en":"ISLANDS","Address_tc":"南丫島榕樹灣大街1號1樓及2樓","Address_en":"The first and second floors, 1 Yung Shue Wan Main Street, Lamma Island."}},{"type":"Feature","geometry":{"type":"Point","coordinates":[114.00482960569676,22.463779462829734]},"properties":{"Name":"天晴邨(流動圖書館三)","Name_tc":"天晴邨(流動圖書館三)","Name_en":"Tin Ching Estate(Mobile Library 3)","Type_tc":"圖書館","Type_en":"Libraries","District_tc":"元朗","District_en":"YUEN LONG","Address_tc":"新界天水圍天晴邨晴喜樓側","Address_en":"Adjacent to Ching Hei House, Tin Ching Estate, Tin Shui Wai, N.T."}},{"type":"Feature","geometry":{"type":"Point","coordinates":[114.18798751420448,22.31714206355491]},"properties":{"Name":"土瓜灣公共圖書館","Name_tc":"土瓜灣公共圖書館","Name_en":"To Kwa Wan Public Library","Type_tc":"圖書館","Type_en":"Libraries","District_tc":"九龍城","District_en":"KOWLOON CITY","Address_tc":"九龍馬頭圍道165號土瓜灣政府合署五至六樓","Address_en":"5-6/F., To Kwa Wan Market & Government Offices, 165 Ma Tau Wai Road, Kowloon"}},{"type":"Feature","geometry":{"type":"Point","coordinates":[114.1126444385584,22.361181759190064]},"properties":{"Name":"海濱花園(流動圖書館一)","Name_tc":"海濱花園(流動圖書館一)","Name_en":"Riviera Gardens(Mobile Library 1)","Type_tc":"圖書館","Type_en":"Libraries","District_tc":"荃灣","District_en":"TSUEN WAN","Address_tc":"新界荃灣海濱花園海昇閣側","Address_en":"Adjacent to Hoi Sing Mansion, Riviera Gardens, Tsuen Wan, N.T."}},{"type":"Feature","geometry":{"type":"Point","coordinates":[114.20010270986769,22.34881011468506]},"properties":{"Name":"慈雲山公共圖書館","Name_tc":"慈雲山公共圖書館","Name_en":"Tsz Wan Shan Public Library","Type_tc":"圖書館","Type_en":"Libraries","District_tc":"黃大仙","District_en":"WONG TAI SIN","Address_tc":"九龍慈雲山毓華街23號慈雲山中心7樓701–702號舖位","Address_en":"Shop Nos. 701-702, 7/F, Tsz Wan Shan Shopping Centre, 23 Yuk Wah Street, Tsz Wan Shan, Kowloon"}},{"type":"Feature","geometry":{"type":"Point","coordinates":[114.22337900360141,22.54473099708099]},"properties":{"Name":"沙頭角公共圖書館","Name_tc":"沙頭角公共圖書館","Name_en":"Sha Tau Kok Public Library","Type_tc":"圖書館","Type_en":"Libraries","District_tc":"北區","District_en":"NORTH","Address_tc":"新界沙頭角順興街23號沙頭角邨迎海樓地下第3號舖位","Address_en":"Shop No. 3, the ground floor of Ying Hoi House, Sha Tau Kok Chuen, 23 Shun Hing Street, Sha Tau Kok, New Territories"}},{"type":"Feature","geometry":{"type":"Point","coordinates":[114.20888809265432,22.33449606566202]},"properties":{"Name":"牛池灣公共圖書館","Name_tc":"牛池灣公共圖書館","Name_en":"Ngau Chi Wan Public Library","Type_tc":"圖書館","Type_en":"Libraries","District_tc":"黃大仙","District_en":"WONG TAI SIN","Address_tc":"九龍清水灣道11號牛池灣市政大廈五至六樓","Address_en":"5-6/F., Ngau Chi Wan Municipal Services Building, 11 Clear Water Bay Road, Kowloon"}},{"type":"Feature","geometry":{"type":"Point","coordinates":[114.18630839504998,22.34567609743232]},"properties":{"Name":"翠竹花園(流動圖書館一)","Name_tc":"翠竹花園(流動圖書館一)","Name_en":"Tsui Chuk Garden(Mobile Library 1)","Type_tc":"圖書館","Type_en":"Libraries","District_tc":"黃大仙","District_en":"WONG TAI SIN","Address_tc":"九龍黃大仙翠竹花園第六座側","Address_en":"Adjacent to Block 6, Tsui Chuk Garden, Wong Tai Sin, Kowloon"}},{"type":"Feature","geometry":{"type":"Point","coordinates":[113.96597273870012,22.39616137572233]},"properties":{"Name":"山景邨(流動圖書館三)","Name_tc":"山景邨(流動圖書館三)","Name_en":"Shan King Estate(Mobile Library 3)","Type_tc":"圖書館","Type_en":"Libraries","District_tc":"屯門","District_en":"TUEN MUN","Address_tc":"新界屯門山景邨景榮樓側","Address_en":"Adjacent to King Wing House, Shan King Estate, Tuen Mun, N.T."}},{"type":"Feature","geometry":{"type":"Point","coordinates":[114.2391820030521,22.317122997756172]},"properties":{"Name":"寶達邨(流動圖書館八)","Name_tc":"寶達邨(流動圖書館八)","Name_en":"Po Tat Estate(Mobile Library 8)","Type_tc":"圖書館","Type_en":"Libraries","District_tc":"觀塘","District_en":"KWUN TONG","Address_tc":"九龍秀茂坪寶達邨達貴樓側","Address_en":"Adjacent to Tat Kwai House, Po Tat Estate, Sau Mau Ping, Kowloon"}},{"type":"Feature","geometry":{"type":"Point","coordinates":[114.17144236154628,22.459296255824803]},"properties":{"Name":"富亨邨(流動圖書館五)","Name_tc":"富亨邨(流動圖書館五)","Name_en":"Fu Heng Estate(Mobile Library 5)","Type_tc":"圖書館","Type_en":"Libraries","District_tc":"大埔","District_en":"TAI PO","Address_tc":"新界大埔富亨邨亨翠樓側","Address_en":"Adjacent to Heng Tsui House, Fu Heng Estate, Tai Po, N.T."}},{"type":"Feature","geometry":{"type":"Point","coordinates":[114.19058560248183,22.384780752990874]},"properties":{"Name":"瀝源公共圖書館","Name_tc":"瀝源公共圖書館","Name_en":"Lek Yuen Public Library","Type_tc":"圖書館","Type_en":"Libraries","District_tc":"沙田","District_en":"SHA TIN","Address_tc":"新界沙田瀝源邨貴和樓地下101-110號","Address_en":"Units 101 - 110, G/F, Kwai Wo House, Lek Yuen Estate, Sha Tin, N.T."}},{"type":"Feature","geometry":{"type":"Point","coordinates":[114.13614860926273,22.250617708714667]},"properties":{"Name":"薄扶林公共圖書館","Name_tc":"薄扶林公共圖書館","Name_en":"Pok Fu Lam Public Library","Type_tc":"圖書館","Type_en":"Libraries","District_tc":"南區","District_en":"SOUTHERN","Address_tc":"香港薄扶林華富邨華珍樓611-619室","Address_en":"Units No. 611-619, Wah Chun House, Wah Fu Estate, Pok Fu Lam, Hong Kong"}},{"type":"Feature","geometry":{"type":"Point","coordinates":[114.1284410029143,22.28164899759557]},"properties":{"Name":"士美非路公共圖書館","Name_tc":"士美非路公共圖書館","Name_en":"Smithfield Public Library","Type_tc":"圖書館","Type_en":"Libraries","District_tc":"中西區","District_en":"CENTRAL AND WESTERN","Address_tc":"香港堅尼地城士美菲路12K號士美非路市政大廈三樓","Address_en":"3/F., Smithfield Municipal Services Building, 12K Smithfield, Kennedy Town, Hong Kong"}},{"type":"Feature","geometry":{"type":"Point","coordinates":[114.2005435554378,22.343675271946736]},"properties":{"Name":"鳳德邨(流動圖書館七)","Name_tc":"鳳德邨(流動圖書館七)","Name_en":"Fung Tak Estate(Mobile Library 7)","Type_tc":"圖書館","Type_en":"Libraries","District_tc":"黃大仙","District_en":"WONG TAI SIN","Address_tc":"九龍黃大仙鳳德邨銀鳳樓側","Address_en":"Adjacent to Ngan Fung House, Fung Tak Estate, Wong Tai Sin, Kowloon"}},{"type":"Feature","geometry":{"type":"Point","coordinates":[114.19002057356893,22.303527371733438]},"properties":{"Name":"黃埔花園(流動圖書館一)","Name_tc":"黃埔花園(流動圖書館一)","Name_en":"Whampoa Garden(Mobile Library 1)","Type_tc":"圖書館","Type_en":"Libraries","District_tc":"九龍城","District_en":"KOWLOON CITY","Address_tc":"九龍紅磡黃埔花園第五期地下平台","Address_en":"G/F, Podium in Site 5, Whampoa Garden, Hung Hom, Kowloon"}},{"type":"Feature","geometry":{"type":"Point","coordinates":[114.17607287989605,22.454792863176632]},"properties":{"Name":"富善邨(流動圖書館五)","Name_tc":"富善邨(流動圖書館五)","Name_en":"Fu Shin Estate(Mobile Library 5)","Type_tc":"圖書館","Type_en":"Libraries","District_tc":"大埔","District_en":"TAI PO","Address_tc":"新界大埔富善邨善美樓側","Address_en":"Adjacent to Shin Mei House, Fu Shin Estate, Tai Po, N.T."}},{"type":"Feature","geometry":{"type":"Point","coordinates":[114.1627907502179,22.321882901562272]},"properties":{"Name":"大角咀公共圖書館","Name_tc":"大角咀公共圖書館","Name_en":"Tai Kok Tsui Public Library","Type_tc":"圖書館","Type_en":"Libraries","District_tc":"油尖旺","District_en":"YAU TSIM MONG","Address_tc":"九龍大角咀福全街63號大角咀市政大厦三樓","Address_en":"3/F., Tai Kok Tsui Municipal Services Building, 63 Fuk Tsun Street, Tai Kok Tsui, Kowloon"}},{"type":"Feature","geometry":{"type":"Point","coordinates":[114.0380549646042,22.284888992711625]},"properties":{"Name":"坪洲公共圖書館","Name_tc":"坪洲公共圖書館","Name_en":"Peng Chau Public Library","Type_tc":"圖書館","Type_en":"Libraries","District_tc":"離島","District_en":"ISLANDS","Address_tc":"新界坪洲寶坪街6號坪洲市政大廈地下","Address_en":"G/F, Peng Chau Municipal Services Building, 6 Po Peng Street, Peng Chau, N.T."}},{"type":"Feature","geometry":{"type":"Point","coordinates":[114.19217368777007,22.308778481497257]},"properties":{"Name":"海逸豪園(流動圖書館八)","Name_tc":"海逸豪園(流動圖書館八)","Name_en":"Laguna Verde(Mobile Library 8)","Type_tc":"圖書館","Type_en":"Libraries","District_tc":"九龍城","District_en":"KOWLOON CITY","Address_tc":"九龍紅磡海逸豪園第九座入口側","Address_en":"Adjacent to the entrance of Tower 9, Laguna Verde, Hung Hom, Kowloon"}},{"type":"Feature","geometry":{"type":"Point","coordinates":[114.13842830387352,22.364540260352925]},"properties":{"Name":"石籬(一)邨(流動圖書館一)","Name_tc":"石籬(一)邨(流動圖書館一)","Name_en":"Shek Lei Estate(Mobile Library 1)","Type_tc":"圖書館","Type_en":"Libraries","District_tc":"葵青","District_en":"KWAI TSING","Address_tc":"新界葵涌石籬(一)邨石安樓側","Address_en":"Adjacent to Shek On House, Shek Lei(I) Estate, Kwai Chung, N.T."}},{"type":"Feature","geometry":{"type":"Point","coordinates":[114.22427704509757,22.315663518816837]},"properties":{"Name":"瑞和街公共圖書館","Name_tc":"瑞和街公共圖書館","Name_en":"Shui Wo Street Public Library","Type_tc":"圖書館","Type_en":"Libraries","District_tc":"觀塘","District_en":"KWUN TONG","Address_tc":"九龍觀塘瑞和街9號瑞和街市政大樓五至六樓","Address_en":"5-6/F., Shui Wo Street Municipal Services Buliding, 9 Shui Wo Street, Kwun Tong, Kowloon"}},{"type":"Feature","geometry":{"type":"Point","coordinates":[114.23713053396801,22.42439411300027]},"properties":{"Name":"富寶花園(流動圖書館二)","Name_tc":"富寶花園(流動圖書館二)","Name_en":"Saddle Ridge Garden(Mobile Library 2)","Type_tc":"圖書館","Type_en":"Libraries","District_tc":"沙田","District_en":"SHA TIN","Address_tc":"新界馬鞍山富寶花園管理處側之停車場","Address_en":"Carpark adjacent to Saddle Ridge Garden Management Office, Ma On Shan, N.T."}},{"type":"Feature","geometry":{"type":"Point","coordinates":[114.16081522750657,22.28214801938052]},"properties":{"Name":"大會堂公共圖書館","Name_tc":"大會堂公共圖書館","Name_en":"City Hall Public Library","Type_tc":"圖書館","Type_en":"Libraries","District_tc":"中西區","District_en":"CENTRAL AND WESTERN","Address_tc":"香港中環大會堂高座二至六樓及八至十一樓","Address_en":"2-6/F. & 8-11/F., City Hall High Block, Central, Hong Kong"}},{"type":"Feature","geometry":{"type":"Point","coordinates":[114.17541887862971,22.278075985122783]},"properties":{"Name":"駱克道公共圖書館","Name_tc":"駱克道公共圖書館","Name_en":"Lockhart Road Public Library","Type_tc":"圖書館","Type_en":"Libraries","District_tc":"灣仔","District_en":"WAN CHAI","Address_tc":"香港灣仔軒尼詩道225號駱克道市政大廈三至五樓","Address_en":"3-5/F., Lockhart Road Municipal Services Building, 225 Hennessy Road, Wanchai, Hong Kong"}},{"type":"Feature","geometry":{"type":"Point","coordinates":[114.10826664326696,22.345455967413404]},"properties":{"Name":"長青邨(流動圖書館十一)","Name_tc":"長青邨(流動圖書館十一)","Name_en":"Cheung Ching Estate(Mobile Library 11)","Type_tc":"圖書館","Type_en":"Libraries","District_tc":"葵青","District_en":"KWAI TSING","Address_tc":"新界青衣長青邨青槐樓側","Address_en":"Adjacent to Ching Wai House, Cheung Ching Estate, Tsing Yi, N.T."}},{"type":"Feature","geometry":{"type":"Point","coordinates":[114.19281395814,22.340449596534825]},"properties":{"Name":"龍興公共圖書館","Name_tc":"龍興公共圖書館","Name_en":"Lung Hing Public Library","Type_tc":"圖書館","Type_en":"Libraries","District_tc":"黃大仙","District_en":"WONG TAI SIN","Address_tc":"九龍黃大仙下邨(二區)龍興樓地下北翼","Address_en":"North Wing, G/F., Lung Hing House, Lower Wong Tai Sin (II) Estate, Kowloon"}},{"type":"Feature","geometry":{"type":"Point","coordinates":[114.1574908485266,22.338497723894825]},"properties":{"Name":"保安道公共圖書館","Name_tc":"保安道公共圖書館","Name_en":"Po On Road Public Library","Type_tc":"圖書館","Type_en":"Libraries","District_tc":"深水埗","District_en":"SHAM SHUI PO","Address_tc":"九龍深水埗保安道325-329號保安道市政大廈二樓","Address_en":"1/F., Po On Road Municipal Services Building, 325-329 Po On Road, Sham Shui Po, Kowloon"}},{"type":"Feature","geometry":{"type":"Point","coordinates":[114.17011436940804,22.375631468028406]},"properties":{"Name":"美田邨(流動圖書館五)","Name_tc":"美田邨(流動圖書館五)","Name_en":"Mei Tin Estate(Mobile Library 5)","Type_tc":"圖書館","Type_en":"Libraries","District_tc":"沙田","District_en":"SHA TIN","Address_tc":"新界沙田美田邨美麗樓側","Address_en":"Adjacent to Mei Lai House, Mei Tin Estate, Sha Tin, N.T."}},{"type":"Feature","geometry":{"type":"Point","coordinates":[113.99866763641386,22.468422527688592]},"properties":{"Name":"天水圍北公共圖書館","Name_tc":"天水圍北公共圖書館","Name_en":"Tin Shui Wai North Public Library","Type_tc":"圖書館","Type_en":"Libraries","District_tc":"元朗","District_en":"YUEN LONG","Address_tc":"新界天水圍天澤邨天澤商場313號舖位","Address_en":"Shop 313, Tin Chak Shopping Centre, Tin Chak Estate, Tin Shui Wai, N.T."}},{"type":"Feature","geometry":{"type":"Point","coordinates":[114.15123364684729,22.25260211260597]},"properties":{"Name":"田灣邨(流動圖書館九)","Name_tc":"田灣邨(流動圖書館九)","Name_en":"Tin Wan Estate(Mobile Library 9)","Type_tc":"圖書館","Type_en":"Libraries","District_tc":"南區","District_en":"SOUTHERN","Address_tc":"香港仔田灣邨田麗樓側","Address_en":"Adjacent to Tin Lai House, Tin Wan Estate, Aberdeen, Hong Kong"}},{"type":"Feature","geometry":{"type":"Point","coordinates":[114.00607695775251,22.459166249919996]},"properties":{"Name":"嘉湖鄉村俱樂部(流動圖書館三)","Name_tc":"嘉湖鄉村俱樂部(流動圖書館三)","Name_en":"Kingswood Country Club(Mobile Library 3)","Type_tc":"圖書館","Type_en":"Libraries","District_tc":"元朗","District_en":"YUEN LONG","Address_tc":"新界天水圍嘉湖山莊嘉湖鄉村俱樂部停車場","Address_en":"Kingswood Country Club Car Park, Kingswood Villas, Tin Shui Wai"}},{"type":"Feature","geometry":{"type":"Point","coordinates":[114.23523141056981,22.42163238797564]},"properties":{"Name":"錦英苑(流動圖書館五)","Name_tc":"錦英苑(流動圖書館五)","Name_en":"Kam Ying Court(Mobile Library 5)","Type_tc":"圖書館","Type_en":"Libraries","District_tc":"沙田","District_en":"SHA TIN","Address_tc":"新界沙田錦英苑錦義閣側平台廣場","Address_en":"Open space adjacent to Kam Yee House, Kam Ying Court, Shatin, N.T."}},{"type":"Feature","geometry":{"type":"Point","coordinates":[113.86565401710595,22.253440486306]},"properties":{"Name":"大澳公共圖書館","Name_tc":"大澳公共圖書館","Name_en":"Tai O Public Library","Type_tc":"圖書館","Type_en":"Libraries","District_tc":"離島","District_en":"ISLANDS","Address_tc":"新界大嶼山大澳龍田邨商業中心12號舖","Address_en":"Shop No. 12, Commercial Centre, Lung Tin Estate, Tai O, Lantau Island, N.T."}},{"type":"Feature","geometry":{"type":"Point","coordinates":[113.91583737176288,22.22183587305581]},"properties":{"Name":"水口(流動圖書館四)","Name_tc":"水口(流動圖書館四)","Name_en":"Shui Hau(Mobile Library 4)","Type_tc":"圖書館","Type_en":"Libraries","District_tc":"離島","District_en":"ISLANDS","Address_tc":"新界大嶼山嶼南道水口公共停車場","Address_en":"Shui Hau Public Car Park, South Lantau Road, Lantau Island, N.T."}},{"type":"Feature","geometry":{"type":"Point","coordinates":[114.20482010654602,22.37935157173529]},"properties":{"Name":"圓洲角公共圖書館","Name_tc":"圓洲角公共圖書館","Name_en":"Yuen Chau Kok Public Library","Type_tc":"圖書館","Type_en":"Libraries","District_tc":"沙田","District_en":"SHA TIN","Address_tc":"沙田銀城街35號圓洲角綜合大樓高座","Address_en":"High Block of Yuen Chau Kok Complex, 35 Ngan Shing Street, Sha Tin"}},{"type":"Feature","geometry":{"type":"Point","coordinates":[114.2317500030155,22.317909997658134]},"properties":{"Name":"秀茂坪公共圖書館","Name_tc":"秀茂坪公共圖書館","Name_en":"Sau Mau Ping Public Library","Type_tc":"圖書館","Type_en":"Libraries","District_tc":"觀塘","District_en":"KWUN TONG","Address_tc":"九龍秀茂坪秀明道秀茂坪邨秀潤樓地下高層","Address_en":"The upper ground floor of Sau Yun House, Sau Mau Ping Estate, Sau Ming Road, Sau Mau Ping, Kowloon"}},{"type":"Feature","geometry":{"type":"Point","coordinates":[114.16713637984421,22.333173257384388]},"properties":{"Name":"石硤尾公共圖書館","Name_tc":"石硤尾公共圖書館","Name_en":"Shek Kip Mei Public Library","Type_tc":"圖書館","Type_en":"Libraries","District_tc":"深水埗","District_en":"SHAM SHUI PO","Address_tc":"石硤尾窩仔街100號石硤尾邨服務設施大樓七樓","Address_en":"7/F,Shek Kip Mei Estate Ancillary Facilities Block,100 Woh Chai St, Shek Kip Mei"}},{"type":"Feature","geometry":{"type":"Point","coordinates":[114.20829781293996,22.342732063271143]},"properties":{"Name":"富山公共圖書館","Name_tc":"富山公共圖書館","Name_en":"Fu Shan Public Library","Type_tc":"圖書館","Type_en":"Libraries","District_tc":"黃大仙","District_en":"WONG TAI SIN","Address_tc":"九龍蒲崗村道富山邨富仁樓地庫一層1-4號單位","Address_en":"Units 1-4, LG 1, Fu Yan House, Fu Shan Estate, Po Kong Village Road, Kowloon"}},{"type":"Feature","geometry":{"type":"Point","coordinates":[114.1543579686594,22.249564657287706]},"properties":{"Name":"香港仔公共圖書館","Name_tc":"香港仔公共圖書館","Name_en":"Aberdeen Public Library","Type_tc":"圖書館","Type_en":"Libraries","District_tc":"南區","District_en":"SOUTHERN","Address_tc":"香港香港仔大道203號香港仔市政大廈三樓","Address_en":"3/F., Aberdeen Municipal Services Building, 203 Aberdeen Main Road, Aberdeen, Hong Kong"}},{"type":"Feature","geometry":{"type":"Point","coordinates":[114.23739676425159,22.310105331511735]},"properties":{"Name":"藍田公共圖書館","Name_tc":"藍田公共圖書館","Name_en":"Lam Tin Public Library","Type_tc":"圖書館","Type_en":"Libraries","District_tc":"觀塘","District_en":"KWUN TONG","Address_tc":"藍田慶田街一號藍田綜合大樓五至六樓","Address_en":"5-6/F, Lam Tin Complex, 1 Hing Tin Street, Lam Tin"}},{"type":"Feature","geometry":{"type":"Point","coordinates":[114.1266037060815,22.369660047980627]},"properties":{"Name":"葵涌邨(流動圖書館十)","Name_tc":"葵涌邨(流動圖書館十)","Name_en":"Kwai Chung Estate(Mobile Library 10)","Type_tc":"圖書館","Type_en":"Libraries","District_tc":"葵青","District_en":"KWAI TSING","Address_tc":"新界葵涌葵涌邨旭葵樓側","Address_en":"Adjacent to Yuk Kwai House, Kwai Chung Estate, Kwai Chung, N.T."}},{"type":"Feature","geometry":{"type":"Point","coordinates":[114.14655275911797,22.243492971848827]},"properties":{"Name":"海怡半島(流動圖書館九)","Name_tc":"海怡半島(流動圖書館九)","Name_en":"South Horizons(Mobile Library 9)","Type_tc":"圖書館","Type_en":"Libraries","District_tc":"南區","District_en":"SOUTHERN","Address_tc":"香港鴨脷洲海怡半島海怡廣場避車處","Address_en":"Lay-by area of the Marina Square, South Horizons, Ap Lei Chau, Hong Kong"}},{"type":"Feature","geometry":{"type":"Point","coordinates":[114.19373003563479,22.289553046936536]},"properties":{"Name":"電氣道公共圖書館","Name_tc":"電氣道公共圖書館","Name_en":"Electric Road Public Library","Type_tc":"圖書館","Type_en":"Libraries","District_tc":"東區","District_en":"EASTERN","Address_tc":"香港電氣道229號電氣道市政大廈二樓","Address_en":"2/F., Electric Road Municipal Services Buliding, 229 Electric Road, North Point, Hong Kong"}},{"type":"Feature","geometry":{"type":"Point","coordinates":[114.22735906718988,22.306152461272983]},"properties":{"Name":"麗港城(流動圖書館八)","Name_tc":"麗港城(流動圖書館八)","Name_en":"Laguna City(Mobile Library 8)","Type_tc":"圖書館","Type_en":"Libraries","District_tc":"觀塘","District_en":"KWUN TONG","Address_tc":"九龍藍田麗港城第一期住客俱樂部側","Address_en":"Adjacent to Phase I, Club House, Laguna City, Lam Tin, Kowloon"}},{"type":"Feature","geometry":{"type":"Point","coordinates":[114.2255932561695,22.276849532330495]},"properties":{"Name":"耀東公共圖書館","Name_tc":"耀東公共圖書館","Name_en":"Yiu Tung Public Library","Type_tc":"圖書館","Type_en":"Libraries","District_tc":"東區","District_en":"EASTERN","Address_tc":"香港筲箕灣耀東邨耀昌樓地下","Address_en":"G/F., Yiu Cheong House, Yiu Tung Estate, Shau Kei Wan, Hong Kong"}},{"type":"Feature","geometry":{"type":"Point","coordinates":[114.22585664150174,22.414105887749177]},"properties":{"Name":"欣安邨(流動圖書館五)","Name_tc":"欣安邨(流動圖書館五)","Name_en":"Yan On Estate(Mobile Library 5)","Type_tc":"圖書館","Type_en":"Libraries","District_tc":"沙田","District_en":"SHA TIN","Address_tc":"新界馬鞍山欣安邨欣悅樓側","Address_en":"Adjacent to Yan Yuet House, Yan On Estate, Ma On Shan, N.T."}},{"type":"Feature","geometry":{"type":"Point","coordinates":[114.15740621307222,22.241486207404392]},"properties":{"Name":"利東邨(流動圖書館六)","Name_tc":"利東邨(流動圖書館六)","Name_en":"Lei Tung Estate(Mobile Library 6)","Type_tc":"圖書館","Type_en":"Libraries","District_tc":"南區","District_en":"SOUTHERN","Address_tc":"香港鴨脷洲利東邨東平樓側","Address_en":"Adjacent to Tung Ping House, Lei Tung Estate, Ap Lei Chau, Hong Kong"}},{"type":"Feature","geometry":{"type":"Point","coordinates":[114.13027130863075,22.354020240635798]},"properties":{"Name":"麗瑤邨(流動圖書館十一)","Name_tc":"麗瑤邨(流動圖書館十一)","Name_en":"Lai Yiu Estate(Mobile Library 11)","Type_tc":"圖書館","Type_en":"Libraries","District_tc":"葵青","District_en":"KWAI TSING","Address_tc":"新界葵涌麗瑤邨富瑤樓側","Address_en":"Adjacent to Fu Yiu House, Lai Yiu Estate, Kwai Chung, N.T."}},{"type":"Feature","geometry":{"type":"Point","coordinates":[113.9838878623095,22.413176365441775]},"properties":{"Name":"富泰邨(流動圖書館三)","Name_tc":"富泰邨(流動圖書館三)","Name_en":"Fu Tai Estate(Mobile Library 3)","Type_tc":"圖書館","Type_en":"Libraries","District_tc":"屯門","District_en":"TUEN MUN","Address_tc":"新界屯門富泰邨美泰樓附翼側","Address_en":"Adjacent to Annex Block of Mei Tai House, Fu Tai Estate, Tuen Mun, N.T."}},{"type":"Feature","geometry":{"type":"Point","coordinates":[114.16578851878647,22.327706056783406]},"properties":{"Name":"楓樹街(流動圖書館二)","Name_tc":"楓樹街(流動圖書館二)","Name_en":"Maple Street(Mobile Library 2)","Type_tc":"圖書館","Type_en":"Libraries","District_tc":"深水埗","District_en":"SHAM SHUI PO","Address_tc":"九龍深水埗楓樹街(楓樹街遊樂場側)","Address_en":"Adjacent to Maple Street Playground, Maple Street, Sham Shui Po, Kowloon"}},{"type":"Feature","geometry":{"type":"Point","coordinates":[114.23997677552028,22.263325699639946]},"properties":{"Name":"柴灣公共圖書館","Name_tc":"柴灣公共圖書館","Name_en":"Chai Wan Public Library","Type_tc":"圖書館","Type_en":"Libraries","District_tc":"東區","District_en":"EASTERN","Address_tc":"香港柴灣柴灣道338號柴灣市政大廈四樓至五樓","Address_en":"4-5/F., Chai Wan Municipal Services Building. 338 Chai Wan Road, Chai Wan, Hong Kong"}},{"type":"Feature","geometry":{"type":"Point","coordinates":[114.0283463738288,22.20681943363913]},"properties":{"Name":"長洲公共圖書館","Name_tc":"長洲公共圖書館","Name_en":"Cheung Chau Public Library","Type_tc":"圖書館","Type_en":"Libraries","District_tc":"離島","District_en":"ISLANDS","Address_tc":"新界長洲大興堤路2號長洲市政大樓二樓","Address_en":"2/F, Cheung Chau Municipal Services Building, 2 Tai Hing Tai Road, Cheung Chau, N.T."}},{"type":"Feature","geometry":{"type":"Point","coordinates":[114.18596448428106,22.33828760064719]},"properties":{"Name":"樂富公共圖書館","Name_tc":"樂富公共圖書館","Name_en":"Lok Fu Public Library","Type_tc":"圖書館","Type_en":"Libraries","District_tc":"黃大仙","District_en":"WONG TAI SIN","Address_tc":"九龍聯合道樂富廣場三樓112號","Address_en":"Shop No. 112, 3/F, Lok Fu Place, Junction Road Kowloon"}},{"type":"Feature","geometry":{"type":"Point","coordinates":[114.0456160037188,22.478681997675867]},"properties":{"Name":"錦繡花園(流動圖書館三)","Name_tc":"錦繡花園(流動圖書館三)","Name_en":"Fairview Park(Mobile Library 3)","Type_tc":"圖書館","Type_en":"Libraries","District_tc":"元朗","District_en":"YUEN LONG","Address_tc":"新界元朗錦繡花園商場側停車場","Address_en":"Carpark adjacent to Commercial Complex, Fairview Park, Yuen Long, N.T."}},{"type":"Feature","geometry":{"type":"Point","coordinates":[114.15075281870273,22.282083500724095]},"properties":{"Name":"孫中山紀念館","Name_tc":"孫中山紀念館","Name_en":"Dr Sun Yat-sen Museum","Type_tc":"博物館","Type_en":"Museums","District_tc":"中西區","District_en":"CENTRAL & WESTERN","Address_tc":"中環半山衛城道7號","Address_en":"7 Castle Road, Mid-Levels, Central"}},{"type":"Feature","geometry":{"type":"Point","coordinates":[114.23501734174005,22.28276149484947]},"properties":{"Name":"香港抗戰及海防博物館","Name_tc":"香港抗戰及海防博物館","Name_en":"Hong Kong Museum of the War of Resistance and Coastal Defence","Type_tc":"博物館","Type_en":"Museums","District_tc":"東區","District_en":"EASTERN","Address_tc":"筲箕灣東喜道175號","Address_en":"175 Tung Hei Road, Shau Kei Wan"}},{"type":"Feature","geometry":{"type":"Point","coordinates":[114.15940698489672,22.276574164313907]},"properties":{"Name":"香港視覺藝術中心","Name_tc":"香港視覺藝術中心","Name_en":"Hong Kong Visual Arts Centre","Type_tc":"博物館","Type_en":"Museums","District_tc":"中西區","District_en":"CENTRAL & WESTERN","Address_tc":"中區堅尼地道7號A","Address_en":"7A Kennedy Road, Central"}},{"type":"Feature","geometry":{"type":"Point","coordinates":[114.1928597838296,22.28891802291504]},"properties":{"Name":"油街實現","Name_tc":"油街實現","Name_en":"Oil Street Art Space","Type_tc":"博物館","Type_en":"Museums","District_tc":"東區","District_en":"EASTERN","Address_tc":"香港北角油街12號","Address_en":"12 Oil Street, North Point, Hong Kong"}},{"type":"Feature","geometry":{"type":"Point","coordinates":[114.23552386533126,22.264167220193237]},"properties":{"Name":"羅屋民俗館","Name_tc":"羅屋民俗館","Name_en":"Law Uk Folk Museum","Type_tc":"博物館","Type_en":"Museums","District_tc":"東區","District_en":"EASTERN","Address_tc":"柴灣吉勝街14號","Address_en":"14 Kut Shing Street, Chai Wan"}},{"type":"Feature","geometry":{"type":"Point","coordinates":[114.16005170490756,22.33788483339907]},"properties":{"Name":"李鄭屋漢墓博物館","Name_tc":"李鄭屋漢墓博物館","Name_en":"Lei Cheng Uk Han Tomb Museum","Type_tc":"博物館","Type_en":"Museums","District_tc":"深水埗","District_en":"SHAM SHUI PO","Address_tc":"深水埗東京街41號","Address_en":"41 Tonkin Street, Sham Shui Po"}},{"type":"Feature","geometry":{"type":"Point","coordinates":[114.21914448229454,22.289277492101494]},"properties":{"Name":"葛量洪號滅火輪展覽館","Name_tc":"葛量洪號滅火輪展覽館","Name_en":"Fireboat Alexander Grantham Exhibition Gallery","Type_tc":"博物館","Type_en":"Museums","District_tc":"東區","District_en":"EASTERN","Address_tc":"鰂魚涌公園","Address_en":"Quarry Bay Park, Quarry Bay"}},{"type":"Feature","geometry":{"type":"Point","coordinates":[114.17197374167947,22.293464115130302]},"properties":{"Name":"香港藝術館","Name_tc":"香港藝術館","Name_en":"Hong Kong Museum of Art","Type_tc":"博物館","Type_en":"Museums","District_tc":"油尖旺","District_en":"YAU TSIM MONG","Address_tc":"尖沙咀梳士巴利道10號","Address_en":"10 Salisbury Road, Tsim Sha Tsui"}},{"type":"Feature","geometry":{"type":"Point","coordinates":[114.17740811483593,22.30174526399135]},"properties":{"Name":"文物修復資源中心","Name_tc":"文物修復資源中心","Name_en":"Conservation Resource Centre","Type_tc":"博物館","Type_en":"Museums","District_tc":"油尖旺","District_en":"YAU TSIM MONG","Address_tc":"香港九龍尖沙咀東部漆咸道南一百號香港歷史博物館二樓二零二室","Address_en":"Room 202, 2/F, Hong Kong Museum of History, 100 Chatham Road South, Tsim Sha Tsui East, Kowloon, Hong Kong"}},{"type":"Feature","geometry":{"type":"Point","coordinates":[114.1203353280458,22.371966185798254]},"properties":{"Name":"三棟屋博物館","Name_tc":"三棟屋博物館","Name_en":"Sam Tung Uk Museum","Type_tc":"博物館","Type_en":"Museums","District_tc":"荃灣","District_en":"TSUEN WAN","Address_tc":"荃灣古屋里2號","Address_en":"2 Kwu Uk Lane, Tsuen Wan"}},{"type":"Feature","geometry":{"type":"Point","coordinates":[114.17766043440008,22.301086028042338]},"properties":{"Name":"香港科學館","Name_tc":"香港科學館","Name_en":"Hong Kong Science Museum","Type_tc":"博物館","Type_en":"Museums","District_tc":"油尖旺","District_en":"YAU TSIM MONG","Address_tc":"尖沙咀東部科學館道2號","Address_en":"2 Science Museum Road, Tsim Sha Tsui East"}},{"type":"Feature","geometry":{"type":"Point","coordinates":[114.18519583512955,22.37740318168756]},"properties":{"Name":"香港文化博物館","Name_tc":"香港文化博物館","Name_en":"Hong Kong Heritage Museum","Type_tc":"博物館","Type_en":"Museums","District_tc":"沙田","District_en":"SHA TIN","Address_tc":"沙田文林路1號","Address_en":"1 Man Lam Road, Sha Tin"}},{"type":"Feature","geometry":{"type":"Point","coordinates":[114.17186696831965,22.294240745457905]},"properties":{"Name":"香港太空館","Name_tc":"香港太空館","Name_en":"Hong Kong Space Museum","Type_tc":"博物館","Type_en":"Museums","District_tc":"油尖旺","District_en":"YAU TSIM MONG","Address_tc":"尖沙咀梳士巴利道10號","Address_en":"10 Salisbury Road, Tsim Sha Tsui"}},{"type":"Feature","geometry":{"type":"Point","coordinates":[114.16247487582811,22.278544950214624]},"properties":{"Name":"茶具文物館","Name_tc":"茶具文物館","Name_en":"Flagstaff House Museum of Tea Ware","Type_tc":"博物館","Type_en":"Museums","District_tc":"中西區","District_en":"CENTRAL & WESTERN","Address_tc":"中區紅棉路10號","Address_en":"10 Cotton Tree Drive, Central"}},{"type":"Feature","geometry":{"type":"Point","coordinates":[114.32133561234961,22.39249205885133]},"properties":{"Name":"上窰民俗文物館","Name_tc":"上窰民俗文物館","Name_en":"Sheung Yiu Folk Museum","Type_tc":"博物館","Type_en":"Museums","District_tc":"西貢","District_en":"SAI KUNG","Address_tc":"西貢北潭涌自然教育徑","Address_en":"Pak Tam Chung Nature Trail, Sai Kung"}},{"type":"Feature","geometry":{"type":"Point","coordinates":[114.1643422197853,22.447587889919348]},"properties":{"Name":"香港鐵路博物館","Name_tc":"香港鐵路博物館","Name_en":"Hong Kong Railway Museum","Type_tc":"博物館","Type_en":"Museums","District_tc":"大埔","District_en":"TAI PO","Address_tc":"大埔墟崇德街13號","Address_en":"13 Shung Tak Street, Tai Po Market"}},{"type":"Feature","geometry":{"type":"Point","coordinates":[114.22204459624226,22.2850864985717]},"properties":{"Name":"香港電影資料館","Name_tc":"香港電影資料館","Name_en":"Hong Kong Film Archive","Type_tc":"博物館","Type_en":"Museums","District_tc":"東區","District_en":"EASTERN","Address_tc":"西灣河鯉景道50號","Address_en":"50 Lei King Road, Sai Wan Ho"}},{"type":"Feature","geometry":{"type":"Point","coordinates":[114.17740811483593,22.30174526399135]},"properties":{"Name":"香港歷史博物館","Name_tc":"香港歷史博物館","Name_en":"Hong Kong Museum of History","Type_tc":"博物館","Type_en":"Museums","District_tc":"油尖旺","District_en":"YAU TSIM MONG","Address_tc":"尖沙咀漆咸道南100號","Address_en":"100 Chatham Road South, Tsim Sha Tsui"}},{"type":"Feature","geometry":{"type":"Point","coordinates":[114.0291881068952,22.20503121790802]},"properties":{"Name":"大菜園花園","Name_tc":"大菜園花園","Name_en":"Tai Tsoi Yuen Garden","Type_tc":"公園","Type_en":"Parks","District_tc":"離島","District_en":"ISLANDS","Address_tc":"長洲大菜園路","Address_en":"Tai Tsoi Yuen Road, Cheung Chau"}},{"type":"Feature","geometry":{"type":"Point","coordinates":[114.13411130491775,22.498922469862645]},"properties":{"Name":"北區公園","Name_tc":"北區公園","Name_en":"North District Park","Type_tc":"公園","Type_en":"Parks","District_tc":"北區","District_en":"NORTH","Address_tc":"上水馬會道","Address_en":"Jockey Club Road, Sheung Shui"}},{"type":"Feature","geometry":{"type":"Point","coordinates":[114.1562742490201,22.321754113694144]},"properties":{"Name":"海帆道公園","Name_tc":"海帆道公園","Name_en":"Hoi Fan Road Park","Type_tc":"公園","Type_en":"Parks","District_tc":"油尖旺","District_en":"YAU TSIM MONG","Address_tc":"九龍大角咀海帆道18號","Address_en":"18 Hoi Fan Road, Tai Kok Tsui, Kowloon"}},{"type":"Feature","geometry":{"type":"Point","coordinates":[114.09881254598973,22.36236049159894]},"properties":{"Name":"青衣東北公園","Name_tc":"青衣東北公園","Name_en":"Tsing Yi Northeast Park","Type_tc":"公園","Type_en":"Parks","District_tc":"葵青","District_en":"KWAI TSING","Address_tc":"青衣担杆山路10號","Address_en":"10, Tam Kon Shan Road, Tsing Yi"}},{"type":"Feature","geometry":{"type":"Point","coordinates":[114.10587214016417,22.35616427064528]},"properties":{"Name":"青衣公園","Name_tc":"青衣公園","Name_en":"Tsing Yi Park","Type_tc":"公園","Type_en":"Parks","District_tc":"葵青","District_en":"KWAI TSING","Address_tc":"青衣青綠街","Address_en":"Tsing Luk Street, Tsing Yi"}},{"type":"Feature","geometry":{"type":"Point","coordinates":[114.15828510307324,22.31697234053408]},"properties":{"Name":"海輝道海濱花園","Name_tc":"海輝道海濱花園","Name_en":"Hoi Fai Road Promenade","Type_tc":"公園","Type_en":"Parks","District_tc":"油尖旺","District_en":"YAU TSIM MONG","Address_tc":"大角咀海輝道24號","Address_en":"24 Hoi Fai Road, Tai Kok Tsui"}},{"type":"Feature","geometry":{"type":"Point","coordinates":[114.17900493166398,22.451827252157017]},"properties":{"Name":"大埔海濱公園","Name_tc":"大埔海濱公園","Name_en":"Tai Po Waterfront Park","Type_tc":"公園","Type_en":"Parks","District_tc":"大埔","District_en":"TAI PO","Address_tc":"大埔大發街","Address_en":"Dai Fat Street, Tai Po"}},{"type":"Feature","geometry":{"type":"Point","coordinates":[114.221806633201,22.329842247410486]},"properties":{"Name":"佐敦谷公園","Name_tc":"佐敦谷公園","Name_en":"Jordan Valley Park","Type_tc":"公園","Type_en":"Parks","District_tc":"觀塘","District_en":"KWUN TONG","Address_tc":"觀塘新清水灣道71號","Address_en":"No.71, New Clear Water Bay Road"}},{"type":"Feature","geometry":{"type":"Point","coordinates":[114.00744969196556,22.463234089590713]},"properties":{"Name":"天業路公園","Name_tc":"天業路公園","Name_en":"Tin Yip Road Park","Type_tc":"公園","Type_en":"Parks","District_tc":"元朗","District_en":"YUEN LONG","Address_tc":"新界天水圍天業路","Address_en":"Tin Yip Road, Tin Shui Wai"}},{"type":"Feature","geometry":{"type":"Point","coordinates":[113.9366407004361,22.287053826967394]},"properties":{"Name":"東涌小炮台公園(2區)","Name_tc":"東涌小炮台公園(2區)","Name_en":"Tung Chung Battery Park (Zone 2)","Type_tc":"公園","Type_en":"Parks","District_tc":"離島","District_en":"ISLANDS","Address_tc":"東涌道北26 號","Address_en":"26 Tung Chung Road North"}},{"type":"Feature","geometry":{"type":"Point","coordinates":[114.2320350026208,22.322984997925975]},"properties":{"Name":"安秀道公園","Name_tc":"安秀道公園","Name_en":"On Sau Road Park","Type_tc":"公園","Type_en":"Parks","District_tc":"觀塘","District_en":"KWUN TONG","Address_tc":"觀塘安秀道","Address_en":"On Sau Road, Kwun Tong"}},{"type":"Feature","geometry":{"type":"Point","coordinates":[114.17021017940209,22.300117813221302]},"properties":{"Name":"九龍公園","Name_tc":"九龍公園","Name_en":"Kowloon Park","Type_tc":"公園","Type_en":"Parks","District_tc":"油尖旺","District_en":"YAU TSIM MONG","Address_tc":"尖沙咀柯士甸道22號","Address_en":"22 Austin Road, Tsim Sha Tsui"}},{"type":"Feature","geometry":{"type":"Point","coordinates":[114.22040917964523,22.408832738856276]},"properties":{"Name":"馬鞍山海濱長廊","Name_tc":"馬鞍山海濱長廊","Name_en":"Ma On Shan Promenade","Type_tc":"公園","Type_en":"Parks","District_tc":"沙田","District_en":"SHA TIN","Address_tc":"馬鞍山寧泰路","Address_en":"Ning Tai Road, Ma On Shan"}},{"type":"Feature","geometry":{"type":"Point","coordinates":[114.13292457979111,22.357196123892344]},"properties":{"Name":"中葵涌公園","Name_tc":"中葵涌公園","Name_en":"Central Kwai Chung Park","Type_tc":"公園","Type_en":"Parks","District_tc":"葵青","District_en":"KWAI TSING","Address_tc":"葵涌新葵街","Address_en":"San Kwai Street, Kwai Chung"}},{"type":"Feature","geometry":{"type":"Point","coordinates":[114.01892631031642,22.442499242504486]},"properties":{"Name":"元朗公園","Name_tc":"元朗公園","Name_en":"Yuen Long Park","Type_tc":"公園","Type_en":"Parks","District_tc":"元朗","District_en":"YUEN LONG","Address_tc":"元朗元朗公園北路","Address_en":"Town Park Road North, Yuen Long"}},{"type":"Feature","geometry":{"type":"Point","coordinates":[114.25765676075304,22.318774901429656]},"properties":{"Name":"寶康公園","Name_tc":"寶康公園","Name_en":"Po Hong Park","Type_tc":"公園","Type_en":"Parks","District_tc":"西貢","District_en":"SAI KUNG","Address_tc":"將軍澳運隆路","Address_en":"Wan Lung Road, Tseung Kwan O"}},{"type":"Feature","geometry":{"type":"Point","coordinates":[114.25299160094386,22.325017294899865]},"properties":{"Name":"寶翠公園","Name_tc":"寶翠公園","Name_en":"Po Tsui Park","Type_tc":"公園","Type_en":"Parks","District_tc":"西貢","District_en":"SAI KUNG","Address_tc":"新界將軍澳毓雅里","Address_en":"Yuk Nga Lane, Tseung Kwan O, N.T."}},{"type":"Feature","geometry":{"type":"Point","coordinates":[114.16949146423286,22.335514112337272]},"properties":{"Name":"石硤尾公園","Name_tc":"石硤尾公園","Name_en":"Shek Kip Mei Park","Type_tc":"公園","Type_en":"Parks","District_tc":"深水埗","District_en":"SHAM SHUI PO","Address_tc":"深水埗南昌街270號","Address_en":"270 Nam Cheong Street, Sham Shui Po"}},{"type":"Feature","geometry":{"type":"Point","coordinates":[114.23848685686963,22.266277488842498]},"properties":{"Name":"柴灣公園","Name_tc":"柴灣公園","Name_en":"Chai Wan Park","Type_tc":"公園","Type_en":"Parks","District_tc":"東區","District_en":"EASTERN","Address_tc":"柴灣翠灣街柴灣公園","Address_en":"Chai Wan Park, Tsui Wan Street, Chai Wan"}},{"type":"Feature","geometry":{"type":"Point","coordinates":[113.95088362489312,22.29159132301262]},"properties":{"Name":"東涌北公園","Name_tc":"東涌北公園","Name_en":"Tung Chung North Park","Type_tc":"公園","Type_en":"Parks","District_tc":"離島","District_en":"ISLANDS","Address_tc":"東涌文東路29號","Address_en":"No. 29 Man Tung Road, Tung Chung"}},{"type":"Feature","geometry":{"type":"Point","coordinates":[114.21380221848203,22.336151226649303]},"properties":{"Name":"牛池灣公園","Name_tc":"牛池灣公園","Name_en":"Ngau Chi Wan Park","Type_tc":"公園","Type_en":"Parks","District_tc":"黃大仙","District_en":"WONG TAI SIN","Address_tc":"黃大仙牛池灣豐盛街71號","Address_en":"71 Fung Shing Street, Ngau Chi Wan, Wong Tai Sin"}},{"type":"Feature","geometry":{"type":"Point","coordinates":[114.13698489314329,22.339475601813618]},"properties":{"Name":"荔枝角公園","Name_tc":"荔枝角公園","Name_en":"Lai Chi Kok Park","Type_tc":"公園","Type_en":"Parks","District_tc":"深水埗","District_en":"SHAM SHUI PO","Address_tc":"荔枝角荔灣道1號","Address_en":"1 Lai Wan Road, Lai Chi Kok"}},{"type":"Feature","geometry":{"type":"Point","coordinates":[114.12325768701744,22.502222490117198]},"properties":{"Name":"大頭嶺休憩處","Name_tc":"大頭嶺休憩處","Name_en":"Tai Tau Leng Sitting-out Area","Type_tc":"公園","Type_en":"Parks","District_tc":"北區","District_en":"NORTH","Address_tc":"新界上水寶石湖路大頭嶺村","Address_en":"Tai Tau Leng Village, Po Shek Wu Road, Sheung Shui, N.T."}},{"type":"Feature","geometry":{"type":"Point","coordinates":[113.97344391926988,22.391933848885348]},"properties":{"Name":"屯門公園","Name_tc":"屯門公園","Name_en":"Tuen Mun Park","Type_tc":"公園","Type_en":"Parks","District_tc":"屯門","District_en":"TUEN MUN","Address_tc":"屯門屯門鄉事會路","Address_en":"Tuen Mun Heung Sze Wui Road, Tuen Mun"}},{"type":"Feature","geometry":{"type":"Point","coordinates":[114.14487316287261,22.48556930854283]},"properties":{"Name":"一鳴路公園","Name_tc":"一鳴路公園","Name_en":"Yat Ming Road Park","Type_tc":"公園","Type_en":"Parks","District_tc":"粉嶺","District_en":"FANLING","Address_tc":"粉嶺一鳴路與百和路交界","Address_en":"Junction of Yat Ming Road and Pak Wo Road"}},{"type":"Feature","geometry":{"type":"Point","coordinates":[114.00345421118837,22.455658750425595]},"properties":{"Name":"天水圍公園","Name_tc":"天水圍公園","Name_en":"Tin Shui Wai Park","Type_tc":"公園","Type_en":"Parks","District_tc":"元朗","District_en":"YUEN LONG","Address_tc":"天水圍天瑞路6號","Address_en":"6 Tin Shui Road, Tin Shui Wai, Yuen Long"}},{"type":"Feature","geometry":{"type":"Point","coordinates":[114.21501590819346,22.322984356810995]},"properties":{"Name":"牛頭角公園","Name_tc":"牛頭角公園","Name_en":"Ngau Tau Kok Park","Type_tc":"公園","Type_en":"Parks","District_tc":"觀塘","District_en":"KWUN TONG","Address_tc":"九龍觀塘道199號","Address_en":"199 Kwun Tong Road, Kowloon"}},{"type":"Feature","geometry":{"type":"Point","coordinates":[114.2133485884905,22.30613135459108]},"properties":{"Name":"啓德郵輪碼頭公園","Name_tc":"啓德郵輪碼頭公園","Name_en":"Kai Tak Cruise Terminal Park","Type_tc":"公園","Type_en":"Parks","District_tc":"九龍城","District_en":"KOWLOON CITY","Address_tc":"九龍啓德承豐道33號啓德郵輪碼頭頂層平台","Address_en":"flat roof of the Kai Tak Cruise Terminal Building at 33 Shing Fung Road, Kai Tak, Kowloon"}},{"type":"Feature","geometry":{"type":"Point","coordinates":[114.15741130173383,22.324091228807955]},"properties":{"Name":"南昌公園","Name_tc":"南昌公園","Name_en":"Nam Cheong Park","Type_tc":"公園","Type_en":"Parks","District_tc":"深水埗","District_en":"SHAM SHUI PO","Address_tc":"九龍深旺道20號","Address_en":"20 Sham Mong Road, Kowloon"}},{"type":"Feature","geometry":{"type":"Point","coordinates":[114.12507258670662,22.374749173966272]},"properties":{"Name":"城門谷公園","Name_tc":"城門谷公園","Name_en":"Shing Mun Valley Park","Type_tc":"公園","Type_en":"Parks","District_tc":"荃灣","District_en":"TSUEN WAN","Address_tc":"荃灣城門道","Address_en":"Shing Mun Road, Tsuen Wan"}},{"type":"Feature","geometry":{"type":"Point","coordinates":[114.20234474536426,22.389497761221918]},"properties":{"Name":"城門河第二海濱花園","Name_tc":"城門河第二海濱花園","Name_en":"Shing Mun River Promenade Garden No.2","Type_tc":"公園","Type_en":"Parks","District_tc":"沙田","District_en":"SHA TIN","Address_tc":"沙田大涌橋路","Address_en":"Tai Chung Kiu Road, Sha Tin"}},{"type":"Feature","geometry":{"type":"Point","coordinates":[114.11733774569637,22.35377008745027]},"properties":{"Name":"葵涌公園","Name_tc":"葵涌公園","Name_en":"Kwai Chung Park","Type_tc":"公園","Type_en":"Parks","District_tc":"葵青","District_en":"KWAI TSING","Address_tc":"新界葵涌葵裕街18號","Address_en":"18 Kwai Yue Street, Kwai Chung, New Territories"}},{"type":"Feature","geometry":{"type":"Point","coordinates":[113.96813597444917,22.385522359339944]},"properties":{"Name":"湖山河畔公園","Name_tc":"湖山河畔公園","Name_en":"Wu Shan Riverside Park","Type_tc":"公園","Type_en":"Parks","District_tc":"屯門","District_en":"TUEN MUN","Address_tc":"新界，屯門，屯門河畔，毗鄰為新屯門中心、富健花園及龍門居","Address_en":"Nullah from Sun Tuen Mun Centre to Lung Mun Oasis, Area 18, Lung Mun Road, Tuen Mun, N.T."}},{"type":"Feature","geometry":{"type":"Point","coordinates":[114.14040386138386,22.290416425225224]},"properties":{"Name":"西營盤海濱公園","Name_tc":"西營盤海濱公園","Name_en":"Sai Ying Pun Harbourfront Park","Type_tc":"公園","Type_en":"Parks","District_tc":"中西區","District_en":"CENTRAL AND WESTERN","Address_tc":"香港西營盤東邊街北","Address_en":"Eastern Street North, Sai Ying Pun, Hong Kong"}},{"type":"Feature","geometry":{"type":"Point","coordinates":[114.22332020031827,22.324232704261128]},"properties":{"Name":"觀塘上配水庫花園","Name_tc":"觀塘上配水庫花園","Name_en":"Kwun Tong High Level Service Reservoir Garden","Type_tc":"公園","Type_en":"Parks","District_tc":"觀塘","District_en":"KWUN TONG","Address_tc":"九龍觀塘佐敦谷","Address_en":"Jordan Valley Kwun Tong, Kowloon"}},{"type":"Feature","geometry":{"type":"Point","coordinates":[114.18988500272322,22.37698299783498]},"properties":{"Name":"城門河第一海濱花園","Name_tc":"城門河第一海濱花園","Name_en":"Shing Mun River Promenade Garden No.1","Type_tc":"公園","Type_en":"Parks","District_tc":"沙田","District_en":"SHA TIN","Address_tc":"沙田大涌橋路","Address_en":"Tai Chung Kiu Road, Sha Tin"}},{"type":"Feature","geometry":{"type":"Point","coordinates":[114.21512359392818,22.288690985965616]},"properties":{"Name":"鰂魚涌公園","Name_tc":"鰂魚涌公園","Name_en":"Quarry Bay Park","Type_tc":"公園","Type_en":"Parks","District_tc":"東區","District_en":"EASTERN","Address_tc":"鰂魚涌近海堤街","Address_en":"Near Hoi Tai Street, Quarry Bay"}},{"type":"Feature","geometry":{"type":"Point","coordinates":[114.26099281946576,22.314142317064288]},"properties":{"Name":"香港單車館公園","Name_tc":"香港單車館公園","Name_en":"Hong Kong Velodrome Park","Type_tc":"公園","Type_en":"Parks","District_tc":"西貢","District_en":"SAI KUNG","Address_tc":"將軍澳寶康路105-107號","Address_en":"105-107 Po Hong Road, Tseung Kwan O"}},{"type":"Feature","geometry":{"type":"Point","coordinates":[114.1655786875116,22.28135823863963]},"properties":{"Name":"添馬公園","Name_tc":"添馬公園","Name_en":"Tamar Park","Type_tc":"公園","Type_en":"Parks","District_tc":"中西區","District_en":"CENTRAL AND WESTERN","Address_tc":"金鐘夏慤道","Address_en":"Harcourt Road, Admiralty"}},{"type":"Feature","geometry":{"type":"Point","coordinates":[114.18987333009473,22.37949163367794]},"properties":{"Name":"沙田公園","Name_tc":"沙田公園","Name_en":"Sha Tin Park","Type_tc":"公園","Type_en":"Parks","District_tc":"沙田","District_en":"SHA TIN","Address_tc":"沙田源禾路2號","Address_en":"2 Yuen Wo Road, Shatin"}},{"type":"Feature","geometry":{"type":"Point","coordinates":[114.11282231202682,22.367113991660744]},"properties":{"Name":"荃灣公園","Name_tc":"荃灣公園","Name_en":"Tsuen Wan Park","Type_tc":"公園","Type_en":"Parks","District_tc":"荃灣","District_en":"TSUEN WAN","Address_tc":"荃灣永順街59號","Address_en":"59 Wing Shun Street, Tsuen Wan"}},{"type":"Feature","geometry":{"type":"Point","coordinates":[114.12209904609996,22.495025834618684]},"properties":{"Name":"粉錦公路以東的公園","Name_tc":"粉錦公路以東的公園","Name_en":"The park located east of Fan Kam Road","Type_tc":"公園","Type_en":"Parks","District_tc":"北區","District_en":"NORTH","Address_tc":"上水粉錦公路650號","Address_en":"No. 650 Fan Kam Road, Sheung Shui"}},{"type":"Feature","geometry":{"type":"Point","coordinates":[114.2591025021296,22.301871628995894]},"properties":{"Name":"將軍澳海濱公園","Name_tc":"將軍澳海濱公園","Name_en":"Tseung Kwan O Waterfront Park","Type_tc":"公園","Type_en":"Parks","District_tc":"西貢","District_en":"SAI KUNG","Address_tc":"西貢將軍澳唐賢街","Address_en":"Tong Yin Street, Tseung Kwan O, Sai Kung"}},{"type":"Feature","geometry":{"type":"Point","coordinates":[114.00852996176889,22.45204489770755]},"properties":{"Name":"天慈花園","Name_tc":"天慈花園","Name_en":"Tin Tsz Garden","Type_tc":"公園","Type_en":"Parks","District_tc":"元朗","District_en":"YUEN LONG","Address_tc":"元朗天水圍天慈路","Address_en":"Tin Tsz Road, Tin Shui Wai, Yuen Long"}},{"type":"Feature","geometry":{"type":"Point","coordinates":[113.97175100345426,22.392468996983652]},"properties":{"Name":"杯渡路(南)休憩花園","Name_tc":"杯渡路(南)休憩花園","Name_en":"Pui To Road (South) Rest Garden","Type_tc":"公園","Type_en":"Parks","District_tc":"屯門","District_en":"TUEN MUN","Address_tc":"屯門天后路","Address_en":"Tin Hau Road, Tuen Mun"}},{"type":"Feature","geometry":{"type":"Point","coordinates":[113.96642758128856,22.375460180021133]},"properties":{"Name":"湖景路花園","Name_tc":"湖景路花園","Name_en":"Wu King Road Garden","Type_tc":"公園","Type_en":"Parks","District_tc":"屯門","District_en":"TUEN MUN","Address_tc":"屯門湖景路","Address_en":"Wu King Road, Tuen Mun"}},{"type":"Feature","geometry":{"type":"Point","coordinates":[114.21339815496891,22.216793329127043]},"properties":{"Name":"新八間休憩處","Name_tc":"新八間休憩處","Name_en":"Sun Pat Kan Sitting-out Area","Type_tc":"公園","Type_en":"Parks","District_tc":"南區","District_en":"SOUTHERN","Address_tc":"赤柱黄麻角道","Address_en":"Wong Ma Kok Road, Stanley"}},{"type":"Feature","geometry":{"type":"Point","coordinates":[114.15582256510014,22.317054820077225]},"properties":{"Name":"海輝道公園","Name_tc":"海輝道公園","Name_en":"Hoi Fai Road Park","Type_tc":"公園","Type_en":"Parks","District_tc":"油尖旺","District_en":"YAU TSIM MONG","Address_tc":"九龍大角咀海輝道","Address_en":"Hoi Fai Road, Tai Kok Tsui, Kowloon"}},{"type":"Feature","geometry":{"type":"Point","coordinates":[114.19634470776849,22.33560065153264]},"properties":{"Name":"崇齡街遊樂場","Name_tc":"崇齡街遊樂場","Name_en":"Shung Ling Street Playground","Type_tc":"公園","Type_en":"Parks","District_tc":"黃大仙","District_en":"WONG TAI SIN","Address_tc":"黃大仙新蒲崗崇齡街","Address_en":"Shung Ling Street, San Po Kong, Wong Tai Sin"}},{"type":"Feature","geometry":{"type":"Point","coordinates":[114.0326722713462,22.444399920516375]},"properties":{"Name":"鳳翔路花園","Name_tc":"鳳翔路花園","Name_en":"Fung Cheung Road Garden","Type_tc":"公園","Type_en":"Parks","District_tc":"元朗","District_en":"YUEN LONG","Address_tc":"元朗鳳翔路","Address_en":"Fung Cheung Road, Yuen Long"}},{"type":"Feature","geometry":{"type":"Point","coordinates":[114.20326362061832,22.292182626619475]},"properties":{"Name":"英皇道遊樂場","Name_tc":"英皇道遊樂場","Name_en":"King's Road Playground","Type_tc":"公園","Type_en":"Parks","District_tc":"東區","District_en":"EASTERN","Address_tc":"北角英皇道","Address_en":"King's Road, North Point"}},{"type":"Feature","geometry":{"type":"Point","coordinates":[114.167285055438,22.514800239968253]},"properties":{"Name":"孔嶺兒童遊樂場","Name_tc":"孔嶺兒童遊樂場","Name_en":"Hung Leng Children's Playground","Type_tc":"公園","Type_en":"Parks","District_tc":"粉嶺","District_en":"FANLING","Address_tc":"新界粉嶺孔嶺村","Address_en":"Hung Leng Village, Fanling, N.T."}},{"type":"Feature","geometry":{"type":"Point","coordinates":[114.11133484015464,22.349879326338932]},"properties":{"Name":"長輝路海濱花園","Name_tc":"長輝路海濱花園","Name_en":"Cheung Fai Road Promenade","Type_tc":"公園","Type_en":"Parks","District_tc":"葵青","District_en":"KWAI TSING","Address_tc":"青衣長輝路","Address_en":"Cheung Fai Road, Tsing Yi, N.T."}},{"type":"Feature","geometry":{"type":"Point","coordinates":[114.13508775080841,22.250244395470386]},"properties":{"Name":"瀑布灣公園","Name_tc":"瀑布灣公園","Name_en":"Waterfall Bay Park","Type_tc":"公園","Type_en":"Parks","District_tc":"南區","District_en":"SOUTHERN","Address_tc":"華富邨瀑布灣道","Address_en":"Waterfall Bay Road, Wah Fu Estate"}},{"type":"Feature","geometry":{"type":"Point","coordinates":[114.15543842616678,22.24482460228802]},"properties":{"Name":"鴨脷洲海濱長廊","Name_tc":"鴨脷洲海濱長廊","Name_en":"Ap Lei Chau Waterfront Promenade","Type_tc":"公園","Type_en":"Parks","District_tc":"南區","District_en":"SOUTHERN","Address_tc":"香港鴨脷洲鴨脷洲大街","Address_en":"Ap Lei Chau Main Street, Ap Lei Chau, Hong Kong"}},{"type":"Feature","geometry":{"type":"Point","coordinates":[114.15787523278402,22.245122013847013]},"properties":{"Name":"鴨脷洲公園","Name_tc":"鴨脷洲公園","Name_en":"Ap Lei Chau Park","Type_tc":"公園","Type_en":"Parks","District_tc":"南區","District_en":"SOUTHERN","Address_tc":"香港鴨脷洲鴨脷洲大街","Address_en":"Ap Lei Chau Main Street, Ap Lei Chau, Hong Kong"}},{"type":"Feature","geometry":{"type":"Point","coordinates":[114.17954941744419,22.522344770461434]},"properties":{"Name":"禾徑山路花園","Name_tc":"禾徑山路花園","Name_en":"Wo Keng Shan Road Garden","Type_tc":"公園","Type_en":"Parks","District_tc":"北區","District_en":"NORTH","Address_tc":"新界粉嶺沙頭角路禾徑山路","Address_en":"Wo Keng Shan Road, Sha Tau Kok Road, Fanling, N.T"}},{"type":"Feature","geometry":{"type":"Point","coordinates":[113.98517000333547,22.375347997447943]},"properties":{"Name":"舊咖啡灣休憩處","Name_tc":"舊咖啡灣休憩處","Name_en":"Cafeteria Old Beach Sitting-out Area","Type_tc":"公園","Type_en":"Parks","District_tc":"屯門","District_en":"TUEN MUN","Address_tc":"屯門舊咖啡灣","Address_en":"Cafeteria Old Beach, Tuen Mun"}},{"type":"Feature","geometry":{"type":"Point","coordinates":[114.13602575993178,22.289542588198426]},"properties":{"Name":"中西區海濱長廊 – 西區副食品批發市場段","Name_tc":"中西區海濱長廊 – 西區副食品批發市場段","Name_en":"Central and Western Distrcit Promenade - Western Wholesale Food Market Setcion","Type_tc":"公園","Type_en":"Parks","District_tc":"中西區","District_en":"CENTRAL AND WESTERN","Address_tc":"西環豐物道 8 號","Address_en":"8 Fung Mat Road, Sai Wan"}},{"type":"Feature","geometry":{"type":"Point","coordinates":[114.18904932332272,22.432901949297]},"properties":{"Name":"大埔滘公園","Name_tc":"大埔滘公園","Name_en":"Tai Po Kau Park","Type_tc":"公園","Type_en":"Parks","District_tc":"大埔","District_en":"TAI PO","Address_tc":"大埔滘大埔公路大埔滘段","Address_en":"Tai Po Road (Tai Po Kau), Tai Po Kau"}},{"type":"Feature","geometry":{"type":"Point","coordinates":[114.18536500318666,22.44060499730327]},"properties":{"Name":"吐露港花園","Name_tc":"吐露港花園","Name_en":"Tolo Harbour Garden","Type_tc":"公園","Type_en":"Parks","District_tc":"大埔","District_en":"TAI PO","Address_tc":"大埔吐露港公路","Address_en":"Tolo Highway, Tai Po"}},{"type":"Feature","geometry":{"type":"Point","coordinates":[114.17728543112851,22.448282299134693]},"properties":{"Name":"元洲仔公園","Name_tc":"元洲仔公園","Name_en":"Yuen Chau Tsai Park","Type_tc":"公園","Type_en":"Parks","District_tc":"大埔","District_en":"TAI PO","Address_tc":"大埔元洲仔里","Address_en":"Island House Lane, Tai Po"}},{"type":"Feature","geometry":{"type":"Point","coordinates":[114.16457003094774,22.438811537141266]},"properties":{"Name":"達運道休憩處","Name_tc":"達運道休憩處","Name_en":"Tat Wan Road Sitting out Area","Type_tc":"公園","Type_en":"Parks","District_tc":"大埔","District_en":"TAI PO","Address_tc":"大埔達運道","Address_en":"Tat Wan Road, Tai Po"}},{"type":"Feature","geometry":{"type":"Point","coordinates":[114.0357808121747,22.288452372035263]},"properties":{"Name":"坪利路休憩處","Name_tc":"坪利路休憩處","Name_en":"Peng Lei Road Sitting-out Area","Type_tc":"公園","Type_en":"Parks","District_tc":"離島","District_en":"ISLANDS","Address_tc":"坪洲坪利路","Address_en":"Peng Lei Road, Peng Chau"}},{"type":"Feature","geometry":{"type":"Point","coordinates":[114.03585900309541,22.203117997190745]},"properties":{"Name":"思高路花園","Name_tc":"思高路花園","Name_en":"Don Bosco Road Garden","Type_tc":"公園","Type_en":"Parks","District_tc":"離島","District_en":"ISLANDS","Address_tc":"長洲思高路","Address_en":"Don Bosco Road, Cheung Chau"}},{"type":"Feature","geometry":{"type":"Point","coordinates":[114.19623143143787,22.333864203447785]},"properties":{"Name":"景福街休憩處","Name_tc":"景福街休憩處","Name_en":"King Fuk Street Sitting-out Area","Type_tc":"公園","Type_en":"Parks","District_tc":"黃大仙","District_en":"WONG TAI SIN","Address_tc":"黃大仙，景福街","Address_en":"King Fuk Street, Wong Tai Sin"}},{"type":"Feature","geometry":{"type":"Point","coordinates":[114.12397289989994,22.357795069748942]},"properties":{"Name":"葵喜街休憩處","Name_tc":"葵喜街休憩處","Name_en":"Kwai Hei Street Sitting-out Area","Type_tc":"公園","Type_en":"Parks","District_tc":"葵青","District_en":"KWAI TSING","Address_tc":"葵涌葵福路","Address_en":"Kwai Fuk Road, Kwai Chung"}},{"type":"Feature","geometry":{"type":"Point","coordinates":[114.13664700342116,22.364622997460973]},"properties":{"Name":"石貝街花園","Name_tc":"石貝街花園","Name_en":"Shek Pui Street Garden","Type_tc":"公園","Type_en":"Parks","District_tc":"葵青","District_en":"KWAI TSING","Address_tc":"葵涌石貝街","Address_en":"Shek Pui Street, Kwai Chung"}},{"type":"Feature","geometry":{"type":"Point","coordinates":[114.12409225782615,22.360301375477054]},"properties":{"Name":"賽馬會葵盛圍休憩處","Name_tc":"賽馬會葵盛圍休憩處","Name_en":"Jockey Club Kwai Shing Circuit Sitting-out Area","Type_tc":"公園","Type_en":"Parks","District_tc":"葵青","District_en":"KWAI TSING","Address_tc":"葵涌葵盛圍","Address_en":"Kwai Shing Circuit, Kwai Chung"}},{"type":"Feature","geometry":{"type":"Point","coordinates":[114.19799962423927,22.344875947342146]},"properties":{"Name":"金鳳街休憩處","Name_tc":"金鳳街休憩處","Name_en":"Kam Fung Street Sitting-out Area","Type_tc":"公園","Type_en":"Parks","District_tc":"黃大仙","District_en":"WONG TAI SIN","Address_tc":"黃大仙，金鳳街","Address_en":"Kam Fung Street , Wong Tai Sin"}},{"type":"Feature","geometry":{"type":"Point","coordinates":[114.19910500288721,22.39147099729867]},"properties":{"Name":"城門河第三海濱花園","Name_tc":"城門河第三海濱花園","Name_en":"Shing Mun River Promenade Garden No.3","Type_tc":"公園","Type_en":"Parks","District_tc":"沙田","District_en":"SHA TIN","Address_tc":"沙田第一城大涌橋路","Address_en":"Tai Chung Kiu Road, City One, Sha Tin"}},{"type":"Feature","geometry":{"type":"Point","coordinates":[114.2273430033159,22.424458997676634]},"properties":{"Name":"馬鞍山西沙路花園","Name_tc":"馬鞍山西沙路花園","Name_en":"Ma On Shan Sai Sha Road Garden","Type_tc":"公園","Type_en":"Parks","District_tc":"沙田","District_en":"SHA TIN","Address_tc":"馬鞍山西沙路","Address_en":"Sai Sha Road, Ma On Shan"}},{"type":"Feature","geometry":{"type":"Point","coordinates":[114.17438200285282,22.37718799739348]},"properties":{"Name":"美田路休憩處","Name_tc":"美田路休憩處","Name_en":"Mei Tin Road Sitting-out Area","Type_tc":"公園","Type_en":"Parks","District_tc":"沙田","District_en":"SHA TIN","Address_tc":"大圍美田路","Address_en":"Mei Tin Road, Tai Wai"}},{"type":"Feature","geometry":{"type":"Point","coordinates":[114.1715661561512,22.270028482686964]},"properties":{"Name":"寶雲道公園","Name_tc":"寶雲道公園","Name_en":"Bowen Road Park","Type_tc":"公園","Type_en":"Parks","District_tc":"灣仔","District_en":"WAN CHAI","Address_tc":"灣仔寶雲道","Address_en":"Bowen Road, Wan Chai"}},{"type":"Feature","geometry":{"type":"Point","coordinates":[114.16585196025663,22.272672124177678]},"properties":{"Name":"寶雲道花園","Name_tc":"寶雲道花園","Name_en":"Bowen Road Garden","Type_tc":"公園","Type_en":"Parks","District_tc":"灣仔","District_en":"WAN CHAI","Address_tc":"灣仔寶雲道","Address_en":"Bowen Road, Wan Chai"}},{"type":"Feature","geometry":{"type":"Point","coordinates":[113.98036861408836,22.377276167321185]},"properties":{"Name":"青碧休憩處","Name_tc":"青碧休憩處","Name_en":"Tsing Bik Sitting-out Area","Type_tc":"公園","Type_en":"Parks","District_tc":"屯門","District_en":"TUEN MUN","Address_tc":"屯門青碧街","Address_en":"Tsing Bik Street, Tuen Mun"}},{"type":"Feature","geometry":{"type":"Point","coordinates":[113.97045475728571,22.392999665361955]},"properties":{"Name":"新安休憩處","Name_tc":"新安休憩處","Name_en":"San On Sitting-out Area","Type_tc":"公園","Type_en":"Parks","District_tc":"屯門","District_en":"TUEN MUN","Address_tc":"屯門新安街","Address_en":"San On Street, Tuen Mun"}},{"type":"Feature","geometry":{"type":"Point","coordinates":[114.10263597980632,22.431844579329596]},"properties":{"Name":"上村公園","Name_tc":"上村公園","Name_en":"Sheung Tsuen Park","Type_tc":"公園","Type_en":"Parks","District_tc":"元朗","District_en":"YUEN LONG","Address_tc":"元朗錦上路","Address_en":"Kam Sheung Road, Yuen Long"}},{"type":"Feature","geometry":{"type":"Point","coordinates":[114.26889435380619,22.31463027428466]},"properties":{"Name":"坑口花園","Name_tc":"坑口花園","Name_en":"Hang Hau Garden","Type_tc":"公園","Type_en":"Parks","District_tc":"西貢","District_en":"SAI KUNG","Address_tc":"新界將軍澳坑口田洲路","Address_en":"Tin Chau Road, Hang Hau, Tseung Kwan O. N.T."}},{"type":"Feature","geometry":{"type":"Point","coordinates":[114.1562707291828,22.24476744251782]},"properties":{"Name":"洪聖街休憩花園","Name_tc":"洪聖街休憩花園","Name_en":"Hung Shing Street Rest Garden","Type_tc":"公園","Type_en":"Parks","District_tc":"南區","District_en":"SOUTHERN","Address_tc":"鴨脷洲惠風街","Address_en":"Wai Fung Street, Ap Lei Chau"}},{"type":"Feature","geometry":{"type":"Point","coordinates":[114.151343874621,22.340221396687735]},"properties":{"Name":"永康街休憩花園","Name_tc":"永康街休憩花園","Name_en":"Wing Hong Street Rest Garden","Type_tc":"公園","Type_en":"Parks","District_tc":"深水埗","District_en":"SHAM SHUI PO","Address_tc":"永康街","Address_en":"Wing Hong Street"}},{"type":"Feature","geometry":{"type":"Point","coordinates":[114.17142429757963,22.342849572451403]},"properties":{"Name":"龍翔道眺望處","Name_tc":"龍翔道眺望處","Name_en":"Lung Cheung Road Lookout","Type_tc":"公園","Type_en":"Parks","District_tc":"深水埗","District_en":"SHAM SHUI PO","Address_tc":"龍翔道","Address_en":"Lung Cheung Road"}},{"type":"Feature","geometry":{"type":"Point","coordinates":[114.15747841789,22.287988052947487]},"properties":{"Name":"三號碼頭花園","Name_tc":"三號碼頭花園","Name_en":"Pier 3 Garden","Type_tc":"公園","Type_en":"Parks","District_tc":"中西區","District_en":"CENTRAL AND WESTERN","Address_tc":"中環民光街3號碼頭天台","Address_en":"Roof, Central Pier No. 3,Man Kwong Street, Central"}},{"type":"Feature","geometry":{"type":"Point","coordinates":[114.15655701833643,22.288214436791122]},"properties":{"Name":"二號碼頭花園","Name_tc":"二號碼頭花園","Name_en":"Pier 2 Garden","Type_tc":"公園","Type_en":"Parks","District_tc":"中西區","District_en":"CENTRAL AND WESTERN","Address_tc":"中環民光街2號碼頭天台","Address_en":"Roof, Central Pier No. 2, Man Kwong Street, Central"}},{"type":"Feature","geometry":{"type":"Point","coordinates":[114.15896775433622,22.287335698369645]},"properties":{"Name":"中環碼頭海濱長廊","Name_tc":"中環碼頭海濱長廊","Name_en":"Central Pier Waterfront","Type_tc":"公園","Type_en":"Parks","District_tc":"中西區","District_en":"CENTRAL AND WESTERN","Address_tc":"中環民光街","Address_en":"Man Kwong Street, Central"}},{"type":"Feature","geometry":{"type":"Point","coordinates":[114.15015473718813,22.28325216182043]},"properties":{"Name":"永利街休憩花園","Name_tc":"永利街休憩花園","Name_en":"Wing Lee Street Rest Garden","Type_tc":"公園","Type_en":"Parks","District_tc":"中西區","District_en":"CENTRAL AND WESTERN","Address_tc":"上環永利街","Address_en":"Wing Lee Street, Sheung Wan"}},{"type":"Feature","geometry":{"type":"Point","coordinates":[114.1497479625668,22.28924885479201]},"properties":{"Name":"中西區海濱長廊-上環段","Name_tc":"中西區海濱長廊-上環段","Name_en":"Central & Western District Promenade-Sheung Wan Section","Type_tc":"公園","Type_en":"Parks","District_tc":"中西區","District_en":"CENTRAL AND WESTERN","Address_tc":"上環中港道","Address_en":"Chung Kong Road, Sheung Wan"}},{"type":"Feature","geometry":{"type":"Point","coordinates":[114.12679133070502,22.509313844669137]},"properties":{"Name":"天平路花園","Name_tc":"天平路花園","Name_en":"Tin Ping Road Garden","Type_tc":"公園","Type_en":"Parks","District_tc":"北區","District_en":"NORTH","Address_tc":"上水天平路","Address_en":"Tin Ping Road, Sheung Shui, N.T."}},{"type":"Feature","geometry":{"type":"Point","coordinates":[114.20135491306175,22.32979811261901]},"properties":{"Name":"啟德大道公園","Name_tc":"啟德大道公園","Name_en":"Kai Tak Avenue Park","Type_tc":"公園","Type_en":"Parks","District_tc":"九龍城","District_en":"KOWLOON CITY","Address_tc":"九龍城沐安街16號","Address_en":"16 Muk On Street, Kowloon City"}},{"type":"Feature","geometry":{"type":"Point","coordinates":[114.16936458234277,22.26710011585147]},"properties":{"Name":"灣仔峽公園","Name_tc":"灣仔峽公園","Name_en":"Wan Chai Gap Park","Type_tc":"公園","Type_en":"Parks","District_tc":"灣仔","District_en":"WAN CHAI","Address_tc":"灣仔司徒拔道","Address_en":"Stubbs Road , Wan Chai"}},{"type":"Feature","geometry":{"type":"Point","coordinates":[114.27464488756382,22.382558256605442]},"properties":{"Name":"西貢海濱公園","Name_tc":"西貢海濱公園","Name_en":"Sai Kung Waterfront Park","Type_tc":"公園","Type_en":"Parks","District_tc":"西貢","District_en":"SAI KUNG","Address_tc":"西貢惠民路","Address_en":"Wai Man Road, Sai Kung"}},{"type":"Feature","geometry":{"type":"Point","coordinates":[114.1891844530268,22.287929415510977]},"properties":{"Name":"東岸公園 (第一期)","Name_tc":"東岸公園 (第一期)","Name_en":"East Coast Park (Phase 1)","Type_tc":"公園","Type_en":"Parks","District_tc":"灣仔","District_en":"WAN CHAI","Address_tc":"東岸公園 (第一期)","Address_en":"East Coast Park (Phase 1)"}},{"type":"Feature","geometry":{"type":"Point","coordinates":[114.1655569701259,22.442738625361084]},"properties":{"Name":"馬窩路花園","Name_tc":"馬窩路花園","Name_en":"Ma Wo Road Garden","Type_tc":"公園","Type_en":"Parks","District_tc":"大埔","District_en":"TAI PO","Address_tc":"新界大埔馬窩路2號","Address_en":"2 Ma Wo Road, Tai Po, New Territories"}},{"type":"Feature","geometry":{"type":"Point","coordinates":[113.97865514546451,22.382418699860033]},"properties":{"Name":"麒麟崗公眾公園","Name_tc":"麒麟崗公眾公園","Name_en":"Ki Lun Kong Public Park","Type_tc":"公園","Type_en":"Parks","District_tc":"屯門","District_en":"TUEN MUN","Address_tc":"屯門青山公路三聖邨對面","Address_en":"Opposite to Sam Shing Estate, Castle Peak Road, Tuen Mun"}},{"type":"Feature","geometry":{"type":"Point","coordinates":[114.1698564964028,22.32840344399711]},"properties":{"Name":"棠蔭街山邊休憩處","Name_tc":"棠蔭街山邊休憩處","Name_en":"Tong Yam Street Hillside Sitting-out Area","Type_tc":"公園","Type_en":"Parks","District_tc":"深水埗","District_en":"SHAM SHUI PO","Address_tc":"石硤尾棠蔭街","Address_en":"Tong Yam Street, Shek Kip Mei"}},{"type":"Feature","geometry":{"type":"Point","coordinates":[114.13640676510742,22.495185169586094]},"properties":{"Name":"新運路休憩處","Name_tc":"新運路休憩處","Name_en":"San Wan Road Sitting-out Area","Type_tc":"公園","Type_en":"Parks","District_tc":"北區","District_en":"NORTH","Address_tc":"新界粉嶺新運路","Address_en":"San Wan Road, Fanling"}},{"type":"Feature","geometry":{"type":"Point","coordinates":[114.16923079854061,22.26702689273174]},"properties":{"Name":"灣仔峽公園","Name_tc":"灣仔峽公園","Name_en":"Wan Chai Gap Park","Type_tc":"公園","Type_en":"Parks","District_tc":"灣仔","District_en":"WAN CHAI","Address_tc":"香港灣仔半山區甘道","Address_en":"Coombe Road, Mid-Levels, Wan Chai, HK"}},{"type":"Feature","geometry":{"type":"Point","coordinates":[114.20511619026951,22.38940025303738]},"properties":{"Name":"安睦街花園","Name_tc":"安睦街花園","Name_en":"On Muk Street Garden","Type_tc":"公園","Type_en":"Parks","District_tc":"沙田","District_en":"SHA TIN","Address_tc":"沙田安睦街","Address_en":"On Muk Street, Sha Tin"}},{"type":"Feature","geometry":{"type":"Point","coordinates":[114.17240889753485,22.279780798421644]},"properties":{"Name":"告士打道花園","Name_tc":"告士打道花園","Name_en":"Gloucester Road Garden","Type_tc":"公園","Type_en":"Parks","District_tc":"灣仔","District_en":"WAN CHAI","Address_tc":"灣仔告士打道","Address_en":"Gloucester Road, Wan Chai"}},{"type":"Feature","geometry":{"type":"Point","coordinates":[114.1529579618814,22.244612036158816]},"properties":{"Name":"鴨脷洲風之塔公園","Name_tc":"鴨脷洲風之塔公園","Name_en":"Ap Lei Chau Wind Tower Park","Type_tc":"公園","Type_en":"Parks","District_tc":"南區","District_en":"SOUTHERN","Address_tc":"香港鴨脷洲利枝道","Address_en":"Lei Chi Road, Ap Lei Chau, Hong Kong"}},{"type":"Feature","geometry":{"type":"Point","coordinates":[114.17368793331788,22.44700136351975]},"properties":{"Name":"廣福休憩處","Name_tc":"廣福休憩處","Name_en":"Kwong Fuk Sitting-out Area","Type_tc":"公園","Type_en":"Parks","District_tc":"大埔","District_en":"TAI PO","Address_tc":"大埔廣宏街","Address_en":"Kwong Wang Street, Tai Po"}},{"type":"Feature","geometry":{"type":"Point","coordinates":[114.18428516782787,22.27020922544616]},"properties":{"Name":"黃泥涌道新月花園","Name_tc":"黃泥涌道新月花園","Name_en":"Wong Nai Chung Road Crescent Garden","Type_tc":"公園","Type_en":"Parks","District_tc":"灣仔","District_en":"WAN CHAI","Address_tc":"香港跑馬地黃泥涌道","Address_en":"Wong Nai Chung Road, Happy Valley, Hong Kong"}},{"type":"Feature","geometry":{"type":"Point","coordinates":[114.14357793158516,22.282931069509914]},"properties":{"Name":"屋蘭士街休憩處","Name_tc":"屋蘭士街休憩處","Name_en":"Oaklands Avenue Sitting-out Area","Type_tc":"公園","Type_en":"Parks","District_tc":"中西區","District_en":"CENTRAL AND WESTERN","Address_tc":"半山屋蘭士街","Address_en":"Oaklands Avenue, Mid-level"}},{"type":"Feature","geometry":{"type":"Point","coordinates":[114.26885517395715,22.305027076499833]},"properties":{"Name":"環保大道寵物公園","Name_tc":"環保大道寵物公園","Name_en":"Wan Po Road Pet Garden","Type_tc":"公園","Type_en":"Parks","District_tc":"西貢","District_en":"SAI KUNG","Address_tc":"西貢將軍澳環保大道","Address_en":"Wan Po Road, Tseung Kwan O, Sai Kung"}},{"type":"Feature","geometry":{"type":"Point","coordinates":[114.25400713627408,22.327238337646104]},"properties":{"Name":"寶琳休憩處","Name_tc":"寶琳休憩處","Name_en":"Po Lam Sitting-Out Area","Type_tc":"公園","Type_en":"Parks","District_tc":"西貢","District_en":"SAI KUNG","Address_tc":"西貢將軍澳寶琳北路","Address_en":"Po Lam Road North, Tseung Kwan O, Sai Kung"}},{"type":"Feature","geometry":{"type":"Point","coordinates":[114.24476330673218,22.264337910796463]},"properties":{"Name":"新廈街遊樂場","Name_tc":"新廈街遊樂場","Name_en":"San Ha Street Playground","Type_tc":"公園","Type_en":"Parks","District_tc":"東區","District_en":"EASTERN","Address_tc":"新廈街","Address_en":"San Ha Street"}},{"type":"Feature","geometry":{"type":"Point","coordinates":[114.19959062081051,22.3458707391819]},"properties":{"Name":"蒲崗村道 / 崇華街休憩處","Name_tc":"蒲崗村道 / 崇華街休憩處","Name_en":"Po Kong Village Road / Shung Wah Street Sitting-out Area","Type_tc":"公園","Type_en":"Parks","District_tc":"黃大仙","District_en":"WONG TAI SIN","Address_tc":"蒲崗村道 / 崇華街交界","Address_en":"J/O Po Kong Village Road / Shung Wah Street"}},{"type":"Feature","geometry":{"type":"Point","coordinates":[114.22603647508147,22.303971072922288]},"properties":{"Name":"偉樂街臨時足球場","Name_tc":"偉樂街臨時足球場","Name_en":"Wai Lok Street Temporary Soccer Pitch","Type_tc":"公園","Type_en":"Parks","District_tc":"觀塘","District_en":"KWUN TONG","Address_tc":"九龍觀塘偉業街與偉樂街交界(近麗港公園)","Address_en":"Wai Yip Street and Wai Lok Street junction, Kwun Tong, Kowloon (near Laguna Park)"}},{"type":"Feature","geometry":{"type":"Point","coordinates":[114.26216008845158,22.380603894230035]},"properties":{"Name":"太平村遊樂場","Name_tc":"太平村遊樂場","Name_en":"Tai Ping Village Playground","Type_tc":"公園","Type_en":"Parks","District_tc":"西貢","District_en":"SAI KUNG","Address_tc":"西貢菠蘿輋路","Address_en":"Po Lo Che Road, Sai Kung"}},{"type":"Feature","geometry":{"type":"Point","coordinates":[114.21436949852537,22.290395755153995]},"properties":{"Name":"鰂魚涌海濱花園","Name_tc":"鰂魚涌海濱花園","Name_en":"Quarry Bay Promenade","Type_tc":"公園","Type_en":"Parks","District_tc":"東區","District_en":"EASTERN","Address_tc":"鰂魚涌海裕街","Address_en":"Hoi Yu Street, Quarry Bay"}},{"type":"Feature","geometry":{"type":"Point","coordinates":[114.17399032161482,22.338879040366525]},"properties":{"Name":"歌和老街公園","Name_tc":"歌和老街公園","Name_en":"Cornwall Street Park","Type_tc":"公園","Type_en":"Parks","District_tc":"深水埗","District_en":"SHAM SHUI PO","Address_tc":"九龍塘歌和老街17號","Address_en":"17 Cornwall Street, Kowloon Tong, Kowloon"}},{"type":"Feature","geometry":{"type":"Point","coordinates":[114.17409406637044,22.295413876021897]},"properties":{"Name":"中間道兒童遊樂場","Name_tc":"中間道兒童遊樂場","Name_en":"Middle Road Children's Playground","Type_tc":"公園","Type_en":"Parks","District_tc":"油尖旺","District_en":"YAU TSIM MONG","Address_tc":"九龍尖沙咀中間道","Address_en":"Middle Road, Tsim Sha Tsui, Kowloon"}},{"type":"Feature","geometry":{"type":"Point","coordinates":[114.19805528989946,22.342385148880066]},"properties":{"Name":"鳳德公園","Name_tc":"鳳德公園","Name_en":"Fung Tak Park","Type_tc":"公園","Type_en":"Parks","District_tc":"黃大仙","District_en":"WONG TAI SIN","Address_tc":"九龍黃大仙鳳德道42號","Address_en":"42, Fung Tak Road, Wong Tai Sin, Kowloon"}},{"type":"Feature","geometry":{"type":"Point","coordinates":[114.18384742942824,22.34484541065466]},"properties":{"Name":"獅子山公園","Name_tc":"獅子山公園","Name_en":"Lion Rock Park","Type_tc":"公園","Type_en":"Parks","District_tc":"黃大仙","District_en":"WONG TAI SIN","Address_tc":"九龍黃大仙竹園道","Address_en":"Chuk Yuen Road, Wong Tai Sin, Kowloon"}},{"type":"Feature","geometry":{"type":"Point","coordinates":[114.23118521260531,22.427294101453462]},"properties":{"Name":"馬鞍山公園","Name_tc":"馬鞍山公園","Name_en":"Ma On Shan Park","Type_tc":"公園","Type_en":"Parks","District_tc":"沙田","District_en":"SHA TIN","Address_tc":"馬鞍山鞍駿街12號","Address_en":"12 On Chun Street, Ma On Shan"}},{"type":"Feature","geometry":{"type":"Point","coordinates":[114.20149093915238,22.293483084261364]},"properties":{"Name":"北角海濱花園","Name_tc":"北角海濱花園","Name_en":"North Point Promenade","Type_tc":"公園","Type_en":"Parks","District_tc":"東區","District_en":"EASTERN","Address_tc":"香港北角渡輪碼頭","Address_en":"North Point Ferry Pier, Hong Kong"}},{"type":"Feature","geometry":{"type":"Point","coordinates":[114.15592537939321,22.27768632845236]},"properties":{"Name":"香港動植物公園","Name_tc":"香港動植物公園","Name_en":"Hong Kong Zoological & Botanical Gardens","Type_tc":"公園","Type_en":"Parks","District_tc":"中西區","District_en":"CENTRAL AND WESTERN","Address_tc":"中西區雅賓利道","Address_en":"Albany Road, Central & Western"}},{"type":"Feature","geometry":{"type":"Point","coordinates":[114.15456912578534,22.300697089850914]},"properties":{"Name":"西九龍海濱長廊","Name_tc":"西九龍海濱長廊","Name_en":"West Kowloon Waterfront Promenade","Type_tc":"公園","Type_en":"Parks","District_tc":"油尖旺","District_en":"YAU TSIM MONG","Address_tc":"西九龍填海區 (九龍柯士甸道西/雅翔道交界)","Address_en":"West Kowloon Reclamation Area (J/O Austin Road West/ Nga Cheung Road)"}},{"type":"Feature","geometry":{"type":"Point","coordinates":[114.18982713927383,22.33165588885423]},"properties":{"Name":"九龍寨城公園","Name_tc":"九龍寨城公園","Name_en":"Kowloon Walled City Park","Type_tc":"公園","Type_en":"Parks","District_tc":"九龍城","District_en":"KOWLOON CITY","Address_tc":"九龍城東正道","Address_en":"Tung Tsing Road,Kowloon City"}},{"type":"Feature","geometry":{"type":"Point","coordinates":[114.20452570556539,22.33912955458775]},"properties":{"Name":"南蓮園池","Name_tc":"南蓮園池","Name_en":"Nan Lian Garden","Type_tc":"公園","Type_en":"Parks","District_tc":"黃大仙","District_en":"WONG TAI SIN","Address_tc":"黃大仙鑽石山鳳德道60號","Address_en":"Fung Tak Road, Diamond Hill, Wong Tai Sin"}},{"type":"Feature","geometry":{"type":"Point","coordinates":[114.16138825919604,22.27730765283362]},"properties":{"Name":"香港公園","Name_tc":"香港公園","Name_en":"Hong Kong Park","Type_tc":"公園","Type_en":"Parks","District_tc":"中西區","District_en":"CENTRAL AND WESTERN","Address_tc":"中環紅棉路19號","Address_en":"19 Cotton Tree Drive, Central"}},{"type":"Feature","geometry":{"type":"Point","coordinates":[114.17380325325796,22.32577476220629]},"properties":{"Name":"園圃街雀鳥花園","Name_tc":"園圃街雀鳥花園","Name_en":"Yuen Po Street Bird Garden","Type_tc":"公園","Type_en":"Parks","District_tc":"油尖旺","District_en":"YAU TSIM MONG","Address_tc":"旺角園圃街","Address_en":"Yuen Po Street, Mongkok"}},{"type":"Feature","geometry":{"type":"Point","coordinates":[114.11215409935484,22.363375082818756]},"properties":{"Name":"荃灣海濱公園","Name_tc":"荃灣海濱公園","Name_en":"Tsuen Wan Riviera Park","Type_tc":"公園","Type_en":"Parks","District_tc":"荃灣","District_en":"TSUEN WAN","Address_tc":"荃灣怡康街2A號","Address_en":"2A Yi Hong Street, Tsuen Wan"}},{"type":"Feature","geometry":{"type":"Point","coordinates":[114.2326456507298,22.277439671195978]},"properties":{"Name":"鯉魚門公園","Name_tc":"鯉魚門公園","Name_en":"Lei Yue Mun Park","Type_tc":"渡假營","Type_en":"Holiday Camps","District_tc":"東區","District_en":"EASTERN","Address_tc":"柴灣柴灣道75號","Address_en":"75 Chai Wan Road"}},{"type":"Feature","geometry":{"type":"Point","coordinates":[114.32200913909263,22.407988670090226]},"properties":{"Name":"麥理浩夫人度假村","Name_tc":"麥理浩夫人度假村","Name_en":"Lady MacLehose Holiday Village","Type_tc":"渡假營","Type_en":"Holiday Camps","District_tc":"西貢","District_en":"SAI KUNG","Address_tc":"西貢北潭","Address_en":"Pak Tam, Sai Kung"}},{"type":"Feature","geometry":{"type":"Point","coordinates":[114.10601625900848,22.38602107811052]},"properties":{"Name":"曹公潭戶外康樂中心","Name_tc":"曹公潭戶外康樂中心","Name_en":"Tso Kung Tam Outdoor Recreation Centre","Type_tc":"渡假營","Type_en":"Holiday Camps","District_tc":"荃灣","District_en":"TSUEN WAN","Address_tc":"荃灣荃錦公路105號","Address_en":"105 Route Twisk, Tsuen Wan"}},{"type":"Feature","geometry":{"type":"Point","coordinates":[113.95827943164477,22.373824217345934]},"properties":{"Name":"蝴蝶灣公園","Name_tc":"蝴蝶灣公園","Name_en":"Butterfly Beach Park","Type_tc":"燒烤場","Type_en":"BBQ Sites","District_tc":"屯門","District_en":"TUEN MUN","Address_tc":"屯門龍門路第45B區","Address_en":"Lung Mun Road, Area 45B, Tuen Mun"}},{"type":"Feature","geometry":{"type":"Point","coordinates":[113.98163236853148,22.376634649860055]},"properties":{"Name":"加多利灣泳灘","Name_tc":"加多利灣泳灘","Name_en":"Kadoorie Beach","Type_tc":"燒烤場","Type_en":"BBQ Sites","District_tc":"屯門","District_en":"TUEN MUN","Address_tc":"屯門青山公路青山灣段18¾咪","Address_en":"18¾ milestone, Castle Peak Road- Castle Peak Bay, Tuen Mun"}},{"type":"Feature","geometry":{"type":"Point","coordinates":[113.94134319770606,22.230604708198896]},"properties":{"Name":"上長沙泳灘","Name_tc":"上長沙泳灘","Name_en":"Upper Cheung Sha Beach","Type_tc":"燒烤場","Type_en":"BBQ Sites","District_tc":"離島","District_en":"ISLANDS","Address_tc":"大嶼山嶼南道","Address_en":"South Lantau Road, Lantau Island"}},{"type":"Feature","geometry":{"type":"Point","coordinates":[114.19932537631668,22.398883630117396]},"properties":{"Name":"樂信徑燒烤場","Name_tc":"樂信徑燒烤場","Name_en":"Lok Shun Path Barbecue Area","Type_tc":"燒烤場","Type_en":"BBQ Sites","District_tc":"沙田","District_en":"SHA TIN","Address_tc":"沙田火炭樂信徑","Address_en":"Lok Shun Path, Sha Tin"}},{"type":"Feature","geometry":{"type":"Point","coordinates":[114.18770818750751,22.24448699431439]},"properties":{"Name":"深水灣泳灘","Name_tc":"深水灣泳灘","Name_en":"Deep Water Bay Beach","Type_tc":"燒烤場","Type_en":"BBQ Sites","District_tc":"南區","District_en":"SOUTHERN","Address_tc":"深水灣香島道","Address_en":"Island Road, Deep Water Bay"}},{"type":"Feature","geometry":{"type":"Point","coordinates":[114.19823811942159,22.229835467782795]},"properties":{"Name":"中灣泳灘","Name_tc":"中灣泳灘","Name_en":"Middle Bay Beach","Type_tc":"燒烤場","Type_en":"BBQ Sites","District_tc":"南區","District_en":"SOUTHERN","Address_tc":"淺水灣南灣道","Address_en":"South Bay Road, Repulse Bay"}},{"type":"Feature","geometry":{"type":"Point","coordinates":[114.19751768376375,22.224989689547023]},"properties":{"Name":"南灣泳灘","Name_tc":"南灣泳灘","Name_en":"South Bay Beach","Type_tc":"燒烤場","Type_en":"BBQ Sites","District_tc":"南區","District_en":"SOUTHERN","Address_tc":"淺水灣南灣道","Address_en":"South Bay Road, Repulse Bay"}},{"type":"Feature","geometry":{"type":"Point","coordinates":[114.20211781639793,22.21779608483404]},"properties":{"Name":"舂坎角泳灘","Name_tc":"舂坎角泳灘","Name_en":"Chung Hom Kok Beach","Type_tc":"燒烤場","Type_en":"BBQ Sites","District_tc":"南區","District_en":"SOUTHERN","Address_tc":"舂坎角舂坎角道","Address_en":"Chung Hom Kok Road, Chung Hom Kok"}},{"type":"Feature","geometry":{"type":"Point","coordinates":[114.21491826077971,22.213291783621322]},"properties":{"Name":"聖士提反灣泳灘","Name_tc":"聖士提反灣泳灘","Name_en":"St. Stephen's Beach","Type_tc":"燒烤場","Type_en":"BBQ Sites","District_tc":"南區","District_en":"SOUTHERN","Address_tc":"赤柱黃麻角徑","Address_en":"Wong Ma Kok Path, Stanley"}},{"type":"Feature","geometry":{"type":"Point","coordinates":[114.21401935289445,22.221245334632947]},"properties":{"Name":"赤柱正灘泳灘","Name_tc":"赤柱正灘泳灘","Name_en":"Stanley Main Beach","Type_tc":"燒烤場","Type_en":"BBQ Sites","District_tc":"南區","District_en":"SOUTHERN","Address_tc":"赤柱赤柱灘道","Address_en":"Stanley Beach Road, Stanley"}},{"type":"Feature","geometry":{"type":"Point","coordinates":[114.21484847082164,22.224236110898943]},"properties":{"Name":"夏萍灣泳灘","Name_tc":"夏萍灣泳灘","Name_en":"Hair Pin Beach","Type_tc":"燒烤場","Type_en":"BBQ Sites","District_tc":"南區","District_en":"SOUTHERN","Address_tc":"赤柱赤柱灘道","Address_en":"Stanley Beach Road, Stanley"}},{"type":"Feature","geometry":{"type":"Point","coordinates":[114.22319382201105,22.233034356731963]},"properties":{"Name":"龜背灣泳灘","Name_tc":"龜背灣泳灘","Name_en":"Turtle Cove Beach","Type_tc":"燒烤場","Type_en":"BBQ Sites","District_tc":"南區","District_en":"SOUTHERN","Address_tc":"赤柱大潭道","Address_en":"Tai Tam Road, Stanley"}},{"type":"Feature","geometry":{"type":"Point","coordinates":[114.25069010870587,22.228710233698916]},"properties":{"Name":"石澳泳灘","Name_tc":"石澳泳灘","Name_en":"Shek O Beach","Type_tc":"燒烤場","Type_en":"BBQ Sites","District_tc":"南區","District_en":"SOUTHERN","Address_tc":"石澳石澳道","Address_en":"Shek O Road, Shek O"}},{"type":"Feature","geometry":{"type":"Point","coordinates":[114.24698006665429,22.2464427142675]},"properties":{"Name":"大浪灣泳灘","Name_tc":"大浪灣泳灘","Name_en":"Big Wave Bay Beach","Type_tc":"燒烤場","Type_en":"BBQ Sites","District_tc":"南區","District_en":"SOUTHERN","Address_tc":"石澳大浪灣道","Address_en":"Big Wave Bay Road, Shek O"}},{"type":"Feature","geometry":{"type":"Point","coordinates":[114.119699496585,22.2188238461797]},"properties":{"Name":"洪聖爺灣泳灘","Name_tc":"洪聖爺灣泳灘","Name_en":"Hung Shing Yeh Beach","Type_tc":"燒烤場","Type_en":"BBQ Sites","District_tc":"離島","District_en":"ISLANDS","Address_tc":"南丫島榕樹灣","Address_en":"Yung Shue Wan, Lamma Island"}},{"type":"Feature","geometry":{"type":"Point","coordinates":[114.12271461280478,22.204461531351825]},"properties":{"Name":"蘆鬚城泳灘","Name_tc":"蘆鬚城泳灘","Name_en":"Lo So Shing Beach","Type_tc":"燒烤場","Type_en":"BBQ Sites","District_tc":"離島","District_en":"ISLANDS","Address_tc":"南丫島索罟灣","Address_en":"Sok Kwu Wan, Lamma Island"}},{"type":"Feature","geometry":{"type":"Point","coordinates":[113.99898282690297,22.270144544376677]},"properties":{"Name":"銀礦灣泳灘","Name_tc":"銀礦灣泳灘","Name_en":"Silver Mine Bay Beach","Type_tc":"燒烤場","Type_en":"BBQ Sites","District_tc":"離島","District_en":"ISLANDS","Address_tc":"大嶼山梅窩東灣頭路","Address_en":"Tong Wan Tau Road, Mui Wo, Lantau Island"}},{"type":"Feature","geometry":{"type":"Point","coordinates":[113.97594547103745,22.23999152107095]},"properties":{"Name":"貝澳泳灘","Name_tc":"貝澳泳灘","Name_en":"Pui O Beach","Type_tc":"燒烤場","Type_en":"BBQ Sites","District_tc":"離島","District_en":"ISLANDS","Address_tc":"大嶼山貝澳","Address_en":"Pui O, Lantau Island"}},{"type":"Feature","geometry":{"type":"Point","coordinates":[113.98342380313258,22.375822160122976]},"properties":{"Name":"舊咖啡灣泳灘","Name_tc":"舊咖啡灣泳灘","Name_en":"Cafeteria Old Beach","Type_tc":"燒烤場","Type_en":"BBQ Sites","District_tc":"屯門","District_en":"TUEN MUN","Address_tc":"屯門青山公路青山灣段18¾咪","Address_en":"18¾ milestone, Castle Peak Road- Castle Peak Bay, Tuen Mun"}},{"type":"Feature","geometry":{"type":"Point","coordinates":[114.05585913271699,22.364755179219255]},"properties":{"Name":"釣魚灣泳灘","Name_tc":"釣魚灣泳灘","Name_en":"Anglers' Beach","Type_tc":"燒烤場","Type_en":"BBQ Sites","District_tc":"荃灣","District_en":"TSUEN WAN","Address_tc":"荃灣青山公路深井段13咪","Address_en":"13 milestone, Castle Peak Road - Sham Tseng, Tsuen Wan"}},{"type":"Feature","geometry":{"type":"Point","coordinates":[114.06915824969931,22.36401413389652]},"properties":{"Name":"雙仙灣泳灘","Name_tc":"雙仙灣泳灘","Name_en":"Gemini Beaches","Type_tc":"燒烤場","Type_en":"BBQ Sites","District_tc":"荃灣","District_en":"TSUEN WAN","Address_tc":"荃灣青山公路深井段12咪","Address_en":"12 milestone, Castle Peak Road - Sham Tseng, Tsuen Wan"}},{"type":"Feature","geometry":{"type":"Point","coordinates":[114.0708538149788,22.3648135518768]},"properties":{"Name":"海美灣泳灘","Name_tc":"海美灣泳灘","Name_en":"Hoi Mei Wan Beach","Type_tc":"燒烤場","Type_en":"BBQ Sites","District_tc":"荃灣","District_en":"TSUEN WAN","Address_tc":"荃灣青山公路汀九段11¾咪","Address_en":"11¾ milestone, Castle Peak Road - Ting Kau, Tsuen Wan"}},{"type":"Feature","geometry":{"type":"Point","coordinates":[114.08636142757405,22.36745716812815]},"properties":{"Name":"近水灣泳灘","Name_tc":"近水灣泳灘","Name_en":"Approach Beach","Type_tc":"燒烤場","Type_en":"BBQ Sites","District_tc":"荃灣","District_en":"TSUEN WAN","Address_tc":"荃灣青山公路汀九段10咪半","Address_en":"10½ milestone, Castle Peak Road - Ting Kau, Tsuen Wan"}},{"type":"Feature","geometry":{"type":"Point","coordinates":[114.26782177340735,22.357679514501225]},"properties":{"Name":"三星灣泳灘","Name_tc":"三星灣泳灘","Name_en":"Trio Beach","Type_tc":"燒烤場","Type_en":"BBQ Sites","District_tc":"西貢","District_en":"SAI KUNG","Address_tc":"西貢三星灣(白沙灣區)","Address_en":"Trio(Hebehaven), Sai Kung"}},{"type":"Feature","geometry":{"type":"Point","coordinates":[114.28823638248481,22.367845071763895]},"properties":{"Name":"橋咀泳灘","Name_tc":"橋咀泳灘","Name_en":"Kiu Tsui Beach","Type_tc":"燒烤場","Type_en":"BBQ Sites","District_tc":"西貢","District_en":"SAI KUNG","Address_tc":"西貢橋咀洲","Address_en":"Kiu Tsui, Sharp Island, Sai Kung"}},{"type":"Feature","geometry":{"type":"Point","coordinates":[114.29594692186994,22.356871095757576]},"properties":{"Name":"廈門灣泳灘","Name_tc":"廈門灣泳灘","Name_en":"Hap Mun Bay Beach","Type_tc":"燒烤場","Type_en":"BBQ Sites","District_tc":"西貢","District_en":"SAI KUNG","Address_tc":"西貢橋咀洲","Address_en":"Sharp Island, Sai Kung"}},{"type":"Feature","geometry":{"type":"Point","coordinates":[114.29107309729926,22.291132007498426]},"properties":{"Name":"清水灣第一灣泳灘","Name_tc":"清水灣第一灣泳灘","Name_en":"Clear Water Bay First Beach","Type_tc":"燒烤場","Type_en":"BBQ Sites","District_tc":"西貢","District_en":"SAI KUNG","Address_tc":"西貢大環頭清水灣道","Address_en":"Tai Wan Tau, Clear Water Bay Road, Sai Kung"}},{"type":"Feature","geometry":{"type":"Point","coordinates":[113.9798766363582,22.379388537758434]},"properties":{"Name":"青山灣泳灘","Name_tc":"青山灣泳灘","Name_en":"Castle Peak Beach","Type_tc":"燒烤場","Type_en":"BBQ Sites","District_tc":"屯門","District_en":"TUEN MUN","Address_tc":"青山公路-青山灣段","Address_en":"CASTLE PEAK ROAD - CASTLE PEAK BAY"}},{"type":"Feature","geometry":{"type":"Point","coordinates":[114.23278035944182,22.471383811784023]},"properties":{"Name":"大美督燒烤場","Name_tc":"大美督燒烤場","Name_en":"Tai Mei Tuk Barbecue Area","Type_tc":"燒烤場","Type_en":"BBQ Sites","District_tc":"大埔","District_en":"TAI PO","Address_tc":"大埔大美督路","Address_en":"Tai Po Tai Mei Tuk Road"}},{"type":"Feature","geometry":{"type":"Point","coordinates":[114.13376069189053,22.252080061773302]},"properties":{"Name":"瀑布灣公園","Name_tc":"瀑布灣公園","Name_en":"Waterfall Bay Park","Type_tc":"燒烤場","Type_en":"BBQ Sites","District_tc":"南區","District_en":"SOUTHERN","Address_tc":"香港香港仔華富邨瀑布灣道","Address_en":"Waterfall Bay Road, Wah Fu Estate, Aberdeen, Hong Kong"}},{"type":"Feature","geometry":{"type":"Point","coordinates":[114.25749618617994,22.23004263943614]},"properties":{"Name":"石澳海角郊遊區","Name_tc":"石澳海角郊遊區","Name_en":"Shek O Headland Picnic Area","Type_tc":"燒烤場","Type_en":"BBQ Sites","District_tc":"南區","District_en":"SOUTHERN","Address_tc":"香港石澳山仔路","Address_en":"Shek O Headland Road, Shek O, Hong Kong"}},{"type":"Feature","geometry":{"type":"Point","coordinates":[114.19790255582255,22.210693128538846]},"properties":{"Name":"舂坎角公園","Name_tc":"舂坎角公園","Name_en":"Chung Hom Kok Park","Type_tc":"燒烤場","Type_en":"BBQ Sites","District_tc":"南區","District_en":"SOUTHERN","Address_tc":"香港舂坎角道","Address_en":"Chung Hom Kok Road, Hong Kong"}},{"type":"Feature","geometry":{"type":"Point","coordinates":[114.24955141293233,22.24008760210412]},"properties":{"Name":"大浪灣郊遊區","Name_tc":"大浪灣郊遊區","Name_en":"Big Wave Bay Picnic Area","Type_tc":"燒烤場","Type_en":"BBQ Sites","District_tc":"南區","District_en":"SOUTHERN","Address_tc":"香港石澳大浪灣道","Address_en":"Big Wave Bay Road, Shek O, Hong Kong"}},{"type":"Feature","geometry":{"type":"Point","coordinates":[114.02621140661965,22.218993182451655]},"properties":{"Name":"大貴灣花園","Name_tc":"大貴灣花園","Name_en":"Tai Kwai Wan Garden","Type_tc":"燒烤場","Type_en":"BBQ Sites","District_tc":"離島","District_en":"ISLANDS","Address_tc":"長洲長貴路","Address_en":"Cheung Kwai Road, Cheung Chau"}},{"type":"Feature","geometry":{"type":"Point","coordinates":[114.0399567064994,22.28704350524532]},"properties":{"Name":"坪洲東灣燒烤場","Name_tc":"坪洲東灣燒烤場","Name_en":"Tung Wan Barbecue Area, Peng Chau","Type_tc":"燒烤場","Type_en":"BBQ Sites","District_tc":"離島","District_en":"ISLANDS","Address_tc":"坪洲東灣","Address_en":"Tung Wa, Peng Chau"}},{"type":"Feature","geometry":{"type":"Point","coordinates":[113.93384432260791,22.22664909719175]},"properties":{"Name":"塘福燒烤場","Name_tc":"塘福燒烤場","Name_en":"Tong Fuk Barbecue Area","Type_tc":"燒烤場","Type_en":"BBQ Sites","District_tc":"離島","District_en":"ISLANDS","Address_tc":"大嶼山塘福","Address_en":"Tong Fuk, Lantau Island"}},{"type":"Feature","geometry":{"type":"Point","coordinates":[113.86213999535079,22.25787404952263]},"properties":{"Name":"寶珠潭燒烤場","Name_tc":"寶珠潭燒烤場","Name_en":"Po Chu Tam BBQ Area","Type_tc":"燒烤場","Type_en":"BBQ Sites","District_tc":"離島","District_en":"ISLANDS","Address_tc":"大嶼山大澳","Address_en":"Tai O, Lantau Island"}},{"type":"Feature","geometry":{"type":"Point","coordinates":[114.12620479672555,22.22378295127143]},"properties":{"Name":"蘆荻灣燒烤場","Name_tc":"蘆荻灣燒烤場","Name_en":"Lo Tik Wan Barbecue Area","Type_tc":"燒烤場","Type_en":"BBQ Sites","District_tc":"離島","District_en":"ISLANDS","Address_tc":"南丫島蘆荻灣","Address_en":"Lo Tik Wan, Lamma"}},{"type":"Feature","geometry":{"type":"Point","coordinates":[114.01825149216322,22.20081353070033]},"properties":{"Name":"張保仔洞郊遊區","Name_tc":"張保仔洞郊遊區","Name_en":"Cheung Po Chai Cave Picnic Area","Type_tc":"燒烤場","Type_en":"BBQ Sites","District_tc":"離島","District_en":"ISLANDS","Address_tc":"長洲張保仔路","Address_en":"Cheung Po Chai Road, Cheung Chau"}},{"type":"Feature","geometry":{"type":"Point","coordinates":[114.18386296750175,22.344959195117703]},"properties":{"Name":"獅子山公園","Name_tc":"獅子山公園","Name_en":"Lion Rock Park","Type_tc":"燒烤場","Type_en":"BBQ Sites","District_tc":"黃大仙","District_en":"WONG TAI SIN","Address_tc":"九龍黃大仙竹園道","Address_en":"Chuk Yuen Road, Wong Tai Sin, Kowloon"}},{"type":"Feature","geometry":{"type":"Point","coordinates":[113.99140841031894,22.273409154887542]},"properties":{"Name":"銀鑛灣瀑布花園","Name_tc":"銀鑛灣瀑布花園","Name_en":"Silver Mine Bay Waterfall Garden","Type_tc":"燒烤場","Type_en":"BBQ Sites","District_tc":"大嶼山","District_en":"LANTAU ISLAND","Address_tc":"大嶼山梅窩銀鑛灣瀑布","Address_en":"Silver Mine Bay, Mui Wo, Lantau Island"}},{"type":"Feature","geometry":{"type":"Point","coordinates":[114.30448978421347,22.375322819342443]},"properties":{"Name":"鹽田仔眺望處","Name_tc":"鹽田仔眺望處","Name_en":"Yim Tin Tsai Lookout","Type_tc":"燒烤場","Type_en":"BBQ Sites","District_tc":"西貢","District_en":"SAI KUNG","Address_tc":"西貢鹽田仔","Address_en":"Yim Tin Tsai, Sai Kung"}},{"type":"Feature","geometry":{"type":"Point","coordinates":[114.09488745824848,22.441478338738634]},"properties":{"Name":"橫台山遊樂場","Name_tc":"橫台山遊樂場","Name_en":"Wang Toi Shan Playground","Type_tc":"燒烤場","Type_en":"BBQ Sites","District_tc":"元朗","District_en":"YUEN LONG","Address_tc":"元朗八鄉粉錦公路橫台山","Address_en":"Wang Toi Shan, Fan Kam Road, Pat Heung, Yuen Long"}}]}