{
 "type": "FeatureCollection",
 "features": [
  {
   "type": "Feature",
   "geometry": {
    "type": "Point",
    "coordinates": [
     114.169471,
     22.444414
    ]
   },
   "properties": {
    "station_id": "K12-U010",
    "route": "K12",
    "dir": "O",
    "seq": 1,
    "name_tc": "大埔墟站",
    "name_en": "Tai Po Market Station",
    "ref": "K12"
   }
  },
  {
   "type": "Feature",
   "geometry": {
    "type": "Point",
    "coordinates": [
     114.169957,
     22.450971
    ]
   },
   "properties": {
    "station_id": "K12-U020",
    "route": "K12",
    "dir": "O",
    "seq": 2,
    "name_tc": "大埔超級城",
    "name_en": "Tai Po Mega Mall",
    "ref": "K12"
   }
  },
  {
   "type": "Feature",
   "geometry": {
    "type": "Point",
    "coordinates": [
     114.166496,
     22.452836
    ]
   },
   "properties": {
    "station_id": "K12-U030",
    "route": "K12",
    "dir": "O",
    "seq": 3,
    "name_tc": "八號花園",
    "name_en": "Eightland Garden",
    "ref": "K12"
   }
  },
  {
   "type": "Feature",
   "geometry": {
    "type": "Point",
    "coordinates": [
     114.166496,
     22.452836
    ]
   },
   "properties": {
    "station_id": "K12-D010",
    "route": "K12",
    "dir": "I",
    "seq": 1,
    "name_tc": "八號花園",
    "name_en": "Eightland Garden",
    "ref": "K12"
   }
  },
  {
   "type": "Feature",
   "geometry": {
    "type": "Point",
    "coordinates": [
     114.170087,
     22.451278
    ]
   },
   "properties": {
    "station_id": "K12-D020",
    "route": "K12",
    "dir": "I",
    "seq": 2,
    "name_tc": "大埔超級城",
    "name_en": "Tai Po Mega Mall",
    "ref": "K12"
   }
  },
  {
   "type": "Feature",
   "geometry": {
    "type": "Point",
    "coordinates": [
     114.16991,
     22.443712
    ]
   },
   "properties": {
    "station_id": "K12-D030",
    "route": "K12",
    "dir": "I",
    "seq": 3,
    "name_tc": "新達廣場",
    "name_en": "Uptown Plaza",
    "ref": "K12"
   }
  },
  {
   "type": "Feature",
   "geometry": {
    "type": "Point",
    "coordinates": [
     114.169471,
     22.444414
    ]
   },
   "properties": {
    "station_id": "K12-D040",
    "route": "K12",
    "dir": "I",
    "seq": 4,
    "name_tc": "大埔墟站",
    "name_en": "Tai Po Market Station",
    "ref": "K12"
   }
  },
  {
   "type": "Feature",
   "geometry": {
    "type": "Point",
    "coordinates": [
     114.170087,
     22.451278
    ]
   },
   "properties": {
    "station_id": "K14-D010",
    "route": "K14",
    "dir": "O",
    "seq": 1,
    "name_tc": "大埔超級城",
    "name_en": "Tai Po Mega Mall",
    "ref": "K14"
   }
  },
  {
   "type": "Feature",
   "geometry": {
    "type": "Point",
    "coordinates": [
     114.16991,
     22.443712
    ]
   },
   "properties": {
    "station_id": "K14-D020",
    "route": "K14",
    "dir": "O",
    "seq": 2,
    "name_tc": "新達廣場",
    "name_en": "Uptown Plaza",
    "ref": "K14"
   }
  },
  {
   "type": "Feature",
   "geometry": {
    "type": "Point",
    "coordinates": [
     114.169471,
     22.444414
    ]
   },
   "properties": {
    "station_id": "K14-D030",
    "route": "K14",
    "dir": "O",
    "seq": 3,
    "name_tc": "大埔墟站",
    "name_en": "Tai Po Market Station",
    "ref": "K14"
   }
  },
  {
   "type": "Feature",
   "geometry": {
    "type": "Point",
    "coordinates": [
     114.169471,
     22.444414
    ]
   },
   "properties": {
    "station_id": "K17-U010",
    "route": "K17",
    "dir": "O",
    "seq": 1,
    "name_tc": "大埔墟站",
    "name_en": "Tai Po Market Station",
    "ref": "K17"
   }
  },
  {
   "type": "Feature",
   "geometry": {
    "type": "Point",
    "coordinates": [
     114.172331,
     22.453021
    ]
   },
   "properties": {
    "station_id": "K17-U020",
    "route": "K17",
    "dir": "O",
    "seq": 2,
    "name_tc": "大埔中心第五期",
    "name_en": "Tai Po Centre Phase 5",
    "ref": "K17"
   }
  },
  {
   "type": "Feature",
   "geometry": {
    "type": "Point",
    "coordinates": [
     114.174428,
     22.454538
    ]
   },
   "properties": {
    "station_id": "K17-U030",
    "route": "K17",
    "dir": "O",
    "seq": 3,
    "name_tc": "怡雅苑",
    "name_en": "Yee Nga Court",
    "ref": "K17"
   }
  },
  {
   "type": "Feature",
   "geometry": {
    "type": "Point",
    "coordinates": [
     114.174098,
     22.454322
    ]
   },
   "properties": {
    "station_id": "K17-U040",
    "route": "K17",
    "dir": "O",
    "seq": 4,
    "name_tc": "富善",
    "name_en": "Fu Shin",
    "ref": "K17"
   }
  },
  {
   "type": "Feature",
   "geometry": {
    "type": "Point",
    "coordinates": [
     114.174098,
     22.454322
    ]
   },
   "properties": {
    "station_id": "K17-D010",
    "route": "K17",
    "dir": "I",
    "seq": 1,
    "name_tc": "富善",
    "name_en": "Fu Shin",
    "ref": "K17"
   }
  },
  {
   "type": "Feature",
   "geometry": {
    "type": "Point",
    "coordinates": [
     114.16991,
     22.443712
    ]
   },
   "properties": {
    "station_id": "K17-D020",
    "route": "K17",
    "dir": "I",
    "seq": 2,
    "name_tc": "新達廣場",
    "name_en": "Uptown Plaza",
    "ref": "K17"
   }
  },
  {
   "type": "Feature",
   "geometry": {
    "type": "Point",
    "coordinates": [
     114.169471,
     22.444414
    ]
   },
   "properties": {
    "station_id": "K17-D030",
    "route": "K17",
    "dir": "I",
    "seq": 3,
    "name_tc": "大埔墟站",
    "name_en": "Tai Po Market Station",
    "ref": "K17"
   }
  },
  {
   "type": "Feature",
   "geometry": {
    "type": "Point",
    "coordinates": [
     114.169471,
     22.444414
    ]
   },
   "properties": {
    "station_id": "K18-U010",
    "route": "K18",
    "dir": "O",
    "seq": 1,
    "name_tc": "大埔墟站",
    "name_en": "Tai Po Market Station",
    "ref": "K18"
   }
  },
  {
   "type": "Feature",
   "geometry": {
    "type": "Point",
    "coordinates": [
     114.174398,
     22.4487
    ]
   },
   "properties": {
    "station_id": "K18-D010",
    "route": "K18",
    "dir": "O",
    "seq": 2,
    "name_tc": "廣福",
    "name_en": "Kwong Fuk",
    "ref": "K18"
   }
  },
  {
   "type": "Feature",
   "geometry": {
    "type": "Point",
    "coordinates": [
     114.16991,
     22.443712
    ]
   },
   "properties": {
    "station_id": "K18-D020",
    "route": "K18",
    "dir": "O",
    "seq": 3,
    "name_tc": "新達廣場",
    "name_en": "Uptown Plaza",
    "ref": "K18"
   }
  },
  {
   "type": "Feature",
   "geometry": {
    "type": "Point",
    "coordinates": [
     114.169471,
     22.444414
    ]
   },
   "properties": {
    "station_id": "K18-D030",
    "route": "K18",
    "dir": "O",
    "seq": 4,
    "name_tc": "大埔墟站",
    "name_en": "Tai Po Market Station",
    "ref": "K18"
   }
  },
  {
   "type": "Feature",
   "geometry": {
    "type": "Point",
    "coordinates": [
     113.96699,
     22.37259
    ]
   },
   "properties": {
    "station_id": "506-U010",
    "route": "506",
    "dir": "O",
    "seq": 1,
    "name_tc": "屯門碼頭",
    "name_en": "Tuen Mun Ferry Pier",
    "ref": "506"
   }
  },
  {
   "type": "Feature",
   "geometry": {
    "type": "Point",
    "coordinates": [
     113.960628,
     22.375834
    ]
   },
   "properties": {
    "station_id": "506-U020",
    "route": "506",
    "dir": "O",
    "seq": 2,
    "name_tc": "美樂花園",
    "name_en": "Melody Garden",
    "ref": "506"
   }
  },
  {
   "type": "Feature",
   "geometry": {
    "type": "Point",
    "coordinates": [
     113.961965,
     22.378364
    ]
   },
   "properties": {
    "station_id": "506-U030",
    "route": "506",
    "dir": "O",
    "seq": 3,
    "name_tc": "輕鐵蝴蝶站",
    "name_en": "LR Butterfly Stop",
    "ref": "506"
   }
  },
  {
   "type": "Feature",
   "geometry": {
    "type": "Point",
    "coordinates": [
     113.96359,
     22.382203
    ]
   },
   "properties": {
    "station_id": "506-U040",
    "route": "506",
    "dir": "O",
    "seq": 4,
    "name_tc": "輕鐵車廠站",
    "name_en": "Light Rail Depot Stop",
    "ref": "506"
   }
  },
  {
   "type": "Feature",
   "geometry": {
    "type": "Point",
    "coordinates": [
     113.965222,
     22.385399
    ]
   },
   "properties": {
    "station_id": "506-U050",
    "route": "506",
    "dir": "O",
    "seq": 5,
    "name_tc": "輕鐵龍門站",
    "name_en": "LR Lung Mun Stop",
    "ref": "506"
   }
  },
  {
   "type": "Feature",
   "geometry": {
    "type": "Point",
    "coordinates": [
     113.96752,
     22.393627
    ]
   },
   "properties": {
    "station_id": "506-U060",
    "route": "506",
    "dir": "O",
    "seq": 6,
    "name_tc": "輕鐵青雲站",
    "name_en": "LR Tsing Wun Stop",
    "ref": "506"
   }
  },
  {
   "type": "Feature",
   "geometry": {
    "type": "Point",
    "coordinates": [
     113.969953,
     22.395064
    ]
   },
   "properties": {
    "station_id": "506-U070",
    "route": "506",
    "dir": "O",
    "seq": 7,
    "name_tc": "輕鐵建安站",
    "name_en": "LR Kin On Stop",
    "ref": "506"
   }
  },
  {
   "type": "Feature",
   "geometry": {
    "type": "Point",
    "coordinates": [
     113.973992,
     22.394117
    ]
   },
   "properties": {
    "station_id": "506-U080",
    "route": "506",
    "dir": "O",
    "seq": 8,
    "name_tc": "港鐵屯門站",
    "name_en": "MTR Tuen Mun Station",
    "ref": "506"
   }
  },
  {
   "type": "Feature",
   "geometry": {
    "type": "Point",
    "coordinates": [
     113.975474,
     22.391352
    ]
   },
   "properties": {
    "station_id": "506-U090",
    "route": "506",
    "dir": "O",
    "seq": 9,
    "name_tc": "屯門市中心",
    "name_en": "Tuen Mun Town Centre",
    "ref": "506"
   }
  },
  {
   "type": "Feature",
   "geometry": {
    "type": "Point",
    "coordinates": [
     113.975341,
     22.387312
    ]
   },
   "properties": {
    "station_id": "506-U100",
    "route": "506",
    "dir": "O",
    "seq": 10,
    "name_tc": "安定邨",
    "name_en": "On Ting Estate",
    "ref": "506"
   }
  },
  {
   "type": "Feature",
   "geometry": {
    "type": "Point",
    "coordinates": [
     113.976276,
     22.382916
    ]
   },
   "properties": {
    "station_id": "506-U110",
    "route": "506",
    "dir": "O",
    "seq": 11,
    "name_tc": "輕鐵三聖站",
    "name_en": "LR Sam Shing Stop",
    "ref": "506"
   }
  },
  {
   "type": "Feature",
   "geometry": {
    "type": "Point",
    "coordinates": [
     113.9767,
     22.38551
    ]
   },
   "properties": {
    "station_id": "506-U120",
    "route": "506",
    "dir": "O",
    "seq": 12,
    "name_tc": "兆麟",
    "name_en": "Siu Lun",
    "ref": "506"
   }
  },
  {
   "type": "Feature",
   "geometry": {
    "type": "Point",
    "coordinates": [
     113.9767,
     22.38551
    ]
   },
   "properties": {
    "station_id": "506-D010",
    "route": "506",
    "dir": "I",
    "seq": 1,
    "name_tc": "兆麟",
    "name_en": "Siu Lun",
    "ref": "506"
   }
  },
  {
   "type": "Feature",
   "geometry": {
    "type": "Point",
    "coordinates": [
     113.975189,
     22.387783
    ]
   },
   "properties": {
    "station_id": "506-D020",
    "route": "506",
    "dir": "I",
    "seq": 2,
    "name_tc": "友愛邨",
    "name_en": "Yau Oi Estate",
    "ref": "506"
   }
  },
  {
   "type": "Feature",
   "geometry": {
    "type": "Point",
    "coordinates": [
     113.975128,
     22.392125
    ]
   },
   "properties": {
    "station_id": "506-D030",
    "route": "506",
    "dir": "I",
    "seq": 3,
    "name_tc": "輕鐵市中心站",
    "name_en": "LR Town Centre Stop",
    "ref": "506"
   }
  },
  {
   "type": "Feature",
   "geometry": {
    "type": "Point",
    "coordinates": [
     113.973896,
     22.393937
    ]
   },
   "properties": {
    "station_id": "506-D040",
    "route": "506",
    "dir": "I",
    "seq": 4,
    "name_tc": "輕鐵屯門站",
    "name_en": "LR Tuen Mun Stop",
    "ref": "506"
   }
  },
  {
   "type": "Feature",
   "geometry": {
    "type": "Point",
    "coordinates": [
     113.970746,
     22.394687
    ]
   },
   "properties": {
    "station_id": "506-D050",
    "route": "506",
    "dir": "I",
    "seq": 5,
    "name_tc": "輕鐵建安站",
    "name_en": "LR Kin On Stop",
    "ref": "506"
   }
  },
  {
   "type": "Feature",
   "geometry": {
    "type": "Point",
    "coordinates": [
     113.967707,
     22.393382
    ]
   },
   "properties": {
    "station_id": "506-D060",
    "route": "506",
    "dir": "I",
    "seq": 6,
    "name_tc": "輕鐵青雲站",
    "name_en": "LR Tsing Wun Stop",
    "ref": "506"
   }
  },
  {
   "type": "Feature",
   "geometry": {
    "type": "Point",
    "coordinates": [
     113.967726,
     22.391722
    ]
   },
   "properties": {
    "station_id": "506-D070",
    "route": "506",
    "dir": "I",
    "seq": 7,
    "name_tc": "聖彼得堂",
    "name_en": "SKH St. Peter's Church",
    "ref": "506"
   }
  },
  {
   "type": "Feature",
   "geometry": {
    "type": "Point",
    "coordinates": [
     113.964478,
     22.383618
    ]
   },
   "properties": {
    "station_id": "506-D080",
    "route": "506",
    "dir": "I",
    "seq": 8,
    "name_tc": "富健花園",
    "name_en": "Glorious Garden",
    "ref": "506"
   }
  },
  {
   "type": "Feature",
   "geometry": {
    "type": "Point",
    "coordinates": [
     113.963833,
     22.382269
    ]
   },
   "properties": {
    "station_id": "506-D090",
    "route": "506",
    "dir": "I",
    "seq": 9,
    "name_tc": "新屯門中心",
    "name_en": "Sun Tuen Mun Centre",
    "ref": "506"
   }
  },
  {
   "type": "Feature",
   "geometry": {
    "type": "Point",
    "coordinates": [
     113.961481,
     22.377547
    ]
   },
   "properties": {
    "station_id": "506-D100",
    "route": "506",
    "dir": "I",
    "seq": 10,
    "name_tc": "輕鐵蝴蝶站",
    "name_en": "LR Butterfly Stop",
    "ref": "506"
   }
  },
  {
   "type": "Feature",
   "geometry": {
    "type": "Point",
    "coordinates": [
     113.962106,
     22.374219
    ]
   },
   "properties": {
    "station_id": "506-D110",
    "route": "506",
    "dir": "I",
    "seq": 11,
    "name_tc": "蝴蝶邨蝶心樓",
    "name_en": "Tip Sum House, Butterfly Estate",
    "ref": "506"
   }
  },
  {
   "type": "Feature",
   "geometry": {
    "type": "Point",
    "coordinates": [
     113.964341,
     22.373549
    ]
   },
   "properties": {
    "station_id": "506-D120",
    "route": "506",
    "dir": "I",
    "seq": 12,
    "name_tc": "湖景邨湖碧樓",
    "name_en": "Wu Pik House, Wu King Estate",
    "ref": "506"
   }
  },
  {
   "type": "Feature",
   "geometry": {
    "type": "Point",
    "coordinates": [
     113.966053,
     22.373192
    ]
   },
   "properties": {
    "station_id": "506-D130",
    "route": "506",
    "dir": "I",
    "seq": 13,
    "name_tc": "海翠花園",
    "name_en": "Pierhead Garden",
    "ref": "506"
   }
  },
  {
   "type": "Feature",
   "geometry": {
    "type": "Point",
    "coordinates": [
     113.96699,
     22.37259
    ]
   },
   "properties": {
    "station_id": "506-D140",
    "route": "506",
    "dir": "I",
    "seq": 14,
    "name_tc": "屯門碼頭",
    "name_en": "Tuen Mun Ferry Pier",
    "ref": "506"
   }
  },
  {
   "type": "Feature",
   "geometry": {
    "type": "Point",
    "coordinates": [
     113.965174,
     22.384408
    ]
   },
   "properties": {
    "station_id": "506-U045",
    "route": "506",
    "dir": "O",
    "seq": 1,
    "name_tc": "富健花園",
    "name_en": "Glorious Garden",
    "ref": "506-1"
   }
  },
  {
   "type": "Feature",
   "geometry": {
    "type": "Point",
    "coordinates": [
     113.965222,
     22.385399
    ]
   },
   "properties": {
    "station_id": "506-U050",
    "route": "506",
    "dir": "O",
    "seq": 2,
    "name_tc": "輕鐵龍門站",
    "name_en": "LR Lung Mun Stop",
    "ref": "506-1"
   }
  },
  {
   "type": "Feature",
   "geometry": {
    "type": "Point",
    "coordinates": [
     113.96752,
     22.393627
    ]
   },
   "properties": {
    "station_id": "506-U060",
    "route": "506",
    "dir": "O",
    "seq": 3,
    "name_tc": "輕鐵青雲站",
    "name_en": "LR Tsing Wun Stop",
    "ref": "506-1"
   }
  },
  {
   "type": "Feature",
   "geometry": {
    "type": "Point",
    "coordinates": [
     113.969953,
     22.395064
    ]
   },
   "properties": {
    "station_id": "506-U070",
    "route": "506",
    "dir": "O",
    "seq": 4,
    "name_tc": "輕鐵建安站",
    "name_en": "LR Kin On Stop",
    "ref": "506-1"
   }
  },
  {
   "type": "Feature",
   "geometry": {
    "type": "Point",
    "coordinates": [
     113.973358,
     22.394225
    ]
   },
   "properties": {
    "station_id": "506-U075",
    "route": "506",
    "dir": "O",
    "seq": 5,
    "name_tc": "屯門站 ",
    "name_en": "Tuen Mun Station ",
    "ref": "506-1"
   }
  },
  {
   "type": "Feature",
   "geometry": {
    "type": "Point",
    "coordinates": [
     113.982895,
     22.413286
    ]
   },
   "properties": {
    "station_id": "K51-U010",
    "route": "K51",
    "dir": "O",
    "seq": 1,
    "name_tc": "富泰",
    "name_en": "Fu Tai",
    "ref": "K51"
   }
  },
  {
   "type": "Feature",
   "geometry": {
    "type": "Point",
    "coordinates": [
     113.983771,
     22.412025
    ]
   },
   "properties": {
    "station_id": "K51-U020",
    "route": "K51",
    "dir": "O",
    "seq": 2,
    "name_tc": "聚康山莊",
    "name_en": "Beneville",
    "ref": "K51"
   }
  },
  {
   "type": "Feature",
   "geometry": {
    "type": "Point",
    "coordinates": [
     113.982387,
     22.41059
    ]
   },
   "properties": {
    "station_id": "K51-U030",
    "route": "K51",
    "dir": "O",
    "seq": 3,
    "name_tc": "嶺南大學",
    "name_en": "Lingnan University",
    "ref": "K51"
   }
  },
  {
   "type": "Feature",
   "geometry": {
    "type": "Point",
    "coordinates": [
     113.980046,
     22.408575
    ]
   },
   "properties": {
    "station_id": "K51-U040",
    "route": "K51",
    "dir": "O",
    "seq": 4,
    "name_tc": "彩暉花園",
    "name_en": "Brilliant Garden",
    "ref": "K51"
   }
  },
  {
   "type": "Feature",
   "geometry": {
    "type": "Point",
    "coordinates": [
     113.978583,
     22.410247
    ]
   },
   "properties": {
    "station_id": "K51-U050",
    "route": "K51",
    "dir": "O",
    "seq": 5,
    "name_tc": "港鐵兆康站 (南) (輕鐵兆康站)",
    "name_en": "MTR Siu Hong Station (South) (LR Siu Hong Stop)",
    "ref": "K51"
   }
  },
  {
   "type": "Feature",
   "geometry": {
    "type": "Point",
    "coordinates": [
     113.979552,
     22.403584
    ]
   },
   "properties": {
    "station_id": "K51-U065",
    "route": "K51",
    "dir": "O",
    "seq": 6,
    "name_tc": "景峰花園",
    "name_en": "Prime View Garden",
    "ref": "K51"
   }
  },
  {
   "type": "Feature",
   "geometry": {
    "type": "Point",
    "coordinates": [
     113.9752,
     22.39834
    ]
   },
   "properties": {
    "station_id": "K51-U070",
    "route": "K51",
    "dir": "O",
    "seq": 7,
    "name_tc": "雅都商場",
    "name_en": "ACME Shopping Arcade",
    "ref": "K51"
   }
  },
  {
   "type": "Feature",
   "geometry": {
    "type": "Point",
    "coordinates": [
     113.9746,
     22.39494
    ]
   },
   "properties": {
    "station_id": "K51-U080",
    "route": "K51",
    "dir": "O",
    "seq": 8,
    "name_tc": "德政圍 (港鐵屯門站)",
    "name_en": "Tak Ching Court (MTR Tuen Mun Station)",
    "ref": "K51"
   }
  },
  {
   "type": "Feature",
   "geometry": {
    "type": "Point",
    "coordinates": [
     113.9755,
     22.39153
    ]
   },
   "properties": {
    "station_id": "K51-U090",
    "route": "K51",
    "dir": "O",
    "seq": 9,
    "name_tc": "屯門市中心 (輕鐵市中心站)",
    "name_en": "Tuen Mun Town Centre (LR Town Centre Stop)",
    "ref": "K51"
   }
  },
  {
   "type": "Feature",
   "geometry": {
    "type": "Point",
    "coordinates": [
     113.9788,
     22.3906
    ]
   },
   "properties": {
    "station_id": "K51-U100",
    "route": "K51",
    "dir": "O",
    "seq": 10,
    "name_tc": "屯門官立中學",
    "name_en": "Tuen Mun Government Secondary School",
    "ref": "K51"
   }
  },
  {
   "type": "Feature",
   "geometry": {
    "type": "Point",
    "coordinates": [
     113.9807,
     22.38771
    ]
   },
   "properties": {
    "station_id": "K51-U110",
    "route": "K51",
    "dir": "O",
    "seq": 11,
    "name_tc": "恒順園",
    "name_en": "Handsome Court",
    "ref": "K51"
   }
  },
  {
   "type": "Feature",
   "geometry": {
    "type": "Point",
    "coordinates": [
     113.981,
     22.38519
    ]
   },
   "properties": {
    "station_id": "K51-U120",
    "route": "K51",
    "dir": "O",
    "seq": 12,
    "name_tc": "恒豐園",
    "name_en": "Harvest Garden",
    "ref": "K51"
   }
  },
  {
   "type": "Feature",
   "geometry": {
    "type": "Point",
    "coordinates": [
     113.978862,
     22.381748
    ]
   },
   "properties": {
    "station_id": "K51-U130",
    "route": "K51",
    "dir": "O",
    "seq": 13,
    "name_tc": "三聖邨",
    "name_en": "Sam Shing Estate",
    "ref": "K51"
   }
  },
  {
   "type": "Feature",
   "geometry": {
    "type": "Point",
    "coordinates": [
     113.980751,
     22.378898
    ]
   },
   "properties": {
    "station_id": "K51-U140",
    "route": "K51",
    "dir": "O",
    "seq": 14,
    "name_tc": "青山灣",
    "name_en": "Castle Peak Beach",
    "ref": "K51"
   }
  },
  {
   "type": "Feature",
   "geometry": {
    "type": "Point",
    "coordinates": [
     113.983475,
     22.377938
    ]
   },
   "properties": {
    "station_id": "K51-U150",
    "route": "K51",
    "dir": "O",
    "seq": 15,
    "name_tc": "海景花園",
    "name_en": "Seaview Garden",
    "ref": "K51"
   }
  },
  {
   "type": "Feature",
   "geometry": {
    "type": "Point",
    "coordinates": [
     113.986745,
     22.374926
    ]
   },
   "properties": {
    "station_id": "K51-U160",
    "route": "K51",
    "dir": "O",
    "seq": 16,
    "name_tc": "咖啡灣",
    "name_en": "Cafeteria Beach",
    "ref": "K51"
   }
  },
  {
   "type": "Feature",
   "geometry": {
    "type": "Point",
    "coordinates": [
     113.990756,
     22.373784
    ]
   },
   "properties": {
    "station_id": "K51-U170",
    "route": "K51",
    "dir": "O",
    "seq": 17,
    "name_tc": "黃金泳灘",
    "name_en": "Golden Beach",
    "ref": "K51"
   }
  },
  {
   "type": "Feature",
   "geometry": {
    "type": "Point",
    "coordinates": [
     113.993574,
     22.372025
    ]
   },
   "properties": {
    "station_id": "K51-U180",
    "route": "K51",
    "dir": "O",
    "seq": 18,
    "name_tc": "香港黃金海岸",
    "name_en": "Hong Kong Gold Coast",
    "ref": "K51"
   }
  },
  {
   "type": "Feature",
   "geometry": {
    "type": "Point",
    "coordinates": [
     113.9954,
     22.36945
    ]
   },
   "properties": {
    "station_id": "K51-U190",
    "route": "K51",
    "dir": "O",
    "seq": 19,
    "name_tc": "嘉禾里村",
    "name_en": "Kar Wo Lei Tsuen",
    "ref": "K51"
   }
  },
  {
   "type": "Feature",
   "geometry": {
    "type": "Point",
    "coordinates": [
     113.9991,
     22.36817
    ]
   },
   "properties": {
    "station_id": "K51-U200",
    "route": "K51",
    "dir": "O",
    "seq": 20,
    "name_tc": "小秀村",
    "name_en": "Siu Sau Tsuen",
    "ref": "K51"
   }
  },
  {
   "type": "Feature",
   "geometry": {
    "type": "Point",
    "coordinates": [
     113.999915,
     22.363622
    ]
   },
   "properties": {
    "station_id": "K51-U205",
    "route": "K51",
    "dir": "O",
    "seq": 21,
    "name_tc": "青發街簡約公屋",
    "name_en": "Tsing Fat Street Light Public Housing",
    "ref": "K51"
   }
  },
  {
   "type": "Feature",
   "geometry": {
    "type": "Point",
    "coordinates": [
     114.0033,
     22.36627
    ]
   },
   "properties": {
    "station_id": "K51-U210",
    "route": "K51",
    "dir": "O",
    "seq": 22,
    "name_tc": "愛琴灣",
    "name_en": "The Aegean",
    "ref": "K51"
   }
  },
  {
   "type": "Feature",
   "geometry": {
    "type": "Point",
    "coordinates": [
     114.0063,
     22.36638
    ]
   },
   "properties": {
    "station_id": "K51-U220",
    "route": "K51",
    "dir": "O",
    "seq": 23,
    "name_tc": "小欖新村",
    "name_en": "Siu Lam San Tsuen",
    "ref": "K51"
   }
  },
  {
   "type": "Feature",
   "geometry": {
    "type": "Point",
    "coordinates": [
     114.0113,
     22.3663
    ]
   },
   "properties": {
    "station_id": "K51-U230",
    "route": "K51",
    "dir": "O",
    "seq": 24,
    "name_tc": "小欖村",
    "name_en": "Siu Lam Tsuen",
    "ref": "K51"
   }
  },
  {
   "type": "Feature",
   "geometry": {
    "type": "Point",
    "coordinates": [
     114.0133,
     22.36497
    ]
   },
   "properties": {
    "station_id": "K51-U240",
    "route": "K51",
    "dir": "O",
    "seq": 25,
    "name_tc": "小欖澄麗路",
    "name_en": "Ching Lai Road Siu Lam",
    "ref": "K51"
   }
  },
  {
   "type": "Feature",
   "geometry": {
    "type": "Point",
    "coordinates": [
     114.019113,
     22.362495
    ]
   },
   "properties": {
    "station_id": "K51-U250",
    "route": "K51",
    "dir": "O",
    "seq": 26,
    "name_tc": "大欖",
    "name_en": "Tai Lam",
    "ref": "K51"
   }
  },
  {
   "type": "Feature",
   "geometry": {
    "type": "Point",
    "coordinates": [
     114.019113,
     22.362495
    ]
   },
   "properties": {
    "station_id": "K51-D010",
    "route": "K51",
    "dir": "I",
    "seq": 1,
    "name_tc": "大欖",
    "name_en": "Tai Lam",
    "ref": "K51"
   }
  },
  {
   "type": "Feature",
   "geometry": {
    "type": "Point",
    "coordinates": [
     114.014994,
     22.364165
    ]
   },
   "properties": {
    "station_id": "K51-D020",
    "route": "K51",
    "dir": "I",
    "seq": 2,
    "name_tc": "小欖",
    "name_en": "Siu Lam",
    "ref": "K51"
   }
  },
  {
   "type": "Feature",
   "geometry": {
    "type": "Point",
    "coordinates": [
     114.01244,
     22.365696
    ]
   },
   "properties": {
    "station_id": "K51-D030",
    "route": "K51",
    "dir": "I",
    "seq": 3,
    "name_tc": "小欖澄麗路",
    "name_en": "Ching Lai Road Siu Lam",
    "ref": "K51"
   }
  },
  {
   "type": "Feature",
   "geometry": {
    "type": "Point",
    "coordinates": [
     114.00949,
     22.366338
    ]
   },
   "properties": {
    "station_id": "K51-D040",
    "route": "K51",
    "dir": "I",
    "seq": 4,
    "name_tc": "小欖村",
    "name_en": "Siu Lam Tsuen",
    "ref": "K51"
   }
  },
  {
   "type": "Feature",
   "geometry": {
    "type": "Point",
    "coordinates": [
     114.005524,
     22.366102
    ]
   },
   "properties": {
    "station_id": "K51-D050",
    "route": "K51",
    "dir": "I",
    "seq": 5,
    "name_tc": "小欖新村",
    "name_en": "Siu Lam San Tsuen",
    "ref": "K51"
   }
  },
  {
   "type": "Feature",
   "geometry": {
    "type": "Point",
    "coordinates": [
     113.999915,
     22.363622
    ]
   },
   "properties": {
    "station_id": "K51-D055",
    "route": "K51",
    "dir": "I",
    "seq": 6,
    "name_tc": "青發街簡約公屋",
    "name_en": "Tsing Fat Street Light Public Housing",
    "ref": "K51"
   }
  },
  {
   "type": "Feature",
   "geometry": {
    "type": "Point",
    "coordinates": [
     114.001616,
     22.366573
    ]
   },
   "properties": {
    "station_id": "K51-D060",
    "route": "K51",
    "dir": "I",
    "seq": 7,
    "name_tc": "愛琴灣",
    "name_en": "The Aegean",
    "ref": "K51"
   }
  },
  {
   "type": "Feature",
   "geometry": {
    "type": "Point",
    "coordinates": [
     113.999085,
     22.368003
    ]
   },
   "properties": {
    "station_id": "K51-D070",
    "route": "K51",
    "dir": "I",
    "seq": 8,
    "name_tc": "小秀上村",
    "name_en": "Siu Sau Sheung Tsuen",
    "ref": "K51"
   }
  },
  {
   "type": "Feature",
   "geometry": {
    "type": "Point",
    "coordinates": [
     113.996264,
     22.368035
    ]
   },
   "properties": {
    "station_id": "K51-D080",
    "route": "K51",
    "dir": "I",
    "seq": 9,
    "name_tc": "龍珠島",
    "name_en": "Pearl Island",
    "ref": "K51"
   }
  },
  {
   "type": "Feature",
   "geometry": {
    "type": "Point",
    "coordinates": [
     113.993882,
     22.371285
    ]
   },
   "properties": {
    "station_id": "K51-D090",
    "route": "K51",
    "dir": "I",
    "seq": 10,
    "name_tc": "香港黃金海岸",
    "name_en": "Hong Kong Gold Coast",
    "ref": "K51"
   }
  },
  {
   "type": "Feature",
   "geometry": {
    "type": "Point",
    "coordinates": [
     113.991213,
     22.373628
    ]
   },
   "properties": {
    "station_id": "K51-D100",
    "route": "K51",
    "dir": "I",
    "seq": 11,
    "name_tc": "黃金泳灘",
    "name_en": "Golden Beach",
    "ref": "K51"
   }
  },
  {
   "type": "Feature",
   "geometry": {
    "type": "Point",
    "coordinates": [
     113.985635,
     22.3759
    ]
   },
   "properties": {
    "station_id": "K51-D110",
    "route": "K51",
    "dir": "I",
    "seq": 12,
    "name_tc": "咖啡灣",
    "name_en": "Cafeteria Beach",
    "ref": "K51"
   }
  },
  {
   "type": "Feature",
   "geometry": {
    "type": "Point",
    "coordinates": [
     113.983242,
     22.377927
    ]
   },
   "properties": {
    "station_id": "K51-D120",
    "route": "K51",
    "dir": "I",
    "seq": 13,
    "name_tc": "碧翠花園",
    "name_en": "Bayview Terrace",
    "ref": "K51"
   }
  },
  {
   "type": "Feature",
   "geometry": {
    "type": "Point",
    "coordinates": [
     113.980602,
     22.378957
    ]
   },
   "properties": {
    "station_id": "K51-D130",
    "route": "K51",
    "dir": "I",
    "seq": 14,
    "name_tc": "青山灣碼頭",
    "name_en": "Castle Peak Bay Pier",
    "ref": "K51"
   }
  },
  {
   "type": "Feature",
   "geometry": {
    "type": "Point",
    "coordinates": [
     113.979092,
     22.381214
    ]
   },
   "properties": {
    "station_id": "K51-D140",
    "route": "K51",
    "dir": "I",
    "seq": 15,
    "name_tc": "三聖邨",
    "name_en": "Sam Shing Estate",
    "ref": "K51"
   }
  },
  {
   "type": "Feature",
   "geometry": {
    "type": "Point",
    "coordinates": [
     113.97939,
     22.383774
    ]
   },
   "properties": {
    "station_id": "K51-D160",
    "route": "K51",
    "dir": "I",
    "seq": 16,
    "name_tc": "胡陳金枝中學",
    "name_en": "Mrs Aw Boon Haw Secondary School",
    "ref": "K51"
   }
  },
  {
   "type": "Feature",
   "geometry": {
    "type": "Point",
    "coordinates": [
     113.980638,
     22.384602
    ]
   },
   "properties": {
    "station_id": "K51-D170",
    "route": "K51",
    "dir": "I",
    "seq": 17,
    "name_tc": "青善遊樂場",
    "name_en": "Tsing Sin Playground",
    "ref": "K51"
   }
  },
  {
   "type": "Feature",
   "geometry": {
    "type": "Point",
    "coordinates": [
     113.98069,
     22.387355
    ]
   },
   "properties": {
    "station_id": "K51-D180",
    "route": "K51",
    "dir": "I",
    "seq": 18,
    "name_tc": "置樂花園",
    "name_en": "Chi Lok Fa Yuen",
    "ref": "K51"
   }
  },
  {
   "type": "Feature",
   "geometry": {
    "type": "Point",
    "coordinates": [
     113.978805,
     22.390433
    ]
   },
   "properties": {
    "station_id": "K51-D190",
    "route": "K51",
    "dir": "I",
    "seq": 19,
    "name_tc": "屯門官立中學",
    "name_en": "Tuen Mun Government Secondary School",
    "ref": "K51"
   }
  },
  {
   "type": "Feature",
   "geometry": {
    "type": "Point",
    "coordinates": [
     113.975082,
     22.392116
    ]
   },
   "properties": {
    "station_id": "K51-D200",
    "route": "K51",
    "dir": "I",
    "seq": 20,
    "name_tc": "輕鐵市中心站",
    "name_en": "LR Town Centre Stop",
    "ref": "K51"
   }
  },
  {
   "type": "Feature",
   "geometry": {
    "type": "Point",
    "coordinates": [
     113.974444,
     22.395021
    ]
   },
   "properties": {
    "station_id": "K51-D210",
    "route": "K51",
    "dir": "I",
    "seq": 21,
    "name_tc": "港鐵屯門站 (輕鐵屯門站)",
    "name_en": "MTR Tuen Mun Station (LR Tuen Mun Stop)",
    "ref": "K51"
   }
  },
  {
   "type": "Feature",
   "geometry": {
    "type": "Point",
    "coordinates": [
     113.974853,
     22.397311
    ]
   },
   "properties": {
    "station_id": "K51-D220",
    "route": "K51",
    "dir": "I",
    "seq": 22,
    "name_tc": "聖公會聖西門呂明才中學",
    "name_en": "SKH St. Simon's Lui Ming Choi Secondary School",
    "ref": "K51"
   }
  },
  {
   "type": "Feature",
   "geometry": {
    "type": "Point",
    "coordinates": [
     113.979247,
     22.40334
    ]
   },
   "properties": {
    "station_id": "K51-D230",
    "route": "K51",
    "dir": "I",
    "seq": 23,
    "name_tc": "景峰花園",
    "name_en": "Prime View Garden",
    "ref": "K51"
   }
  },
  {
   "type": "Feature",
   "geometry": {
    "type": "Point",
    "coordinates": [
     113.978641,
     22.407254
    ]
   },
   "properties": {
    "station_id": "K51-D240",
    "route": "K51",
    "dir": "I",
    "seq": 24,
    "name_tc": "輕鐵鳳地站",
    "name_en": "LR Fung Tei Stop",
    "ref": "K51"
   }
  },
  {
   "type": "Feature",
   "geometry": {
    "type": "Point",
    "coordinates": [
     113.978607,
     22.410378
    ]
   },
   "properties": {
    "station_id": "K51-D250",
    "route": "K51",
    "dir": "I",
    "seq": 25,
    "name_tc": "港鐵兆康站 (南) (輕鐵兆康站)",
    "name_en": "MTR Siu Hong Station (South) (LR Siu Hong Stop)",
    "ref": "K51"
   }
  },
  {
   "type": "Feature",
   "geometry": {
    "type": "Point",
    "coordinates": [
     113.980397,
     22.408779
    ]
   },
   "properties": {
    "station_id": "K51-D260",
    "route": "K51",
    "dir": "I",
    "seq": 26,
    "name_tc": "彩暉花園",
    "name_en": "Brilliant Garden",
    "ref": "K51"
   }
  },
  {
   "type": "Feature",
   "geometry": {
    "type": "Point",
    "coordinates": [
     113.982212,
     22.410694
    ]
   },
   "properties": {
    "station_id": "K51-D270",
    "route": "K51",
    "dir": "I",
    "seq": 27,
    "name_tc": "嶺南大學",
    "name_en": "Lingnan University",
    "ref": "K51"
   }
  },
  {
   "type": "Feature",
   "geometry": {
    "type": "Point",
    "coordinates": [
     113.983128,
     22.411927
    ]
   },
   "properties": {
    "station_id": "K51-D280",
    "route": "K51",
    "dir": "I",
    "seq": 28,
    "name_tc": "倚嶺南庭",
    "name_en": "South Hillcrest",
    "ref": "K51"
   }
  },
  {
   "type": "Feature",
   "geometry": {
    "type": "Point",
    "coordinates": [
     113.982895,
     22.413286
    ]
   },
   "properties": {
    "station_id": "K51-D290",
    "route": "K51",
    "dir": "I",
    "seq": 29,
    "name_tc": "富泰",
    "name_en": "Fu Tai",
    "ref": "K51"
   }
  },
  {
   "type": "Feature",
   "geometry": {
    "type": "Point",
    "coordinates": [
     113.982895,
     22.413286
    ]
   },
   "properties": {
    "station_id": "K51A-U010",
    "route": "K51A",
    "dir": "O",
    "seq": 1,
    "name_tc": "富泰",
    "name_en": "Fu Tai",
    "ref": "K51A"
   }
  },
  {
   "type": "Feature",
   "geometry": {
    "type": "Point",
    "coordinates": [
     113.983771,
     22.412025
    ]
   },
   "properties": {
    "station_id": "K51A-U020",
    "route": "K51A",
    "dir": "O",
    "seq": 2,
    "name_tc": "聚康山莊",
    "name_en": "Beneville",
    "ref": "K51A"
   }
  },
  {
   "type": "Feature",
   "geometry": {
    "type": "Point",
    "coordinates": [
     113.982387,
     22.41059
    ]
   },
   "properties": {
    "station_id": "K51A-U030",
    "route": "K51A",
    "dir": "O",
    "seq": 3,
    "name_tc": "嶺南大學",
    "name_en": "Lingnan University",
    "ref": "K51A"
   }
  },
  {
   "type": "Feature",
   "geometry": {
    "type": "Point",
    "coordinates": [
     113.980046,
     22.408575
    ]
   },
   "properties": {
    "station_id": "K51A-U040",
    "route": "K51A",
    "dir": "O",
    "seq": 4,
    "name_tc": "彩暉花園",
    "name_en": "Brilliant Garden",
    "ref": "K51A"
   }
  },
  {
   "type": "Feature",
   "geometry": {
    "type": "Point",
    "coordinates": [
     113.978583,
     22.410247
    ]
   },
   "properties": {
    "station_id": "K51A-U050",
    "route": "K51A",
    "dir": "O",
    "seq": 5,
    "name_tc": "港鐵兆康站 (南) (輕鐵兆康站)",
    "name_en": "MTR Siu Hong Station (South) (LR Siu Hong Stop)",
    "ref": "K51A"
   }
  },
  {
   "type": "Feature",
   "geometry": {
    "type": "Point",
    "coordinates": [
     113.9776,
     22.40205
    ]
   },
   "properties": {
    "station_id": "K51A-U060",
    "route": "K51A",
    "dir": "O",
    "seq": 6,
    "name_tc": "井財街",
    "name_en": "Tseng Choi Street",
    "ref": "K51A"
   }
  },
  {
   "type": "Feature",
   "geometry": {
    "type": "Point",
    "coordinates": [
     113.9752,
     22.39834
    ]
   },
   "properties": {
    "station_id": "K51A-U070",
    "route": "K51A",
    "dir": "O",
    "seq": 7,
    "name_tc": "雅都商場",
    "name_en": "ACME Shopping Arcade",
    "ref": "K51A"
   }
  },
  {
   "type": "Feature",
   "geometry": {
    "type": "Point",
    "coordinates": [
     113.9746,
     22.39494
    ]
   },
   "properties": {
    "station_id": "K51A-U080",
    "route": "K51A",
    "dir": "O",
    "seq": 8,
    "name_tc": "德政圍 (港鐵屯門站)",
    "name_en": "Tak Ching Court (MTR Tuen Mun Station)",
    "ref": "K51A"
   }
  },
  {
   "type": "Feature",
   "geometry": {
    "type": "Point",
    "coordinates": [
     113.9755,
     22.39153
    ]
   },
   "properties": {
    "station_id": "K51A-U090",
    "route": "K51A",
    "dir": "O",
    "seq": 9,
    "name_tc": "屯門市中心 (輕鐵市中心站)",
    "name_en": "Tuen Mun Town Centre (LR Town Centre Stop)",
    "ref": "K51A"
   }
  },
  {
   "type": "Feature",
   "geometry": {
    "type": "Point",
    "coordinates": [
     113.9788,
     22.3906
    ]
   },
   "properties": {
    "station_id": "K51A-U100",
    "route": "K51A",
    "dir": "O",
    "seq": 10,
    "name_tc": "屯門官立中學",
    "name_en": "Tuen Mun Government Secondary School",
    "ref": "K51A"
   }
  },
  {
   "type": "Feature",
   "geometry": {
    "type": "Point",
    "coordinates": [
     113.9807,
     22.38771
    ]
   },
   "properties": {
    "station_id": "K51A-U110",
    "route": "K51A",
    "dir": "O",
    "seq": 11,
    "name_tc": "恒順園",
    "name_en": "Handsome Court",
    "ref": "K51A"
   }
  },
  {
   "type": "Feature",
   "geometry": {
    "type": "Point",
    "coordinates": [
     113.981,
     22.38519
    ]
   },
   "properties": {
    "station_id": "K51A-U120",
    "route": "K51A",
    "dir": "O",
    "seq": 12,
    "name_tc": "恒豐園",
    "name_en": "Harvest Garden",
    "ref": "K51A"
   }
  },
  {
   "type": "Feature",
   "geometry": {
    "type": "Point",
    "coordinates": [
     113.978862,
     22.381748
    ]
   },
   "properties": {
    "station_id": "K51A-U130",
    "route": "K51A",
    "dir": "O",
    "seq": 13,
    "name_tc": "三聖邨",
    "name_en": "Sam Shing Estate",
    "ref": "K51A"
   }
  },
  {
   "type": "Feature",
   "geometry": {
    "type": "Point",
    "coordinates": [
     113.980751,
     22.378898
    ]
   },
   "properties": {
    "station_id": "K51A-U140",
    "route": "K51A",
    "dir": "O",
    "seq": 14,
    "name_tc": "青山灣",
    "name_en": "Castle Peak Beach",
    "ref": "K51A"
   }
  },
  {
   "type": "Feature",
   "geometry": {
    "type": "Point",
    "coordinates": [
     113.983475,
     22.377938
    ]
   },
   "properties": {
    "station_id": "K51A-U150",
    "route": "K51A",
    "dir": "O",
    "seq": 15,
    "name_tc": "海景花園",
    "name_en": "Seaview Garden",
    "ref": "K51A"
   }
  },
  {
   "type": "Feature",
   "geometry": {
    "type": "Point",
    "coordinates": [
     113.986745,
     22.374926
    ]
   },
   "properties": {
    "station_id": "K51A-U160",
    "route": "K51A",
    "dir": "O",
    "seq": 16,
    "name_tc": "咖啡灣",
    "name_en": "Cafeteria Beach",
    "ref": "K51A"
   }
  },
  {
   "type": "Feature",
   "geometry": {
    "type": "Point",
    "coordinates": [
     113.990756,
     22.373784
    ]
   },
   "properties": {
    "station_id": "K51A-U170",
    "route": "K51A",
    "dir": "O",
    "seq": 17,
    "name_tc": "黃金泳灘",
    "name_en": "Golden Beach",
    "ref": "K51A"
   }
  },
  {
   "type": "Feature",
   "geometry": {
    "type": "Point",
    "coordinates": [
     113.993574,
     22.372025
    ]
   },
   "properties": {
    "station_id": "K51A-U180",
    "route": "K51A",
    "dir": "O",
    "seq": 18,
    "name_tc": "香港黃金海岸",
    "name_en": "Hong Kong Gold Coast",
    "ref": "K51A"
   }
  },
  {
   "type": "Feature",
   "geometry": {
    "type": "Point",
    "coordinates": [
     113.9954,
     22.371605
    ]
   },
   "properties": {
    "station_id": "K51A-U190",
    "route": "K51A",
    "dir": "O",
    "seq": 19,
    "name_tc": "愛琴海岸",
    "name_en": "Aegean Coast",
    "ref": "K51A"
   }
  },
  {
   "type": "Feature",
   "geometry": {
    "type": "Point",
    "coordinates": [
     113.996144,
     22.373878
    ]
   },
   "properties": {
    "station_id": "K51A-U200",
    "route": "K51A",
    "dir": "O",
    "seq": 20,
    "name_tc": "掃管笏變電站",
    "name_en": "So Kwun Wat Sub-station",
    "ref": "K51A"
   }
  },
  {
   "type": "Feature",
   "geometry": {
    "type": "Point",
    "coordinates": [
     113.999829,
     22.375743
    ]
   },
   "properties": {
    "station_id": "K51A-U210",
    "route": "K51A",
    "dir": "O",
    "seq": 21,
    "name_tc": "掃管笏村",
    "name_en": "So Kwun Wat Tsuen",
    "ref": "K51A"
   }
  },
  {
   "type": "Feature",
   "geometry": {
    "type": "Point",
    "coordinates": [
     114.003593,
     22.372023
    ]
   },
   "properties": {
    "station_id": "K51A-U220",
    "route": "K51A",
    "dir": "O",
    "seq": 22,
    "name_tc": "掃管笏 (鄭任安夫人千禧小學)",
    "name_en": "So Kwun Wat (Mrs. Cheng Yam On Millennium School)",
    "ref": "K51A"
   }
  },
  {
   "type": "Feature",
   "geometry": {
    "type": "Point",
    "coordinates": [
     114.002295,
     22.374216
    ]
   },
   "properties": {
    "station_id": "K51A-U230",
    "route": "K51A",
    "dir": "O",
    "seq": 23,
    "name_tc": "掃管笏路",
    "name_en": "So Kwun Wat Road",
    "ref": "K51A"
   }
  },
  {
   "type": "Feature",
   "geometry": {
    "type": "Point",
    "coordinates": [
     113.999513,
     22.373699
    ]
   },
   "properties": {
    "station_id": "K51A-U240",
    "route": "K51A",
    "dir": "O",
    "seq": 24,
    "name_tc": "管翠路8號",
    "name_en": "8 Kwun Chui Road",
    "ref": "K51A"
   }
  },
  {
   "type": "Feature",
   "geometry": {
    "type": "Point",
    "coordinates": [
     113.999829,
     22.375743
    ]
   },
   "properties": {
    "station_id": "K51A-U250",
    "route": "K51A",
    "dir": "O",
    "seq": 25,
    "name_tc": "掃管笏村",
    "name_en": "So Kwun Wat Tsuen",
    "ref": "K51A"
   }
  },
  {
   "type": "Feature",
   "geometry": {
    "type": "Point",
    "coordinates": [
     113.999829,
     22.375743
    ]
   },
   "properties": {
    "station_id": "K51A-D010",
    "route": "K51A",
    "dir": "I",
    "seq": 1,
    "name_tc": "掃管笏村",
    "name_en": "So Kwun Wat Tsuen",
    "ref": "K51A"
   }
  },
  {
   "type": "Feature",
   "geometry": {
    "type": "Point",
    "coordinates": [
     114.003593,
     22.372023
    ]
   },
   "properties": {
    "station_id": "K51A-D020",
    "route": "K51A",
    "dir": "I",
    "seq": 2,
    "name_tc": "掃管笏 (鄭任安夫人千禧小學)",
    "name_en": "So Kwun Wat (Mrs. Cheng Yam On Millennium School)",
    "ref": "K51A"
   }
  },
  {
   "type": "Feature",
   "geometry": {
    "type": "Point",
    "coordinates": [
     114.002295,
     22.374216
    ]
   },
   "properties": {
    "station_id": "K51A-D030",
    "route": "K51A",
    "dir": "I",
    "seq": 3,
    "name_tc": "掃管笏路",
    "name_en": "So Kwun Wat Road",
    "ref": "K51A"
   }
  },
  {
   "type": "Feature",
   "geometry": {
    "type": "Point",
    "coordinates": [
     113.999513,
     22.373699
    ]
   },
   "properties": {
    "station_id": "K51A-D040",
    "route": "K51A",
    "dir": "I",
    "seq": 4,
    "name_tc": "管翠路8號",
    "name_en": "8 Kwun Chui Road",
    "ref": "K51A"
   }
  },
  {
   "type": "Feature",
   "geometry": {
    "type": "Point",
    "coordinates": [
     113.997707,
     22.375123
    ]
   },
   "properties": {
    "station_id": "K51A-D050",
    "route": "K51A",
    "dir": "I",
    "seq": 5,
    "name_tc": "管翠路",
    "name_en": "Kwun Chui Road",
    "ref": "K51A"
   }
  },
  {
   "type": "Feature",
   "geometry": {
    "type": "Point",
    "coordinates": [
     113.995381,
     22.371473
    ]
   },
   "properties": {
    "station_id": "K51A-D060",
    "route": "K51A",
    "dir": "I",
    "seq": 6,
    "name_tc": "愛琴海岸",
    "name_en": "Aegean Coast",
    "ref": "K51A"
   }
  },
  {
   "type": "Feature",
   "geometry": {
    "type": "Point",
    "coordinates": [
     113.993906,
     22.371294
    ]
   },
   "properties": {
    "station_id": "K51A-D070",
    "route": "K51A",
    "dir": "I",
    "seq": 7,
    "name_tc": "香港黃金海岸",
    "name_en": "Hong Kong Gold Coast",
    "ref": "K51A"
   }
  },
  {
   "type": "Feature",
   "geometry": {
    "type": "Point",
    "coordinates": [
     113.991213,
     22.373628
    ]
   },
   "properties": {
    "station_id": "K51A-D080",
    "route": "K51A",
    "dir": "I",
    "seq": 8,
    "name_tc": "黃金泳灘",
    "name_en": "Golden Beach",
    "ref": "K51A"
   }
  },
  {
   "type": "Feature",
   "geometry": {
    "type": "Point",
    "coordinates": [
     113.985635,
     22.3759
    ]
   },
   "properties": {
    "station_id": "K51A-D090",
    "route": "K51A",
    "dir": "I",
    "seq": 9,
    "name_tc": "咖啡灣",
    "name_en": "Cafeteria Beach",
    "ref": "K51A"
   }
  },
  {
   "type": "Feature",
   "geometry": {
    "type": "Point",
    "coordinates": [
     113.983242,
     22.377927
    ]
   },
   "properties": {
    "station_id": "K51A-D100",
    "route": "K51A",
    "dir": "I",
    "seq": 10,
    "name_tc": "碧翠花園",
    "name_en": "Bayview Terrace",
    "ref": "K51A"
   }
  },
  {
   "type": "Feature",
   "geometry": {
    "type": "Point",
    "coordinates": [
     113.980602,
     22.378957
    ]
   },
   "properties": {
    "station_id": "K51A-D110",
    "route": "K51A",
    "dir": "I",
    "seq": 11,
    "name_tc": "青山灣碼頭",
    "name_en": "Castle Peak Bay Pier",
    "ref": "K51A"
   }
  },
  {
   "type": "Feature",
   "geometry": {
    "type": "Point",
    "coordinates": [
     113.979092,
     22.381214
    ]
   },
   "properties": {
    "station_id": "K51A-D120",
    "route": "K51A",
    "dir": "I",
    "seq": 12,
    "name_tc": "三聖邨",
    "name_en": "Sam Shing Estate",
    "ref": "K51A"
   }
  },
  {
   "type": "Feature",
   "geometry": {
    "type": "Point",
    "coordinates": [
     113.97939,
     22.383774
    ]
   },
   "properties": {
    "station_id": "K51A-D140",
    "route": "K51A",
    "dir": "I",
    "seq": 13,
    "name_tc": "胡陳金枝中學",
    "name_en": "Mrs Aw Boon Haw Secondary School",
    "ref": "K51A"
   }
  },
  {
   "type": "Feature",
   "geometry": {
    "type": "Point",
    "coordinates": [
     113.980638,
     22.384602
    ]
   },
   "properties": {
    "station_id": "K51A-D150",
    "route": "K51A",
    "dir": "I",
    "seq": 14,
    "name_tc": "青善遊樂場",
    "name_en": "Tsing Sin Playground",
    "ref": "K51A"
   }
  },
  {
   "type": "Feature",
   "geometry": {
    "type": "Point",
    "coordinates": [
     113.98069,
     22.387355
    ]
   },
   "properties": {
    "station_id": "K51A-D160",
    "route": "K51A",
    "dir": "I",
    "seq": 15,
    "name_tc": "置樂花園",
    "name_en": "Chi Lok Fa Yuen",
    "ref": "K51A"
   }
  },
  {
   "type": "Feature",
   "geometry": {
    "type": "Point",
    "coordinates": [
     113.978805,
     22.390433
    ]
   },
   "properties": {
    "station_id": "K51A-D170",
    "route": "K51A",
    "dir": "I",
    "seq": 16,
    "name_tc": "屯門官立中學",
    "name_en": "Tuen Mun Government Secondary School",
    "ref": "K51A"
   }
  },
  {
   "type": "Feature",
   "geometry": {
    "type": "Point",
    "coordinates": [
     113.975082,
     22.392116
    ]
   },
   "properties": {
    "station_id": "K51A-D180",
    "route": "K51A",
    "dir": "I",
    "seq": 17,
    "name_tc": "輕鐵市中心站",
    "name_en": "LR Town Centre Stop",
    "ref": "K51A"
   }
  },
  {
   "type": "Feature",
   "geometry": {
    "type": "Point",
    "coordinates": [
     113.974444,
     22.395021
    ]
   },
   "properties": {
    "station_id": "K51A-D190",
    "route": "K51A",
    "dir": "I",
    "seq": 18,
    "name_tc": "港鐵屯門站 (輕鐵屯門站)",
    "name_en": "MTR Tuen Mun Station (LR Tuen Mun Stop)",
    "ref": "K51A"
   }
  },
  {
   "type": "Feature",
   "geometry": {
    "type": "Point",
    "coordinates": [
     113.974853,
     22.397311
    ]
   },
   "properties": {
    "station_id": "K51A-D200",
    "route": "K51A",
    "dir": "I",
    "seq": 19,
    "name_tc": "聖公會聖西門呂明才中學",
    "name_en": "SKH St. Simon's Lui Ming Choi Secondary School",
    "ref": "K51A"
   }
  },
  {
   "type": "Feature",
   "geometry": {
    "type": "Point",
    "coordinates": [
     113.979247,
     22.40334
    ]
   },
   "properties": {
    "station_id": "K51A-D210",
    "route": "K51A",
    "dir": "I",
    "seq": 20,
    "name_tc": "景峰花園",
    "name_en": "Prime View Garden",
    "ref": "K51A"
   }
  },
  {
   "type": "Feature",
   "geometry": {
    "type": "Point",
    "coordinates": [
     113.978641,
     22.407254
    ]
   },
   "properties": {
    "station_id": "K51A-D220",
    "route": "K51A",
    "dir": "I",
    "seq": 21,
    "name_tc": "輕鐵鳳地站",
    "name_en": "LR Fung Tei Stop",
    "ref": "K51A"
   }
  },
  {
   "type": "Feature",
   "geometry": {
    "type": "Point",
    "coordinates": [
     113.978607,
     22.410378
    ]
   },
   "properties": {
    "station_id": "K51A-D230",
    "route": "K51A",
    "dir": "I",
    "seq": 22,
    "name_tc": "港鐵兆康站 (南) (輕鐵兆康站)",
    "name_en": "MTR Siu Hong Station (South) (LR Siu Hong Stop)",
    "ref": "K51A"
   }
  },
  {
   "type": "Feature",
   "geometry": {
    "type": "Point",
    "coordinates": [
     113.980397,
     22.408779
    ]
   },
   "properties": {
    "station_id": "K51A-D240",
    "route": "K51A",
    "dir": "I",
    "seq": 23,
    "name_tc": "彩暉花園",
    "name_en": "Brilliant Garden",
    "ref": "K51A"
   }
  },
  {
   "type": "Feature",
   "geometry": {
    "type": "Point",
    "coordinates": [
     113.982212,
     22.410694
    ]
   },
   "properties": {
    "station_id": "K51A-D250",
    "route": "K51A",
    "dir": "I",
    "seq": 24,
    "name_tc": "嶺南大學",
    "name_en": "Lingnan University",
    "ref": "K51A"
   }
  },
  {
   "type": "Feature",
   "geometry": {
    "type": "Point",
    "coordinates": [
     113.983128,
     22.411927
    ]
   },
   "properties": {
    "station_id": "K51A-D260",
    "route": "K51A",
    "dir": "I",
    "seq": 25,
    "name_tc": "倚嶺南庭",
    "name_en": "South Hillcrest",
    "ref": "K51A"
   }
  },
  {
   "type": "Feature",
   "geometry": {
    "type": "Point",
    "coordinates": [
     113.982895,
     22.413286
    ]
   },
   "properties": {
    "station_id": "K51A-D270",
    "route": "K51A",
    "dir": "I",
    "seq": 26,
    "name_tc": "富泰",
    "name_en": "Fu Tai",
    "ref": "K51A"
   }
  },
  {
   "type": "Feature",
   "geometry": {
    "type": "Point",
    "coordinates": [
     113.982895,
     22.413286
    ]
   },
   "properties": {
    "station_id": "K51-U010",
    "route": "K51",
    "dir": "O",
    "seq": 1,
    "name_tc": "富泰",
    "name_en": "Fu Tai",
    "ref": "K51-1"
   }
  },
  {
   "type": "Feature",
   "geometry": {
    "type": "Point",
    "coordinates": [
     113.983771,
     22.412025
    ]
   },
   "properties": {
    "station_id": "K51-U020",
    "route": "K51",
    "dir": "O",
    "seq": 2,
    "name_tc": "聚康山莊",
    "name_en": "Beneville",
    "ref": "K51-1"
   }
  },
  {
   "type": "Feature",
   "geometry": {
    "type": "Point",
    "coordinates": [
     113.982387,
     22.41059
    ]
   },
   "properties": {
    "station_id": "K51-U030",
    "route": "K51",
    "dir": "O",
    "seq": 3,
    "name_tc": "嶺南大學",
    "name_en": "Lingnan University",
    "ref": "K51-1"
   }
  },
  {
   "type": "Feature",
   "geometry": {
    "type": "Point",
    "coordinates": [
     113.980046,
     22.408575
    ]
   },
   "properties": {
    "station_id": "K51-U040",
    "route": "K51",
    "dir": "O",
    "seq": 4,
    "name_tc": "彩暉花園",
    "name_en": "Brilliant Garden",
    "ref": "K51-1"
   }
  },
  {
   "type": "Feature",
   "geometry": {
    "type": "Point",
    "coordinates": [
     113.978583,
     22.410247
    ]
   },
   "properties": {
    "station_id": "K51-U050",
    "route": "K51",
    "dir": "O",
    "seq": 5,
    "name_tc": "港鐵兆康站 (南)",
    "name_en": "MTR Siu Hong Station (South)",
    "ref": "K51-1"
   }
  },
  {
   "type": "Feature",
   "geometry": {
    "type": "Point",
    "coordinates": [
     113.978607,
     22.410378
    ]
   },
   "properties": {
    "station_id": "K51-D250",
    "route": "K51",
    "dir": "O",
    "seq": 1,
    "name_tc": "港鐵兆康站 (南) ",
    "name_en": "MTR Siu Hong Station (South) ",
    "ref": "K51-2"
   }
  },
  {
   "type": "Feature",
   "geometry": {
    "type": "Point",
    "coordinates": [
     113.980397,
     22.408779
    ]
   },
   "properties": {
    "station_id": "K51-D260",
    "route": "K51",
    "dir": "O",
    "seq": 2,
    "name_tc": "彩暉花園",
    "name_en": "Brilliant Garden",
    "ref": "K51-2"
   }
  },
  {
   "type": "Feature",
   "geometry": {
    "type": "Point",
    "coordinates": [
     113.982212,
     22.410694
    ]
   },
   "properties": {
    "station_id": "K51-D270",
    "route": "K51",
    "dir": "O",
    "seq": 3,
    "name_tc": "嶺南大學",
    "name_en": "Lingnan University",
    "ref": "K51-2"
   }
  },
  {
   "type": "Feature",
   "geometry": {
    "type": "Point",
    "coordinates": [
     113.983128,
     22.411927
    ]
   },
   "properties": {
    "station_id": "K51-D280",
    "route": "K51",
    "dir": "O",
    "seq": 4,
    "name_tc": "倚嶺南庭",
    "name_en": "South Hillcrest",
    "ref": "K51-2"
   }
  },
  {
   "type": "Feature",
   "geometry": {
    "type": "Point",
    "coordinates": [
     113.982895,
     22.413286
    ]
   },
   "properties": {
    "station_id": "K51-D290",
    "route": "K51",
    "dir": "O",
    "seq": 5,
    "name_tc": "富泰",
    "name_en": "Fu Tai",
    "ref": "K51-2"
   }
  },
  {
   "type": "Feature",
   "geometry": {
    "type": "Point",
    "coordinates": [
     113.968532,
     22.375261
    ]
   },
   "properties": {
    "station_id": "K52-nU010",
    "route": "K52",
    "dir": "O",
    "seq": 1,
    "name_tc": "悅湖山莊",
    "name_en": "Yuet Wu Villa",
    "ref": "K52"
   }
  },
  {
   "type": "Feature",
   "geometry": {
    "type": "Point",
    "coordinates": [
     113.970095,
     22.372808
    ]
   },
   "properties": {
    "station_id": "K52-nU020",
    "route": "K52",
    "dir": "O",
    "seq": 2,
    "name_tc": "邁亞美海灣",
    "name_en": "Miami Beach Towers",
    "ref": "K52"
   }
  },
  {
   "type": "Feature",
   "geometry": {
    "type": "Point",
    "coordinates": [
     113.967391,
     22.372801
    ]
   },
   "properties": {
    "station_id": "K52-nU030",
    "route": "K52",
    "dir": "O",
    "seq": 3,
    "name_tc": "屯門碼頭",
    "name_en": "Tuen Mun Ferry Pier",
    "ref": "K52"
   }
  },
  {
   "type": "Feature",
   "geometry": {
    "type": "Point",
    "coordinates": [
     113.965605,
     22.374496
    ]
   },
   "properties": {
    "station_id": "K52-nU040",
    "route": "K52",
    "dir": "O",
    "seq": 4,
    "name_tc": "湖景邨湖畔樓",
    "name_en": "Wu Boon House, Wu King Estate",
    "ref": "K52"
   }
  },
  {
   "type": "Feature",
   "geometry": {
    "type": "Point",
    "coordinates": [
     113.966289,
     22.376739
    ]
   },
   "properties": {
    "station_id": "K52-nU050",
    "route": "K52",
    "dir": "O",
    "seq": 5,
    "name_tc": "湖景邨湖翠樓",
    "name_en": "Wu Tsui House, Wu King Estate",
    "ref": "K52"
   }
  },
  {
   "type": "Feature",
   "geometry": {
    "type": "Point",
    "coordinates": [
     113.972293,
     22.381216
    ]
   },
   "properties": {
    "station_id": "K52-nU060",
    "route": "K52",
    "dir": "O",
    "seq": 6,
    "name_tc": "屯門中央廣場",
    "name_en": "Tuen Mun Central Square",
    "ref": "K52"
   }
  },
  {
   "type": "Feature",
   "geometry": {
    "type": "Point",
    "coordinates": [
     113.976283,
     22.382943
    ]
   },
   "properties": {
    "station_id": "K52-nU070",
    "route": "K52",
    "dir": "O",
    "seq": 7,
    "name_tc": "輕鐵三聖站",
    "name_en": "LR Sam Shing Stop",
    "ref": "K52"
   }
  },
  {
   "type": "Feature",
   "geometry": {
    "type": "Point",
    "coordinates": [
     113.97939,
     22.383774
    ]
   },
   "properties": {
    "station_id": "K52-nU080",
    "route": "K52",
    "dir": "O",
    "seq": 8,
    "name_tc": "胡陳金枝中學",
    "name_en": "Mrs Aw Boon Haw Secondary School",
    "ref": "K52"
   }
  },
  {
   "type": "Feature",
   "geometry": {
    "type": "Point",
    "coordinates": [
     113.98065,
     22.38457
    ]
   },
   "properties": {
    "station_id": "K52-nU090",
    "route": "K52",
    "dir": "O",
    "seq": 9,
    "name_tc": "青善遊樂場",
    "name_en": "Tsing Sin Playground",
    "ref": "K52"
   }
  },
  {
   "type": "Feature",
   "geometry": {
    "type": "Point",
    "coordinates": [
     113.980666,
     22.387385
    ]
   },
   "properties": {
    "station_id": "K52-nU100",
    "route": "K52",
    "dir": "O",
    "seq": 10,
    "name_tc": "置樂花園",
    "name_en": "Chi Lok Fa Yuen",
    "ref": "K52"
   }
  },
  {
   "type": "Feature",
   "geometry": {
    "type": "Point",
    "coordinates": [
     113.97885,
     22.390462
    ]
   },
   "properties": {
    "station_id": "K52-nU110",
    "route": "K52",
    "dir": "O",
    "seq": 11,
    "name_tc": "屯門官立中學",
    "name_en": "Tuen Mun Government Secondary School",
    "ref": "K52"
   }
  },
  {
   "type": "Feature",
   "geometry": {
    "type": "Point",
    "coordinates": [
     113.975082,
     22.392116
    ]
   },
   "properties": {
    "station_id": "K52-nU120",
    "route": "K52",
    "dir": "O",
    "seq": 12,
    "name_tc": "輕鐵市中心站",
    "name_en": "LR Town Centre Stop",
    "ref": "K52"
   }
  },
  {
   "type": "Feature",
   "geometry": {
    "type": "Point",
    "coordinates": [
     113.973896,
     22.393937
    ]
   },
   "properties": {
    "station_id": "K52-nU140",
    "route": "K52",
    "dir": "O",
    "seq": 13,
    "name_tc": "輕鐵屯門站 (港鐵屯門站)",
    "name_en": "LR Tuen Mun Stop (MTR Tuen Mun Station)",
    "ref": "K52"
   }
  },
  {
   "type": "Feature",
   "geometry": {
    "type": "Point",
    "coordinates": [
     113.970746,
     22.394687
    ]
   },
   "properties": {
    "station_id": "K52-nU150",
    "route": "K52",
    "dir": "O",
    "seq": 14,
    "name_tc": "輕鐵建安站",
    "name_en": "LR Kin On Stop",
    "ref": "K52"
   }
  },
  {
   "type": "Feature",
   "geometry": {
    "type": "Point",
    "coordinates": [
     113.967707,
     22.393382
    ]
   },
   "properties": {
    "station_id": "K52-nU160",
    "route": "K52",
    "dir": "O",
    "seq": 15,
    "name_tc": "輕鐵青雲站",
    "name_en": "LR Tsing Wun Stop",
    "ref": "K52"
   }
  },
  {
   "type": "Feature",
   "geometry": {
    "type": "Point",
    "coordinates": [
     113.967726,
     22.391722
    ]
   },
   "properties": {
    "station_id": "K52-nU170",
    "route": "K52",
    "dir": "O",
    "seq": 16,
    "name_tc": "聖彼得堂",
    "name_en": "SKH St. Peter's Church",
    "ref": "K52"
   }
  },
  {
   "type": "Feature",
   "geometry": {
    "type": "Point",
    "coordinates": [
     113.964478,
     22.383618
    ]
   },
   "properties": {
    "station_id": "K52-nU180",
    "route": "K52",
    "dir": "O",
    "seq": 17,
    "name_tc": "富健花園",
    "name_en": "Glorious Garden",
    "ref": "K52"
   }
  },
  {
   "type": "Feature",
   "geometry": {
    "type": "Point",
    "coordinates": [
     113.963833,
     22.382269
    ]
   },
   "properties": {
    "station_id": "K52-nU190",
    "route": "K52",
    "dir": "O",
    "seq": 18,
    "name_tc": "新屯門中心",
    "name_en": "Sun Tuen Mun Centre",
    "ref": "K52"
   }
  },
  {
   "type": "Feature",
   "geometry": {
    "type": "Point",
    "coordinates": [
     113.961472,
     22.377549
    ]
   },
   "properties": {
    "station_id": "K52-nU200",
    "route": "K52",
    "dir": "O",
    "seq": 19,
    "name_tc": "輕鐵蝴蝶站",
    "name_en": "LR Butterfly Stop",
    "ref": "K52"
   }
  },
  {
   "type": "Feature",
   "geometry": {
    "type": "Point",
    "coordinates": [
     113.959318,
     22.375483
    ]
   },
   "properties": {
    "station_id": "K52-nU210",
    "route": "K52",
    "dir": "O",
    "seq": 20,
    "name_tc": "屯門公眾騎術學校",
    "name_en": "Tuen Mun Public Riding School",
    "ref": "K52"
   }
  },
  {
   "type": "Feature",
   "geometry": {
    "type": "Point",
    "coordinates": [
     113.95473,
     22.37319
    ]
   },
   "properties": {
    "station_id": "K52-nU220",
    "route": "K52",
    "dir": "O",
    "seq": 21,
    "name_tc": "蝴蝶灣公園",
    "name_en": "Butterfly Beach Park",
    "ref": "K52"
   }
  },
  {
   "type": "Feature",
   "geometry": {
    "type": "Point",
    "coordinates": [
     113.948898,
     22.368528
    ]
   },
   "properties": {
    "station_id": "K52-nU230",
    "route": "K52",
    "dir": "O",
    "seq": 22,
    "name_tc": "望后石",
    "name_en": "Pillar Point",
    "ref": "K52"
   }
  },
  {
   "type": "Feature",
   "geometry": {
    "type": "Point",
    "coordinates": [
     113.94371,
     22.366727
    ]
   },
   "properties": {
    "station_id": "K52-nU240",
    "route": "K52",
    "dir": "O",
    "seq": 23,
    "name_tc": "政府車場",
    "name_en": "Government Depot",
    "ref": "K52"
   }
  },
  {
   "type": "Feature",
   "geometry": {
    "type": "Point",
    "coordinates": [
     113.93822,
     22.36857
    ]
   },
   "properties": {
    "station_id": "K52-nU250",
    "route": "K52",
    "dir": "O",
    "seq": 24,
    "name_tc": "內河碼頭",
    "name_en": "River Trade Terminal",
    "ref": "K52"
   }
  },
  {
   "type": "Feature",
   "geometry": {
    "type": "Point",
    "coordinates": [
     113.93403,
     22.36999
    ]
   },
   "properties": {
    "station_id": "K52-nU260",
    "route": "K52",
    "dir": "O",
    "seq": 25,
    "name_tc": "環保園",
    "name_en": "EcoPark",
    "ref": "K52"
   }
  },
  {
   "type": "Feature",
   "geometry": {
    "type": "Point",
    "coordinates": [
     113.92874,
     22.36995
    ]
   },
   "properties": {
    "station_id": "K52-nU270",
    "route": "K52",
    "dir": "O",
    "seq": 26,
    "name_tc": "紹榮鋼鐵",
    "name_en": "Shiu Wing Steel Mill",
    "ref": "K52"
   }
  },
  {
   "type": "Feature",
   "geometry": {
    "type": "Point",
    "coordinates": [
     113.921122,
     22.386382
    ]
   },
   "properties": {
    "station_id": "K52-nU280",
    "route": "K52",
    "dir": "O",
    "seq": 27,
    "name_tc": "沙埔崗312號",
    "name_en": "No.312 Sha Po Kong",
    "ref": "K52"
   }
  },
  {
   "type": "Feature",
   "geometry": {
    "type": "Point",
    "coordinates": [
     113.920786,
     22.388034
    ]
   },
   "properties": {
    "station_id": "K52-nU290",
    "route": "K52",
    "dir": "O",
    "seq": 28,
    "name_tc": "沙埔崗177號",
    "name_en": "No.177 Sha Po Kong",
    "ref": "K52"
   }
  },
  {
   "type": "Feature",
   "geometry": {
    "type": "Point",
    "coordinates": [
     113.920224,
     22.389307
    ]
   },
   "properties": {
    "station_id": "K52-nU300",
    "route": "K52",
    "dir": "O",
    "seq": 29,
    "name_tc": "沙埔崗127號",
    "name_en": "No.127 Sha Po Kong",
    "ref": "K52"
   }
  },
  {
   "type": "Feature",
   "geometry": {
    "type": "Point",
    "coordinates": [
     113.920146,
     22.390617
    ]
   },
   "properties": {
    "station_id": "K52-nU310",
    "route": "K52",
    "dir": "O",
    "seq": 30,
    "name_tc": "龍鼓灘",
    "name_en": "Lung Kwu Tan",
    "ref": "K52"
   }
  },
  {
   "type": "Feature",
   "geometry": {
    "type": "Point",
    "coordinates": [
     113.920146,
     22.390617
    ]
   },
   "properties": {
    "station_id": "K52-nD010",
    "route": "K52",
    "dir": "I",
    "seq": 1,
    "name_tc": "龍鼓灘",
    "name_en": "Lung Kwu Tan",
    "ref": "K52"
   }
  },
  {
   "type": "Feature",
   "geometry": {
    "type": "Point",
    "coordinates": [
     113.920301,
     22.389103
    ]
   },
   "properties": {
    "station_id": "K52-nD020",
    "route": "K52",
    "dir": "I",
    "seq": 2,
    "name_tc": "沙埔崗127號",
    "name_en": "No.127 Sha Po Kong",
    "ref": "K52"
   }
  },
  {
   "type": "Feature",
   "geometry": {
    "type": "Point",
    "coordinates": [
     113.920786,
     22.388058
    ]
   },
   "properties": {
    "station_id": "K52-nD030",
    "route": "K52",
    "dir": "I",
    "seq": 3,
    "name_tc": "沙埔崗177號",
    "name_en": "No.177 Sha Po Kong",
    "ref": "K52"
   }
  },
  {
   "type": "Feature",
   "geometry": {
    "type": "Point",
    "coordinates": [
     113.921158,
     22.386623
    ]
   },
   "properties": {
    "station_id": "K52-nD040",
    "route": "K52",
    "dir": "I",
    "seq": 4,
    "name_tc": "沙埔崗288號",
    "name_en": "No.288 Sha Po Kong",
    "ref": "K52"
   }
  },
  {
   "type": "Feature",
   "geometry": {
    "type": "Point",
    "coordinates": [
     113.921257,
     22.385511
    ]
   },
   "properties": {
    "station_id": "K52-nD050",
    "route": "K52",
    "dir": "I",
    "seq": 5,
    "name_tc": "沙埔崗351號",
    "name_en": "No.351 Sha Po Kong",
    "ref": "K52"
   }
  },
  {
   "type": "Feature",
   "geometry": {
    "type": "Point",
    "coordinates": [
     113.92102,
     22.38252
    ]
   },
   "properties": {
    "station_id": "K52-nD060",
    "route": "K52",
    "dir": "I",
    "seq": 6,
    "name_tc": "中電 A廠",
    "name_en": "CLP (Plant A)",
    "ref": "K52"
   }
  },
  {
   "type": "Feature",
   "geometry": {
    "type": "Point",
    "coordinates": [
     113.92898,
     22.37012
    ]
   },
   "properties": {
    "station_id": "K52-nD070",
    "route": "K52",
    "dir": "I",
    "seq": 7,
    "name_tc": "紹榮鋼鐵",
    "name_en": "Shiu Wing Steel Mill",
    "ref": "K52"
   }
  },
  {
   "type": "Feature",
   "geometry": {
    "type": "Point",
    "coordinates": [
     113.93439,
     22.37001
    ]
   },
   "properties": {
    "station_id": "K52-nD080",
    "route": "K52",
    "dir": "I",
    "seq": 8,
    "name_tc": "環保園",
    "name_en": "EcoPark",
    "ref": "K52"
   }
  },
  {
   "type": "Feature",
   "geometry": {
    "type": "Point",
    "coordinates": [
     113.938063,
     22.36855
    ]
   },
   "properties": {
    "station_id": "K52-nD090",
    "route": "K52",
    "dir": "I",
    "seq": 9,
    "name_tc": "內河碼頭",
    "name_en": "River Trade Terminal",
    "ref": "K52"
   }
  },
  {
   "type": "Feature",
   "geometry": {
    "type": "Point",
    "coordinates": [
     113.944272,
     22.366875
    ]
   },
   "properties": {
    "station_id": "K52-nD100",
    "route": "K52",
    "dir": "I",
    "seq": 10,
    "name_tc": "政府車場",
    "name_en": "Government Depot",
    "ref": "K52"
   }
  },
  {
   "type": "Feature",
   "geometry": {
    "type": "Point",
    "coordinates": [
     113.948837,
     22.368667
    ]
   },
   "properties": {
    "station_id": "K52-nD110",
    "route": "K52",
    "dir": "I",
    "seq": 11,
    "name_tc": "望后石",
    "name_en": "Pillar Point",
    "ref": "K52"
   }
  },
  {
   "type": "Feature",
   "geometry": {
    "type": "Point",
    "coordinates": [
     113.954631,
     22.3729
    ]
   },
   "properties": {
    "station_id": "K52-nD120",
    "route": "K52",
    "dir": "I",
    "seq": 12,
    "name_tc": "蝴蝶灣公園",
    "name_en": "Butterfly Beach Park",
    "ref": "K52"
   }
  },
  {
   "type": "Feature",
   "geometry": {
    "type": "Point",
    "coordinates": [
     113.958583,
     22.375258
    ]
   },
   "properties": {
    "station_id": "K52-nD130",
    "route": "K52",
    "dir": "I",
    "seq": 13,
    "name_tc": "屯門公眾騎術學校",
    "name_en": "Tuen Mun Public Riding School",
    "ref": "K52"
   }
  },
  {
   "type": "Feature",
   "geometry": {
    "type": "Point",
    "coordinates": [
     113.961955,
     22.378359
    ]
   },
   "properties": {
    "station_id": "K52-nD140",
    "route": "K52",
    "dir": "I",
    "seq": 14,
    "name_tc": "輕鐵蝴蝶站",
    "name_en": "LR Butterfly Stop",
    "ref": "K52"
   }
  },
  {
   "type": "Feature",
   "geometry": {
    "type": "Point",
    "coordinates": [
     113.96359,
     22.382203
    ]
   },
   "properties": {
    "station_id": "K52-nD150",
    "route": "K52",
    "dir": "I",
    "seq": 15,
    "name_tc": "輕鐵車廠站",
    "name_en": "Light Rail Depot Stop",
    "ref": "K52"
   }
  },
  {
   "type": "Feature",
   "geometry": {
    "type": "Point",
    "coordinates": [
     113.965222,
     22.385399
    ]
   },
   "properties": {
    "station_id": "K52-nD160",
    "route": "K52",
    "dir": "I",
    "seq": 16,
    "name_tc": "輕鐵龍門站",
    "name_en": "LR Lung Mun Stop",
    "ref": "K52"
   }
  },
  {
   "type": "Feature",
   "geometry": {
    "type": "Point",
    "coordinates": [
     113.96752,
     22.393627
    ]
   },
   "properties": {
    "station_id": "K52-nD170",
    "route": "K52",
    "dir": "I",
    "seq": 17,
    "name_tc": "輕鐵青雲站",
    "name_en": "LR Tsing Wun Stop",
    "ref": "K52"
   }
  },
  {
   "type": "Feature",
   "geometry": {
    "type": "Point",
    "coordinates": [
     113.969953,
     22.395064
    ]
   },
   "properties": {
    "station_id": "K52-nD180",
    "route": "K52",
    "dir": "I",
    "seq": 18,
    "name_tc": "輕鐵建安站",
    "name_en": "LR Kin On Stop",
    "ref": "K52"
   }
  },
  {
   "type": "Feature",
   "geometry": {
    "type": "Point",
    "coordinates": [
     113.973992,
     22.394117
    ]
   },
   "properties": {
    "station_id": "K52-nD190",
    "route": "K52",
    "dir": "I",
    "seq": 19,
    "name_tc": "屯門站",
    "name_en": "Tuen Mun Station",
    "ref": "K52"
   }
  },
  {
   "type": "Feature",
   "geometry": {
    "type": "Point",
    "coordinates": [
     113.975435,
     22.391543
    ]
   },
   "properties": {
    "station_id": "K52-nD200",
    "route": "K52",
    "dir": "I",
    "seq": 20,
    "name_tc": "屯門市中心",
    "name_en": "Tuen Mun Town Centre",
    "ref": "K52"
   }
  },
  {
   "type": "Feature",
   "geometry": {
    "type": "Point",
    "coordinates": [
     113.9788,
     22.3906
    ]
   },
   "properties": {
    "station_id": "K52-nD210",
    "route": "K52",
    "dir": "I",
    "seq": 21,
    "name_tc": "屯門官立中學",
    "name_en": "Tuen Mun Government Secondary School",
    "ref": "K52"
   }
  },
  {
   "type": "Feature",
   "geometry": {
    "type": "Point",
    "coordinates": [
     113.9807,
     22.38771
    ]
   },
   "properties": {
    "station_id": "K52-nD220",
    "route": "K52",
    "dir": "I",
    "seq": 22,
    "name_tc": "恒順園",
    "name_en": "Handsome Court",
    "ref": "K52"
   }
  },
  {
   "type": "Feature",
   "geometry": {
    "type": "Point",
    "coordinates": [
     113.981,
     22.38519
    ]
   },
   "properties": {
    "station_id": "K52-nD230",
    "route": "K52",
    "dir": "I",
    "seq": 23,
    "name_tc": "恒豐園",
    "name_en": "Harvest Garden",
    "ref": "K52"
   }
  },
  {
   "type": "Feature",
   "geometry": {
    "type": "Point",
    "coordinates": [
     113.976256,
     22.382769
    ]
   },
   "properties": {
    "station_id": "K52-nD240",
    "route": "K52",
    "dir": "I",
    "seq": 24,
    "name_tc": "輕鐵三聖站",
    "name_en": "LR Sam Shing Stop",
    "ref": "K52"
   }
  },
  {
   "type": "Feature",
   "geometry": {
    "type": "Point",
    "coordinates": [
     113.972021,
     22.380902
    ]
   },
   "properties": {
    "station_id": "K52-nD250",
    "route": "K52",
    "dir": "I",
    "seq": 25,
    "name_tc": "屯門中央廣場",
    "name_en": "Tuen Mun Central Square",
    "ref": "K52"
   }
  },
  {
   "type": "Feature",
   "geometry": {
    "type": "Point",
    "coordinates": [
     113.966372,
     22.37652
    ]
   },
   "properties": {
    "station_id": "K52-nD260",
    "route": "K52",
    "dir": "I",
    "seq": 26,
    "name_tc": "湖景邨湖翠樓",
    "name_en": "Wu Tsui House, Wu King Estate",
    "ref": "K52"
   }
  },
  {
   "type": "Feature",
   "geometry": {
    "type": "Point",
    "coordinates": [
     113.965833,
     22.374598
    ]
   },
   "properties": {
    "station_id": "K52-nD270",
    "route": "K52",
    "dir": "I",
    "seq": 27,
    "name_tc": "兆禧苑",
    "name_en": "Siu Hei Court",
    "ref": "K52"
   }
  },
  {
   "type": "Feature",
   "geometry": {
    "type": "Point",
    "coordinates": [
     113.965958,
     22.373244
    ]
   },
   "properties": {
    "station_id": "K52-nD280",
    "route": "K52",
    "dir": "I",
    "seq": 28,
    "name_tc": "海翠花園",
    "name_en": "Pierhead Garden",
    "ref": "K52"
   }
  },
  {
   "type": "Feature",
   "geometry": {
    "type": "Point",
    "coordinates": [
     113.969696,
     22.372843
    ]
   },
   "properties": {
    "station_id": "K52-nD290",
    "route": "K52",
    "dir": "I",
    "seq": 29,
    "name_tc": "邁亞美海灣",
    "name_en": "Miami Beach Towers",
    "ref": "K52"
   }
  },
  {
   "type": "Feature",
   "geometry": {
    "type": "Point",
    "coordinates": [
     113.968481,
     22.375257
    ]
   },
   "properties": {
    "station_id": "K52-nD300",
    "route": "K52",
    "dir": "I",
    "seq": 30,
    "name_tc": "悅湖山莊",
    "name_en": "Yuet Wu Villa",
    "ref": "K52"
   }
  },
  {
   "type": "Feature",
   "geometry": {
    "type": "Point",
    "coordinates": [
     113.973896,
     22.393937
    ]
   },
   "properties": {
    "station_id": "K52-nU140",
    "route": "K52",
    "dir": "O",
    "seq": 1,
    "name_tc": "輕鐵屯門站",
    "name_en": "LR Tuen Mun Stop",
    "ref": "K52-1"
   }
  },
  {
   "type": "Feature",
   "geometry": {
    "type": "Point",
    "coordinates": [
     113.970746,
     22.394687
    ]
   },
   "properties": {
    "station_id": "K52-nU150",
    "route": "K52",
    "dir": "O",
    "seq": 2,
    "name_tc": "輕鐵建安站",
    "name_en": "LR Kin On Stop",
    "ref": "K52-1"
   }
  },
  {
   "type": "Feature",
   "geometry": {
    "type": "Point",
    "coordinates": [
     113.967707,
     22.393382
    ]
   },
   "properties": {
    "station_id": "K52-nU160",
    "route": "K52",
    "dir": "O",
    "seq": 3,
    "name_tc": "輕鐵青雲站",
    "name_en": "LR Tsing Wun Stop",
    "ref": "K52-1"
   }
  },
  {
   "type": "Feature",
   "geometry": {
    "type": "Point",
    "coordinates": [
     113.967726,
     22.391722
    ]
   },
   "properties": {
    "station_id": "K52-nU170",
    "route": "K52",
    "dir": "O",
    "seq": 4,
    "name_tc": "聖彼得堂",
    "name_en": "SKH St. Peter's Church",
    "ref": "K52-1"
   }
  },
  {
   "type": "Feature",
   "geometry": {
    "type": "Point",
    "coordinates": [
     113.964478,
     22.383618
    ]
   },
   "properties": {
    "station_id": "K52-nU180",
    "route": "K52",
    "dir": "O",
    "seq": 5,
    "name_tc": "富健花園",
    "name_en": "Glorious Garden",
    "ref": "K52-1"
   }
  },
  {
   "type": "Feature",
   "geometry": {
    "type": "Point",
    "coordinates": [
     113.963833,
     22.382269
    ]
   },
   "properties": {
    "station_id": "K52-nU190",
    "route": "K52",
    "dir": "O",
    "seq": 6,
    "name_tc": "新屯門中心",
    "name_en": "Sun Tuen Mun Centre",
    "ref": "K52-1"
   }
  },
  {
   "type": "Feature",
   "geometry": {
    "type": "Point",
    "coordinates": [
     113.961472,
     22.377549
    ]
   },
   "properties": {
    "station_id": "K52-nU200",
    "route": "K52",
    "dir": "O",
    "seq": 7,
    "name_tc": "輕鐵蝴蝶站",
    "name_en": "LR Butterfly Stop",
    "ref": "K52-1"
   }
  },
  {
   "type": "Feature",
   "geometry": {
    "type": "Point",
    "coordinates": [
     113.959318,
     22.375483
    ]
   },
   "properties": {
    "station_id": "K52-nU210",
    "route": "K52",
    "dir": "O",
    "seq": 8,
    "name_tc": "屯門公眾騎術學校",
    "name_en": "Tuen Mun Public Riding School",
    "ref": "K52-1"
   }
  },
  {
   "type": "Feature",
   "geometry": {
    "type": "Point",
    "coordinates": [
     113.95473,
     22.37319
    ]
   },
   "properties": {
    "station_id": "K52-nU220",
    "route": "K52",
    "dir": "O",
    "seq": 9,
    "name_tc": "蝴蝶灣公園",
    "name_en": "Butterfly Beach Park",
    "ref": "K52-1"
   }
  },
  {
   "type": "Feature",
   "geometry": {
    "type": "Point",
    "coordinates": [
     113.948898,
     22.368528
    ]
   },
   "properties": {
    "station_id": "K52-nU230",
    "route": "K52",
    "dir": "O",
    "seq": 10,
    "name_tc": "望后石",
    "name_en": "Pillar Point",
    "ref": "K52-1"
   }
  },
  {
   "type": "Feature",
   "geometry": {
    "type": "Point",
    "coordinates": [
     113.94371,
     22.366727
    ]
   },
   "properties": {
    "station_id": "K52-nU240",
    "route": "K52",
    "dir": "O",
    "seq": 11,
    "name_tc": "政府車場",
    "name_en": "Government Depot",
    "ref": "K52-1"
   }
  },
  {
   "type": "Feature",
   "geometry": {
    "type": "Point",
    "coordinates": [
     113.93822,
     22.36857
    ]
   },
   "properties": {
    "station_id": "K52-nU250",
    "route": "K52",
    "dir": "O",
    "seq": 12,
    "name_tc": "內河碼頭",
    "name_en": "River Trade Terminal",
    "ref": "K52-1"
   }
  },
  {
   "type": "Feature",
   "geometry": {
    "type": "Point",
    "coordinates": [
     113.93403,
     22.36999
    ]
   },
   "properties": {
    "station_id": "K52-nU260",
    "route": "K52",
    "dir": "O",
    "seq": 13,
    "name_tc": "環保園",
    "name_en": "EcoPark",
    "ref": "K52-1"
   }
  },
  {
   "type": "Feature",
   "geometry": {
    "type": "Point",
    "coordinates": [
     113.92874,
     22.36995
    ]
   },
   "properties": {
    "station_id": "K52-nU270",
    "route": "K52",
    "dir": "O",
    "seq": 14,
    "name_tc": "紹榮鋼鐵",
    "name_en": "Shiu Wing Steel Mill",
    "ref": "K52-1"
   }
  },
  {
   "type": "Feature",
   "geometry": {
    "type": "Point",
    "coordinates": [
     113.921122,
     22.386382
    ]
   },
   "properties": {
    "station_id": "K52-nU280",
    "route": "K52",
    "dir": "O",
    "seq": 15,
    "name_tc": "沙埔崗312號",
    "name_en": "No.312 Sha Po Kong",
    "ref": "K52-1"
   }
  },
  {
   "type": "Feature",
   "geometry": {
    "type": "Point",
    "coordinates": [
     113.920786,
     22.388034
    ]
   },
   "properties": {
    "station_id": "K52-nU290",
    "route": "K52",
    "dir": "O",
    "seq": 16,
    "name_tc": "沙埔崗177號",
    "name_en": "No.177 Sha Po Kong",
    "ref": "K52-1"
   }
  },
  {
   "type": "Feature",
   "geometry": {
    "type": "Point",
    "coordinates": [
     113.920224,
     22.389307
    ]
   },
   "properties": {
    "station_id": "K52-nU300",
    "route": "K52",
    "dir": "O",
    "seq": 17,
    "name_tc": "沙埔崗127號",
    "name_en": "No.127 Sha Po Kong",
    "ref": "K52-1"
   }
  },
  {
   "type": "Feature",
   "geometry": {
    "type": "Point",
    "coordinates": [
     113.920146,
     22.390617
    ]
   },
   "properties": {
    "station_id": "K52-nU310",
    "route": "K52",
    "dir": "O",
    "seq": 18,
    "name_tc": "龍鼓灘",
    "name_en": "Lung Kwu Tan",
    "ref": "K52-1"
   }
  },
  {
   "type": "Feature",
   "geometry": {
    "type": "Point",
    "coordinates": [
     113.920146,
     22.390617
    ]
   },
   "properties": {
    "station_id": "K52P-D010",
    "route": "K52P",
    "dir": "O",
    "seq": 1,
    "name_tc": "龍鼓灘",
    "name_en": "Lung Kwu Tan",
    "ref": "K52P"
   }
  },
  {
   "type": "Feature",
   "geometry": {
    "type": "Point",
    "coordinates": [
     113.920301,
     22.389103
    ]
   },
   "properties": {
    "station_id": "K52P-D020",
    "route": "K52P",
    "dir": "O",
    "seq": 2,
    "name_tc": "沙埔崗127號",
    "name_en": "No.127 Sha Po Kong",
    "ref": "K52P"
   }
  },
  {
   "type": "Feature",
   "geometry": {
    "type": "Point",
    "coordinates": [
     113.920786,
     22.388058
    ]
   },
   "properties": {
    "station_id": "K52P-D030",
    "route": "K52P",
    "dir": "O",
    "seq": 3,
    "name_tc": "沙埔崗177號",
    "name_en": "No.177 Sha Po Kong",
    "ref": "K52P"
   }
  },
  {
   "type": "Feature",
   "geometry": {
    "type": "Point",
    "coordinates": [
     113.921158,
     22.386623
    ]
   },
   "properties": {
    "station_id": "K52P-D040",
    "route": "K52P",
    "dir": "O",
    "seq": 4,
    "name_tc": "沙埔崗288號",
    "name_en": "No.288 Sha Po Kong",
    "ref": "K52P"
   }
  },
  {
   "type": "Feature",
   "geometry": {
    "type": "Point",
    "coordinates": [
     113.921257,
     22.385511
    ]
   },
   "properties": {
    "station_id": "K52P-D050",
    "route": "K52P",
    "dir": "O",
    "seq": 5,
    "name_tc": "沙埔崗351號",
    "name_en": "No.351 Sha Po Kong",
    "ref": "K52P"
   }
  },
  {
   "type": "Feature",
   "geometry": {
    "type": "Point",
    "coordinates": [
     113.92102,
     22.38252
    ]
   },
   "properties": {
    "station_id": "K52P-D060",
    "route": "K52P",
    "dir": "O",
    "seq": 6,
    "name_tc": "中電 A廠",
    "name_en": "CLP (Plant A)",
    "ref": "K52P"
   }
  },
  {
   "type": "Feature",
   "geometry": {
    "type": "Point",
    "coordinates": [
     113.92898,
     22.37012
    ]
   },
   "properties": {
    "station_id": "K52P-D070",
    "route": "K52P",
    "dir": "O",
    "seq": 7,
    "name_tc": "紹榮鋼鐵",
    "name_en": "Shiu Wing Steel Mill",
    "ref": "K52P"
   }
  },
  {
   "type": "Feature",
   "geometry": {
    "type": "Point",
    "coordinates": [
     113.93439,
     22.37001
    ]
   },
   "properties": {
    "station_id": "K52P-D080",
    "route": "K52P",
    "dir": "O",
    "seq": 8,
    "name_tc": "環保園",
    "name_en": "EcoPark",
    "ref": "K52P"
   }
  },
  {
   "type": "Feature",
   "geometry": {
    "type": "Point",
    "coordinates": [
     113.938063,
     22.36855
    ]
   },
   "properties": {
    "station_id": "K52P-D090",
    "route": "K52P",
    "dir": "O",
    "seq": 9,
    "name_tc": "內河碼頭",
    "name_en": "River Trade Terminal",
    "ref": "K52P"
   }
  },
  {
   "type": "Feature",
   "geometry": {
    "type": "Point",
    "coordinates": [
     113.944272,
     22.366875
    ]
   },
   "properties": {
    "station_id": "K52P-D100",
    "route": "K52P",
    "dir": "O",
    "seq": 10,
    "name_tc": "政府車場",
    "name_en": "Government Depot",
    "ref": "K52P"
   }
  },
  {
   "type": "Feature",
   "geometry": {
    "type": "Point",
    "coordinates": [
     113.948837,
     22.368667
    ]
   },
   "properties": {
    "station_id": "K52P-D110",
    "route": "K52P",
    "dir": "O",
    "seq": 11,
    "name_tc": "望后石",
    "name_en": "Pillar Point",
    "ref": "K52P"
   }
  },
  {
   "type": "Feature",
   "geometry": {
    "type": "Point",
    "coordinates": [
     113.954631,
     22.3729
    ]
   },
   "properties": {
    "station_id": "K52P-D120",
    "route": "K52P",
    "dir": "O",
    "seq": 12,
    "name_tc": "蝴蝶灣公園",
    "name_en": "Butterfly Beach Park",
    "ref": "K52P"
   }
  },
  {
   "type": "Feature",
   "geometry": {
    "type": "Point",
    "coordinates": [
     113.958583,
     22.375258
    ]
   },
   "properties": {
    "station_id": "K52P-D130",
    "route": "K52P",
    "dir": "O",
    "seq": 13,
    "name_tc": "屯門公眾騎術學校",
    "name_en": "Tuen Mun Public Riding School",
    "ref": "K52P"
   }
  },
  {
   "type": "Feature",
   "geometry": {
    "type": "Point",
    "coordinates": [
     113.961955,
     22.378359
    ]
   },
   "properties": {
    "station_id": "K52P-D140",
    "route": "K52P",
    "dir": "O",
    "seq": 14,
    "name_tc": "輕鐵蝴蝶站",
    "name_en": "LR Butterfly Stop",
    "ref": "K52P"
   }
  },
  {
   "type": "Feature",
   "geometry": {
    "type": "Point",
    "coordinates": [
     113.968532,
     22.375261
    ]
   },
   "properties": {
    "station_id": "K52P-D150",
    "route": "K52P",
    "dir": "O",
    "seq": 15,
    "name_tc": "悅湖山莊",
    "name_en": "Yuet Wu Villa",
    "ref": "K52P"
   }
  },
  {
   "type": "Feature",
   "geometry": {
    "type": "Point",
    "coordinates": [
     113.970095,
     22.372808
    ]
   },
   "properties": {
    "station_id": "K52P-D160",
    "route": "K52P",
    "dir": "O",
    "seq": 16,
    "name_tc": "邁亞美海灣",
    "name_en": "Miami Beach Towers",
    "ref": "K52P"
   }
  },
  {
   "type": "Feature",
   "geometry": {
    "type": "Point",
    "coordinates": [
     113.967391,
     22.372801
    ]
   },
   "properties": {
    "station_id": "K52P-D170",
    "route": "K52P",
    "dir": "O",
    "seq": 17,
    "name_tc": "屯門碼頭",
    "name_en": "Tuen Mun Ferry Pier",
    "ref": "K52P"
   }
  },
  {
   "type": "Feature",
   "geometry": {
    "type": "Point",
    "coordinates": [
     113.965605,
     22.374496
    ]
   },
   "properties": {
    "station_id": "K52P-D180",
    "route": "K52P",
    "dir": "O",
    "seq": 18,
    "name_tc": "湖景邨湖畔樓",
    "name_en": "Wu Boon House, Wu King Estate",
    "ref": "K52P"
   }
  },
  {
   "type": "Feature",
   "geometry": {
    "type": "Point",
    "coordinates": [
     113.966289,
     22.376739
    ]
   },
   "properties": {
    "station_id": "K52P-D190",
    "route": "K52P",
    "dir": "O",
    "seq": 19,
    "name_tc": "湖景邨湖翠樓",
    "name_en": "Wu Tsui House, Wu King Estate",
    "ref": "K52P"
   }
  },
  {
   "type": "Feature",
   "geometry": {
    "type": "Point",
    "coordinates": [
     113.963758,
     22.378585
    ]
   },
   "properties": {
    "station_id": "K52P-D200",
    "route": "K52P",
    "dir": "O",
    "seq": 20,
    "name_tc": "兆山苑",
    "name_en": "Siu Shan Court",
    "ref": "K52P"
   }
  },
  {
   "type": "Feature",
   "geometry": {
    "type": "Point",
    "coordinates": [
     113.96359,
     22.382203
    ]
   },
   "properties": {
    "station_id": "K52P-D210",
    "route": "K52P",
    "dir": "O",
    "seq": 21,
    "name_tc": "輕鐵車廠站",
    "name_en": "Light Rail Depot Stop",
    "ref": "K52P"
   }
  },
  {
   "type": "Feature",
   "geometry": {
    "type": "Point",
    "coordinates": [
     113.965222,
     22.385399
    ]
   },
   "properties": {
    "station_id": "K52P-D220",
    "route": "K52P",
    "dir": "O",
    "seq": 22,
    "name_tc": "輕鐵龍門站",
    "name_en": "LR Lung Mun Stop",
    "ref": "K52P"
   }
  },
  {
   "type": "Feature",
   "geometry": {
    "type": "Point",
    "coordinates": [
     113.96752,
     22.393627
    ]
   },
   "properties": {
    "station_id": "K52P-D230",
    "route": "K52P",
    "dir": "O",
    "seq": 23,
    "name_tc": "輕鐵青雲站",
    "name_en": "LR Tsing Wun Stop",
    "ref": "K52P"
   }
  },
  {
   "type": "Feature",
   "geometry": {
    "type": "Point",
    "coordinates": [
     113.969953,
     22.395064
    ]
   },
   "properties": {
    "station_id": "K52P-D240",
    "route": "K52P",
    "dir": "O",
    "seq": 24,
    "name_tc": "輕鐵建安站",
    "name_en": "LR Kin On Stop",
    "ref": "K52P"
   }
  },
  {
   "type": "Feature",
   "geometry": {
    "type": "Point",
    "coordinates": [
     113.973358,
     22.394225
    ]
   },
   "properties": {
    "station_id": "K52P-D250",
    "route": "K52P",
    "dir": "O",
    "seq": 25,
    "name_tc": "屯門站 ",
    "name_en": "Tuen Mun Station ",
    "ref": "K52P"
   }
  },
  {
   "type": "Feature",
   "geometry": {
    "type": "Point",
    "coordinates": [
     113.973358,
     22.394225
    ]
   },
   "properties": {
    "station_id": "K52A-U010",
    "route": "K52A",
    "dir": "O",
    "seq": 1,
    "name_tc": "屯門站 (輕鐵屯門站)",
    "name_en": "Tuen Mun Station (LR Tuen Mun Stop)",
    "ref": "K52A"
   }
  },
  {
   "type": "Feature",
   "geometry": {
    "type": "Point",
    "coordinates": [
     113.973896,
     22.393937
    ]
   },
   "properties": {
    "station_id": "K52A-U015",
    "route": "K52A",
    "dir": "O",
    "seq": 2,
    "name_tc": "輕鐵屯門站 (請留意服務時間)*",
    "name_en": "LR Tuen Mun Stop (Please refer to Service Time)*",
    "ref": "K52A"
   }
  },
  {
   "type": "Feature",
   "geometry": {
    "type": "Point",
    "coordinates": [
     113.970746,
     22.394687
    ]
   },
   "properties": {
    "station_id": "K52A-U020",
    "route": "K52A",
    "dir": "O",
    "seq": 3,
    "name_tc": "輕鐵建安站",
    "name_en": "LR Kin On Stop",
    "ref": "K52A"
   }
  },
  {
   "type": "Feature",
   "geometry": {
    "type": "Point",
    "coordinates": [
     113.967707,
     22.393382
    ]
   },
   "properties": {
    "station_id": "K52A-U030",
    "route": "K52A",
    "dir": "O",
    "seq": 4,
    "name_tc": "輕鐵青雲站",
    "name_en": "LR Tsing Wun Stop",
    "ref": "K52A"
   }
  },
  {
   "type": "Feature",
   "geometry": {
    "type": "Point",
    "coordinates": [
     113.967726,
     22.391722
    ]
   },
   "properties": {
    "station_id": "K52A-U040",
    "route": "K52A",
    "dir": "O",
    "seq": 5,
    "name_tc": "聖彼得堂",
    "name_en": "SKH St. Peter's Church",
    "ref": "K52A"
   }
  },
  {
   "type": "Feature",
   "geometry": {
    "type": "Point",
    "coordinates": [
     113.964478,
     22.383618
    ]
   },
   "properties": {
    "station_id": "K52A-U050",
    "route": "K52A",
    "dir": "O",
    "seq": 6,
    "name_tc": "富健花園",
    "name_en": "Glorious Garden",
    "ref": "K52A"
   }
  },
  {
   "type": "Feature",
   "geometry": {
    "type": "Point",
    "coordinates": [
     113.963833,
     22.382269
    ]
   },
   "properties": {
    "station_id": "K52A-U060",
    "route": "K52A",
    "dir": "O",
    "seq": 7,
    "name_tc": "新屯門中心",
    "name_en": "Sun Tuen Mun Centre",
    "ref": "K52A"
   }
  },
  {
   "type": "Feature",
   "geometry": {
    "type": "Point",
    "coordinates": [
     113.961481,
     22.377547
    ]
   },
   "properties": {
    "station_id": "K52A-U070",
    "route": "K52A",
    "dir": "O",
    "seq": 8,
    "name_tc": "輕鐵蝴蝶站",
    "name_en": "LR Butterfly Stop",
    "ref": "K52A"
   }
  },
  {
   "type": "Feature",
   "geometry": {
    "type": "Point",
    "coordinates": [
     113.959318,
     22.375483
    ]
   },
   "properties": {
    "station_id": "K52A-U080",
    "route": "K52A",
    "dir": "O",
    "seq": 9,
    "name_tc": "屯門公眾騎術學校",
    "name_en": "Tuen Mun Public Riding School",
    "ref": "K52A"
   }
  },
  {
   "type": "Feature",
   "geometry": {
    "type": "Point",
    "coordinates": [
     113.95473,
     22.37319
    ]
   },
   "properties": {
    "station_id": "K52A-U090",
    "route": "K52A",
    "dir": "O",
    "seq": 10,
    "name_tc": "蝴蝶灣公園",
    "name_en": "Butterfly Beach Park",
    "ref": "K52A"
   }
  },
  {
   "type": "Feature",
   "geometry": {
    "type": "Point",
    "coordinates": [
     113.948898,
     22.368528
    ]
   },
   "properties": {
    "station_id": "K52A-U100",
    "route": "K52A",
    "dir": "O",
    "seq": 11,
    "name_tc": "望后石",
    "name_en": "Pillar Point",
    "ref": "K52A"
   }
  },
  {
   "type": "Feature",
   "geometry": {
    "type": "Point",
    "coordinates": [
     113.94371,
     22.366727
    ]
   },
   "properties": {
    "station_id": "K52A-U110",
    "route": "K52A",
    "dir": "O",
    "seq": 12,
    "name_tc": "政府車場",
    "name_en": "Government Depot",
    "ref": "K52A"
   }
  },
  {
   "type": "Feature",
   "geometry": {
    "type": "Point",
    "coordinates": [
     113.93822,
     22.36857
    ]
   },
   "properties": {
    "station_id": "K52A-U120",
    "route": "K52A",
    "dir": "O",
    "seq": 13,
    "name_tc": "內河碼頭",
    "name_en": "River Trade Terminal",
    "ref": "K52A"
   }
  },
  {
   "type": "Feature",
   "geometry": {
    "type": "Point",
    "coordinates": [
     113.93403,
     22.36999
    ]
   },
   "properties": {
    "station_id": "K52A-U130",
    "route": "K52A",
    "dir": "O",
    "seq": 14,
    "name_tc": "環保園",
    "name_en": "EcoPark",
    "ref": "K52A"
   }
  },
  {
   "type": "Feature",
   "geometry": {
    "type": "Point",
    "coordinates": [
     113.92874,
     22.36995
    ]
   },
   "properties": {
    "station_id": "K52A-U140",
    "route": "K52A",
    "dir": "O",
    "seq": 15,
    "name_tc": "紹榮鋼鐵",
    "name_en": "Shiu Wing Steel Mill",
    "ref": "K52A"
   }
  },
  {
   "type": "Feature",
   "geometry": {
    "type": "Point",
    "coordinates": [
     113.921122,
     22.386382
    ]
   },
   "properties": {
    "station_id": "K52A-U150",
    "route": "K52A",
    "dir": "O",
    "seq": 16,
    "name_tc": "沙埔崗312號",
    "name_en": "No.312 Sha Po Kong",
    "ref": "K52A"
   }
  },
  {
   "type": "Feature",
   "geometry": {
    "type": "Point",
    "coordinates": [
     113.920786,
     22.388034
    ]
   },
   "properties": {
    "station_id": "K52A-U160",
    "route": "K52A",
    "dir": "O",
    "seq": 17,
    "name_tc": "沙埔崗177號",
    "name_en": "No.177 Sha Po Kong",
    "ref": "K52A"
   }
  },
  {
   "type": "Feature",
   "geometry": {
    "type": "Point",
    "coordinates": [
     113.920224,
     22.389307
    ]
   },
   "properties": {
    "station_id": "K52A-U170",
    "route": "K52A",
    "dir": "O",
    "seq": 18,
    "name_tc": "沙埔崗127號",
    "name_en": "No.127 Sha Po Kong",
    "ref": "K52A"
   }
  },
  {
   "type": "Feature",
   "geometry": {
    "type": "Point",
    "coordinates": [
     113.919644,
     22.420002
    ]
   },
   "properties": {
    "station_id": "K52A-U180",
    "route": "K52A",
    "dir": "O",
    "seq": 19,
    "name_tc": "曾咀 (曾咀靈灰安置所)",
    "name_en": "Tsang Tsui (Tsang Tsui Columbarium)",
    "ref": "K52A"
   }
  },
  {
   "type": "Feature",
   "geometry": {
    "type": "Point",
    "coordinates": [
     113.919644,
     22.420002
    ]
   },
   "properties": {
    "station_id": "K52A-D010",
    "route": "K52A",
    "dir": "I",
    "seq": 1,
    "name_tc": "曾咀 (曾咀靈灰安置所)",
    "name_en": "Tsang Tsui (Tsang Tsui Columbarium)",
    "ref": "K52A"
   }
  },
  {
   "type": "Feature",
   "geometry": {
    "type": "Point",
    "coordinates": [
     113.920301,
     22.389103
    ]
   },
   "properties": {
    "station_id": "K52A-D020",
    "route": "K52A",
    "dir": "I",
    "seq": 2,
    "name_tc": "沙埔崗127號",
    "name_en": "No.127 Sha Po Kong",
    "ref": "K52A"
   }
  },
  {
   "type": "Feature",
   "geometry": {
    "type": "Point",
    "coordinates": [
     113.920786,
     22.388058
    ]
   },
   "properties": {
    "station_id": "K52A-D030",
    "route": "K52A",
    "dir": "I",
    "seq": 3,
    "name_tc": "沙埔崗177號",
    "name_en": "No.177 Sha Po Kong",
    "ref": "K52A"
   }
  },
  {
   "type": "Feature",
   "geometry": {
    "type": "Point",
    "coordinates": [
     113.921158,
     22.386623
    ]
   },
   "properties": {
    "station_id": "K52A-D040",
    "route": "K52A",
    "dir": "I",
    "seq": 4,
    "name_tc": "沙埔崗288號",
    "name_en": "No.288 Sha Po Kong",
    "ref": "K52A"
   }
  },
  {
   "type": "Feature",
   "geometry": {
    "type": "Point",
    "coordinates": [
     113.921257,
     22.385511
    ]
   },
   "properties": {
    "station_id": "K52A-D050",
    "route": "K52A",
    "dir": "I",
    "seq": 5,
    "name_tc": "沙埔崗351號",
    "name_en": "No.351 Sha Po Kong",
    "ref": "K52A"
   }
  },
  {
   "type": "Feature",
   "geometry": {
    "type": "Point",
    "coordinates": [
     113.92102,
     22.38252
    ]
   },
   "properties": {
    "station_id": "K52A-D060",
    "route": "K52A",
    "dir": "I",
    "seq": 6,
    "name_tc": "中電 A廠",
    "name_en": "CLP (Plant A)",
    "ref": "K52A"
   }
  },
  {
   "type": "Feature",
   "geometry": {
    "type": "Point",
    "coordinates": [
     113.92898,
     22.37012
    ]
   },
   "properties": {
    "station_id": "K52A-D070",
    "route": "K52A",
    "dir": "I",
    "seq": 7,
    "name_tc": "紹榮鋼鐵",
    "name_en": "Shiu Wing Steel Mill",
    "ref": "K52A"
   }
  },
  {
   "type": "Feature",
   "geometry": {
    "type": "Point",
    "coordinates": [
     113.93439,
     22.37001
    ]
   },
   "properties": {
    "station_id": "K52A-D080",
    "route": "K52A",
    "dir": "I",
    "seq": 8,
    "name_tc": "環保園",
    "name_en": "EcoPark",
    "ref": "K52A"
   }
  },
  {
   "type": "Feature",
   "geometry": {
    "type": "Point",
    "coordinates": [
     113.938063,
     22.36855
    ]
   },
   "properties": {
    "station_id": "K52A-D090",
    "route": "K52A",
    "dir": "I",
    "seq": 9,
    "name_tc": "內河碼頭",
    "name_en": "River Trade Terminal",
    "ref": "K52A"
   }
  },
  {
   "type": "Feature",
   "geometry": {
    "type": "Point",
    "coordinates": [
     113.944272,
     22.366875
    ]
   },
   "properties": {
    "station_id": "K52A-D100",
    "route": "K52A",
    "dir": "I",
    "seq": 10,
    "name_tc": "政府車場",
    "name_en": "Government Depot",
    "ref": "K52A"
   }
  },
  {
   "type": "Feature",
   "geometry": {
    "type": "Point",
    "coordinates": [
     113.948837,
     22.368667
    ]
   },
   "properties": {
    "station_id": "K52A-D110",
    "route": "K52A",
    "dir": "I",
    "seq": 11,
    "name_tc": "望后石",
    "name_en": "Pillar Point",
    "ref": "K52A"
   }
  },
  {
   "type": "Feature",
   "geometry": {
    "type": "Point",
    "coordinates": [
     113.954631,
     22.3729
    ]
   },
   "properties": {
    "station_id": "K52A-D120",
    "route": "K52A",
    "dir": "I",
    "seq": 12,
    "name_tc": "蝴蝶灣公園",
    "name_en": "Butterfly Beach Park",
    "ref": "K52A"
   }
  },
  {
   "type": "Feature",
   "geometry": {
    "type": "Point",
    "coordinates": [
     113.958583,
     22.375258
    ]
   },
   "properties": {
    "station_id": "K52A-D130",
    "route": "K52A",
    "dir": "I",
    "seq": 13,
    "name_tc": "屯門公眾騎術學校",
    "name_en": "Tuen Mun Public Riding School",
    "ref": "K52A"
   }
  },
  {
   "type": "Feature",
   "geometry": {
    "type": "Point",
    "coordinates": [
     113.961955,
     22.378359
    ]
   },
   "properties": {
    "station_id": "K52A-D140",
    "route": "K52A",
    "dir": "I",
    "seq": 14,
    "name_tc": "輕鐵蝴蝶站",
    "name_en": "LR Butterfly Stop",
    "ref": "K52A"
   }
  },
  {
   "type": "Feature",
   "geometry": {
    "type": "Point",
    "coordinates": [
     113.96359,
     22.382203
    ]
   },
   "properties": {
    "station_id": "K52A-D150",
    "route": "K52A",
    "dir": "I",
    "seq": 15,
    "name_tc": "輕鐵車廠站",
    "name_en": "Light Rail Depot Stop",
    "ref": "K52A"
   }
  },
  {
   "type": "Feature",
   "geometry": {
    "type": "Point",
    "coordinates": [
     113.965222,
     22.385399
    ]
   },
   "properties": {
    "station_id": "K52A-D160",
    "route": "K52A",
    "dir": "I",
    "seq": 16,
    "name_tc": "輕鐵龍門站",
    "name_en": "LR Lung Mun Stop",
    "ref": "K52A"
   }
  },
  {
   "type": "Feature",
   "geometry": {
    "type": "Point",
    "coordinates": [
     113.96752,
     22.393627
    ]
   },
   "properties": {
    "station_id": "K52A-D170",
    "route": "K52A",
    "dir": "I",
    "seq": 17,
    "name_tc": "輕鐵青雲站",
    "name_en": "LR Tsing Wun Stop",
    "ref": "K52A"
   }
  },
  {
   "type": "Feature",
   "geometry": {
    "type": "Point",
    "coordinates": [
     113.969953,
     22.395064
    ]
   },
   "properties": {
    "station_id": "K52A-D180",
    "route": "K52A",
    "dir": "I",
    "seq": 18,
    "name_tc": "輕鐵建安站",
    "name_en": "LR Kin On Stop",
    "ref": "K52A"
   }
  },
  {
   "type": "Feature",
   "geometry": {
    "type": "Point",
    "coordinates": [
     113.973358,
     22.394225
    ]
   },
   "properties": {
    "station_id": "K52A-D190",
    "route": "K52A",
    "dir": "I",
    "seq": 19,
    "name_tc": "屯門站 (輕鐵屯門站)",
    "name_en": "Tuen Mun Station (LR Tuen Mun Stop)",
    "ref": "K52A"
   }
  },
  {
   "type": "Feature",
   "geometry": {
    "type": "Point",
    "coordinates": [
     113.973358,
     22.394225
    ]
   },
   "properties": {
    "station_id": "K53-U010",
    "route": "K53",
    "dir": "O",
    "seq": 1,
    "name_tc": "屯門站 (輕鐵屯門站)",
    "name_en": "Tuen Mun Station (LR Tuen Mun Stop)",
    "ref": "K53"
   }
  },
  {
   "type": "Feature",
   "geometry": {
    "type": "Point",
    "coordinates": [
     113.975435,
     22.391543
    ]
   },
   "properties": {
    "station_id": "K53-U020",
    "route": "K53",
    "dir": "O",
    "seq": 2,
    "name_tc": "屯門市中心",
    "name_en": "Tuen Mun Town Centre",
    "ref": "K53"
   }
  },
  {
   "type": "Feature",
   "geometry": {
    "type": "Point",
    "coordinates": [
     113.978751,
     22.390622
    ]
   },
   "properties": {
    "station_id": "K53-U030",
    "route": "K53",
    "dir": "O",
    "seq": 3,
    "name_tc": "屯門官立中學",
    "name_en": "Tuen Mun Government Secondary School",
    "ref": "K53"
   }
  },
  {
   "type": "Feature",
   "geometry": {
    "type": "Point",
    "coordinates": [
     113.980762,
     22.387719
    ]
   },
   "properties": {
    "station_id": "K53-U040",
    "route": "K53",
    "dir": "O",
    "seq": 4,
    "name_tc": "恒順園",
    "name_en": "Handsome Court",
    "ref": "K53"
   }
  },
  {
   "type": "Feature",
   "geometry": {
    "type": "Point",
    "coordinates": [
     113.981068,
     22.385247
    ]
   },
   "properties": {
    "station_id": "K53-U050",
    "route": "K53",
    "dir": "O",
    "seq": 5,
    "name_tc": "恒豐園",
    "name_en": "Harvest Garden",
    "ref": "K53"
   }
  },
  {
   "type": "Feature",
   "geometry": {
    "type": "Point",
    "coordinates": [
     113.978847,
     22.381732
    ]
   },
   "properties": {
    "station_id": "K53-U060",
    "route": "K53",
    "dir": "O",
    "seq": 6,
    "name_tc": "三聖邨",
    "name_en": "Sam Shing Estate",
    "ref": "K53"
   }
  },
  {
   "type": "Feature",
   "geometry": {
    "type": "Point",
    "coordinates": [
     113.980763,
     22.378923
    ]
   },
   "properties": {
    "station_id": "K53-U070",
    "route": "K53",
    "dir": "O",
    "seq": 7,
    "name_tc": "青山灣",
    "name_en": "Castle Peak Beach",
    "ref": "K53"
   }
  },
  {
   "type": "Feature",
   "geometry": {
    "type": "Point",
    "coordinates": [
     113.983564,
     22.377877
    ]
   },
   "properties": {
    "station_id": "K53-U080",
    "route": "K53",
    "dir": "O",
    "seq": 8,
    "name_tc": "海景花園",
    "name_en": "Seaview Garden",
    "ref": "K53"
   }
  },
  {
   "type": "Feature",
   "geometry": {
    "type": "Point",
    "coordinates": [
     113.986745,
     22.374926
    ]
   },
   "properties": {
    "station_id": "K53-U090",
    "route": "K53",
    "dir": "O",
    "seq": 9,
    "name_tc": "咖啡灣",
    "name_en": "Cafeteria Beach",
    "ref": "K53"
   }
  },
  {
   "type": "Feature",
   "geometry": {
    "type": "Point",
    "coordinates": [
     113.990848,
     22.373785
    ]
   },
   "properties": {
    "station_id": "K53-U100",
    "route": "K53",
    "dir": "O",
    "seq": 10,
    "name_tc": "黃金泳灘",
    "name_en": "Golden Beach",
    "ref": "K53"
   }
  },
  {
   "type": "Feature",
   "geometry": {
    "type": "Point",
    "coordinates": [
     113.993608,
     22.372048
    ]
   },
   "properties": {
    "station_id": "K53-U110",
    "route": "K53",
    "dir": "O",
    "seq": 11,
    "name_tc": "香港黃金海岸",
    "name_en": "Hong Kong Gold Coast",
    "ref": "K53"
   }
  },
  {
   "type": "Feature",
   "geometry": {
    "type": "Point",
    "coordinates": [
     113.9954,
     22.371605
    ]
   },
   "properties": {
    "station_id": "K53-U120",
    "route": "K53",
    "dir": "O",
    "seq": 12,
    "name_tc": "愛琴海岸",
    "name_en": "Aegean Coast",
    "ref": "K53"
   }
  },
  {
   "type": "Feature",
   "geometry": {
    "type": "Point",
    "coordinates": [
     113.996144,
     22.373878
    ]
   },
   "properties": {
    "station_id": "K53-U130",
    "route": "K53",
    "dir": "O",
    "seq": 13,
    "name_tc": "掃管笏變電站",
    "name_en": "So Kwun Wat Sub-station",
    "ref": "K53"
   }
  },
  {
   "type": "Feature",
   "geometry": {
    "type": "Point",
    "coordinates": [
     113.999829,
     22.375743
    ]
   },
   "properties": {
    "station_id": "K53-U140",
    "route": "K53",
    "dir": "O",
    "seq": 14,
    "name_tc": "掃管笏村",
    "name_en": "So Kwun Wat Tsuen",
    "ref": "K53"
   }
  },
  {
   "type": "Feature",
   "geometry": {
    "type": "Point",
    "coordinates": [
     114.003593,
     22.372023
    ]
   },
   "properties": {
    "station_id": "K53-D010",
    "route": "K53",
    "dir": "O",
    "seq": 15,
    "name_tc": "掃管笏 (鄭任安夫人千禧小學)",
    "name_en": "So Kwun Wat (Mrs. Cheng Yam On Millennium School)",
    "ref": "K53"
   }
  },
  {
   "type": "Feature",
   "geometry": {
    "type": "Point",
    "coordinates": [
     114.002295,
     22.374216
    ]
   },
   "properties": {
    "station_id": "K53-D015",
    "route": "K53",
    "dir": "O",
    "seq": 16,
    "name_tc": "掃管笏路",
    "name_en": "So Kwun Wat Road",
    "ref": "K53"
   }
  },
  {
   "type": "Feature",
   "geometry": {
    "type": "Point",
    "coordinates": [
     113.999513,
     22.373699
    ]
   },
   "properties": {
    "station_id": "K53-D020",
    "route": "K53",
    "dir": "O",
    "seq": 17,
    "name_tc": "管翠路8號",
    "name_en": "8 Kwun Chui Road",
    "ref": "K53"
   }
  },
  {
   "type": "Feature",
   "geometry": {
    "type": "Point",
    "coordinates": [
     113.997707,
     22.375123
    ]
   },
   "properties": {
    "station_id": "K53-D030",
    "route": "K53",
    "dir": "O",
    "seq": 18,
    "name_tc": "管翠路",
    "name_en": "Kwun Chui Road",
    "ref": "K53"
   }
  },
  {
   "type": "Feature",
   "geometry": {
    "type": "Point",
    "coordinates": [
     113.995381,
     22.371473
    ]
   },
   "properties": {
    "station_id": "K53-D040",
    "route": "K53",
    "dir": "O",
    "seq": 19,
    "name_tc": "愛琴海岸",
    "name_en": "Aegean Coast",
    "ref": "K53"
   }
  },
  {
   "type": "Feature",
   "geometry": {
    "type": "Point",
    "coordinates": [
     113.993906,
     22.371294
    ]
   },
   "properties": {
    "station_id": "K53-D050",
    "route": "K53",
    "dir": "O",
    "seq": 20,
    "name_tc": "香港黃金海岸",
    "name_en": "Hong Kong Gold Coast",
    "ref": "K53"
   }
  },
  {
   "type": "Feature",
   "geometry": {
    "type": "Point",
    "coordinates": [
     113.991237,
     22.373653
    ]
   },
   "properties": {
    "station_id": "K53-D060",
    "route": "K53",
    "dir": "O",
    "seq": 21,
    "name_tc": "黃金泳灘",
    "name_en": "Golden Beach",
    "ref": "K53"
   }
  },
  {
   "type": "Feature",
   "geometry": {
    "type": "Point",
    "coordinates": [
     113.985662,
     22.375924
    ]
   },
   "properties": {
    "station_id": "K53-D070",
    "route": "K53",
    "dir": "O",
    "seq": 22,
    "name_tc": "咖啡灣",
    "name_en": "Cafeteria Beach",
    "ref": "K53"
   }
  },
  {
   "type": "Feature",
   "geometry": {
    "type": "Point",
    "coordinates": [
     113.983293,
     22.377941
    ]
   },
   "properties": {
    "station_id": "K53-D080",
    "route": "K53",
    "dir": "O",
    "seq": 23,
    "name_tc": "碧翠花園",
    "name_en": "Bayview Terrace",
    "ref": "K53"
   }
  },
  {
   "type": "Feature",
   "geometry": {
    "type": "Point",
    "coordinates": [
     113.980609,
     22.378954
    ]
   },
   "properties": {
    "station_id": "K53-D090",
    "route": "K53",
    "dir": "O",
    "seq": 24,
    "name_tc": "青山灣碼頭",
    "name_en": "Castle Peak Bay Pier",
    "ref": "K53"
   }
  },
  {
   "type": "Feature",
   "geometry": {
    "type": "Point",
    "coordinates": [
     113.979119,
     22.381245
    ]
   },
   "properties": {
    "station_id": "K53-D100",
    "route": "K53",
    "dir": "O",
    "seq": 25,
    "name_tc": "三聖邨",
    "name_en": "Sam Shing Estate",
    "ref": "K53"
   }
  },
  {
   "type": "Feature",
   "geometry": {
    "type": "Point",
    "coordinates": [
     113.977158,
     22.382079
    ]
   },
   "properties": {
    "station_id": "K53-D110",
    "route": "K53",
    "dir": "O",
    "seq": 26,
    "name_tc": "恆福花園 (輕鐵三聖站)",
    "name_en": "Hanford Garden (LR Sam Shing Stop)",
    "ref": "K53"
   }
  },
  {
   "type": "Feature",
   "geometry": {
    "type": "Point",
    "coordinates": [
     113.97939,
     22.383774
    ]
   },
   "properties": {
    "station_id": "K53-D120",
    "route": "K53",
    "dir": "O",
    "seq": 27,
    "name_tc": "胡陳金枝中學",
    "name_en": "Mrs Aw Boon Haw Secondary School",
    "ref": "K53"
   }
  },
  {
   "type": "Feature",
   "geometry": {
    "type": "Point",
    "coordinates": [
     113.980641,
     22.38463
    ]
   },
   "properties": {
    "station_id": "K53-D130",
    "route": "K53",
    "dir": "O",
    "seq": 28,
    "name_tc": "青善遊樂場",
    "name_en": "Tsing Sin Playground",
    "ref": "K53"
   }
  },
  {
   "type": "Feature",
   "geometry": {
    "type": "Point",
    "coordinates": [
     113.980668,
     22.387328
    ]
   },
   "properties": {
    "station_id": "K53-D140",
    "route": "K53",
    "dir": "O",
    "seq": 29,
    "name_tc": "置樂花園",
    "name_en": "Chi Lok Fa Yuen",
    "ref": "K53"
   }
  },
  {
   "type": "Feature",
   "geometry": {
    "type": "Point",
    "coordinates": [
     113.978855,
     22.390452
    ]
   },
   "properties": {
    "station_id": "K53-D150",
    "route": "K53",
    "dir": "O",
    "seq": 30,
    "name_tc": "屯門官立中學",
    "name_en": "Tuen Mun Government Secondary School",
    "ref": "K53"
   }
  },
  {
   "type": "Feature",
   "geometry": {
    "type": "Point",
    "coordinates": [
     113.975082,
     22.392116
    ]
   },
   "properties": {
    "station_id": "K53-D160",
    "route": "K53",
    "dir": "O",
    "seq": 31,
    "name_tc": "輕鐵市中心站",
    "name_en": "LR Town Centre Stop",
    "ref": "K53"
   }
  },
  {
   "type": "Feature",
   "geometry": {
    "type": "Point",
    "coordinates": [
     113.973358,
     22.394225
    ]
   },
   "properties": {
    "station_id": "K53-U011",
    "route": "K53",
    "dir": "O",
    "seq": 32,
    "name_tc": "屯門站 (輕鐵屯門站)",
    "name_en": "Tuen Mun Station (LR Tuen Mun Stop)",
    "ref": "K53"
   }
  },
  {
   "type": "Feature",
   "geometry": {
    "type": "Point",
    "coordinates": [
     113.973358,
     22.394225
    ]
   },
   "properties": {
    "station_id": "K53S-U010",
    "route": "K53S",
    "dir": "O",
    "seq": 1,
    "name_tc": "屯門站 ",
    "name_en": "Tuen Mun Station ",
    "ref": "K53S"
   }
  },
  {
   "type": "Feature",
   "geometry": {
    "type": "Point",
    "coordinates": [
     113.971547,
     22.391668
    ]
   },
   "properties": {
    "station_id": "K53S-U020",
    "route": "K53S",
    "dir": "O",
    "seq": 2,
    "name_tc": "天后路",
    "name_en": "Tin Hau Road",
    "ref": "K53S"
   }
  },
  {
   "type": "Feature",
   "geometry": {
    "type": "Point",
    "coordinates": [
     113.97015,
     22.38814
    ]
   },
   "properties": {
    "station_id": "K53S-U030",
    "route": "K53S",
    "dir": "O",
    "seq": 3,
    "name_tc": "業旺邨",
    "name_en": "Yip Wong Estate",
    "ref": "K53S"
   }
  },
  {
   "type": "Feature",
   "geometry": {
    "type": "Point",
    "coordinates": [
     113.973358,
     22.394225
    ]
   },
   "properties": {
    "station_id": "K53S-U040",
    "route": "K53S",
    "dir": "O",
    "seq": 4,
    "name_tc": "屯門站 ",
    "name_en": "Tuen Mun Station ",
    "ref": "K53S"
   }
  },
  {
   "type": "Feature",
   "geometry": {
    "type": "Point",
    "coordinates": [
     113.9686386,
     22.41295362
    ]
   },
   "properties": {
    "station_id": "K54-U010",
    "route": "K54",
    "dir": "O",
    "seq": 1,
    "name_tc": "和田邨",
    "name_en": "Wo Tin Estate",
    "ref": "K54"
   }
  },
  {
   "type": "Feature",
   "geometry": {
    "type": "Point",
    "coordinates": [
     113.9705794,
     22.41229368
    ]
   },
   "properties": {
    "station_id": "K54-U020",
    "route": "K54",
    "dir": "O",
    "seq": 2,
    "name_tc": "菁田邨",
    "name_en": "Ching Tin Estate",
    "ref": "K54"
   }
  },
  {
   "type": "Feature",
   "geometry": {
    "type": "Point",
    "coordinates": [
     113.9738808,
     22.41439481
    ]
   },
   "properties": {
    "station_id": "K54-U030",
    "route": "K54",
    "dir": "O",
    "seq": 3,
    "name_tc": "紫田村",
    "name_en": "Tsz Tin Tsuen",
    "ref": "K54"
   }
  },
  {
   "type": "Feature",
   "geometry": {
    "type": "Point",
    "coordinates": [
     113.97701,
     22.41435
    ]
   },
   "properties": {
    "station_id": "K54-U040",
    "route": "K54",
    "dir": "O",
    "seq": 4,
    "name_tc": "欣田邨",
    "name_en": "Yan Tin Estate",
    "ref": "K54"
   }
  },
  {
   "type": "Feature",
   "geometry": {
    "type": "Point",
    "coordinates": [
     113.97902,
     22.4134
    ]
   },
   "properties": {
    "station_id": "K54-U050",
    "route": "K54",
    "dir": "O",
    "seq": 5,
    "name_tc": "港鐵兆康站 (北) (輕鐵兆康站)",
    "name_en": "MTR Siu Hong Station (North) (LR Siu Hong Stop)",
    "ref": "K54"
   }
  },
  {
   "type": "Feature",
   "geometry": {
    "type": "Point",
    "coordinates": [
     113.977489,
     22.40199647
    ]
   },
   "properties": {
    "station_id": "K54-U060",
    "route": "K54",
    "dir": "O",
    "seq": 6,
    "name_tc": "紅橋",
    "name_en": "Hung Kiu",
    "ref": "K54"
   }
  },
  {
   "type": "Feature",
   "geometry": {
    "type": "Point",
    "coordinates": [
     113.975465,
     22.391389
    ]
   },
   "properties": {
    "station_id": "K54-U070",
    "route": "K54",
    "dir": "O",
    "seq": 7,
    "name_tc": "屯門市中心",
    "name_en": "Tuen Mun Town Centre",
    "ref": "K54"
   }
  },
  {
   "type": "Feature",
   "geometry": {
    "type": "Point",
    "coordinates": [
     113.9769618,
     22.39272978
    ]
   },
   "properties": {
    "station_id": "K54-D010",
    "route": "K54",
    "dir": "O",
    "seq": 8,
    "name_tc": "屯門市廣場",
    "name_en": "Tuen Mun Town Plaza",
    "ref": "K54"
   }
  },
  {
   "type": "Feature",
   "geometry": {
    "type": "Point",
    "coordinates": [
     113.9766028,
     22.3989419
    ]
   },
   "properties": {
    "station_id": "K54-D020",
    "route": "K54",
    "dir": "O",
    "seq": 9,
    "name_tc": "新墟街市",
    "name_en": "San Hui Market",
    "ref": "K54"
   }
  },
  {
   "type": "Feature",
   "geometry": {
    "type": "Point",
    "coordinates": [
     113.9791,
     22.41357
    ]
   },
   "properties": {
    "station_id": "K54-D030",
    "route": "K54",
    "dir": "O",
    "seq": 10,
    "name_tc": "港鐵兆康站 (北) (輕鐵兆康站)",
    "name_en": "MTR Siu Hong Station (North) (LR Siu Hong Stop)",
    "ref": "K54"
   }
  },
  {
   "type": "Feature",
   "geometry": {
    "type": "Point",
    "coordinates": [
     113.977412,
     22.414907
    ]
   },
   "properties": {
    "station_id": "K54-D040",
    "route": "K54",
    "dir": "O",
    "seq": 11,
    "name_tc": "兆康苑",
    "name_en": "Siu Hong Court",
    "ref": "K54"
   }
  },
  {
   "type": "Feature",
   "geometry": {
    "type": "Point",
    "coordinates": [
     113.9723357,
     22.41309916
    ]
   },
   "properties": {
    "station_id": "K54-D050",
    "route": "K54",
    "dir": "O",
    "seq": 12,
    "name_tc": "欣寶路公共運輸交匯處",
    "name_en": "Yan Po Road Public Transport Interchange",
    "ref": "K54"
   }
  },
  {
   "type": "Feature",
   "geometry": {
    "type": "Point",
    "coordinates": [
     113.9703303,
     22.41197411
    ]
   },
   "properties": {
    "station_id": "K54-D060",
    "route": "K54",
    "dir": "O",
    "seq": 13,
    "name_tc": "菁田邨",
    "name_en": "Ching Tin Estate",
    "ref": "K54"
   }
  },
  {
   "type": "Feature",
   "geometry": {
    "type": "Point",
    "coordinates": [
     113.9686386,
     22.41295362
    ]
   },
   "properties": {
    "station_id": "K54-D070",
    "route": "K54",
    "dir": "O",
    "seq": 14,
    "name_tc": "和田邨",
    "name_en": "Wo Tin Estate",
    "ref": "K54"
   }
  },
  {
   "type": "Feature",
   "geometry": {
    "type": "Point",
    "coordinates": [
     113.9686386,
     22.41295362
    ]
   },
   "properties": {
    "station_id": "K54A-U010",
    "route": "K54A",
    "dir": "O",
    "seq": 1,
    "name_tc": "和田邨",
    "name_en": "Wo Tin Estate",
    "ref": "K54A"
   }
  },
  {
   "type": "Feature",
   "geometry": {
    "type": "Point",
    "coordinates": [
     113.9705794,
     22.41229368
    ]
   },
   "properties": {
    "station_id": "K54A-U020",
    "route": "K54A",
    "dir": "O",
    "seq": 2,
    "name_tc": "菁田邨",
    "name_en": "Ching Tin Estate",
    "ref": "K54A"
   }
  },
  {
   "type": "Feature",
   "geometry": {
    "type": "Point",
    "coordinates": [
     113.9738808,
     22.41439481
    ]
   },
   "properties": {
    "station_id": "K54A-U030",
    "route": "K54A",
    "dir": "O",
    "seq": 3,
    "name_tc": "紫田村",
    "name_en": "Tsz Tin Tsuen",
    "ref": "K54A"
   }
  },
  {
   "type": "Feature",
   "geometry": {
    "type": "Point",
    "coordinates": [
     113.97701,
     22.41435
    ]
   },
   "properties": {
    "station_id": "K54A-U040",
    "route": "K54A",
    "dir": "O",
    "seq": 4,
    "name_tc": "欣田邨",
    "name_en": "Yan Tin Estate",
    "ref": "K54A"
   }
  },
  {
   "type": "Feature",
   "geometry": {
    "type": "Point",
    "coordinates": [
     113.97902,
     22.4134
    ]
   },
   "properties": {
    "station_id": "K54A-U050",
    "route": "K54A",
    "dir": "O",
    "seq": 5,
    "name_tc": "港鐵兆康站 (北) (輕鐵兆康站)",
    "name_en": "MTR Siu Hong Station (North) (LR Siu Hong Stop)",
    "ref": "K54A"
   }
  },
  {
   "type": "Feature",
   "geometry": {
    "type": "Point",
    "coordinates": [
     113.97902,
     22.4134
    ]
   },
   "properties": {
    "station_id": "K54A-D010",
    "route": "K54A",
    "dir": "I",
    "seq": 1,
    "name_tc": "港鐵兆康站 (北) (輕鐵兆康站)",
    "name_en": "MTR Siu Hong Station (North) (LR Siu Hong Stop)",
    "ref": "K54A"
   }
  },
  {
   "type": "Feature",
   "geometry": {
    "type": "Point",
    "coordinates": [
     113.977412,
     22.414907
    ]
   },
   "properties": {
    "station_id": "K54A-D020",
    "route": "K54A",
    "dir": "I",
    "seq": 2,
    "name_tc": "兆康苑",
    "name_en": "Siu Hong Court",
    "ref": "K54A"
   }
  },
  {
   "type": "Feature",
   "geometry": {
    "type": "Point",
    "coordinates": [
     113.9723357,
     22.41309916
    ]
   },
   "properties": {
    "station_id": "K54A-D030",
    "route": "K54A",
    "dir": "I",
    "seq": 3,
    "name_tc": "欣寶路公共運輸交匯處",
    "name_en": "Yan Po Road Public Transport Interchange",
    "ref": "K54A"
   }
  },
  {
   "type": "Feature",
   "geometry": {
    "type": "Point",
    "coordinates": [
     113.9703303,
     22.41197411
    ]
   },
   "properties": {
    "station_id": "K54A-D040",
    "route": "K54A",
    "dir": "I",
    "seq": 4,
    "name_tc": "菁田邨",
    "name_en": "Ching Tin Estate",
    "ref": "K54A"
   }
  },
  {
   "type": "Feature",
   "geometry": {
    "type": "Point",
    "coordinates": [
     113.9686386,
     22.41295362
    ]
   },
   "properties": {
    "station_id": "K54A-D050",
    "route": "K54A",
    "dir": "I",
    "seq": 5,
    "name_tc": "和田邨",
    "name_en": "Wo Tin Estate",
    "ref": "K54A"
   }
  },
  {
   "type": "Feature",
   "geometry": {
    "type": "Point",
    "coordinates": [
     113.982949,
     22.412815
    ]
   },
   "properties": {
    "station_id": "K58-U010",
    "route": "K58",
    "dir": "O",
    "seq": 1,
    "name_tc": "富泰",
    "name_en": "Fu Tai",
    "ref": "K58"
   }
  },
  {
   "type": "Feature",
   "geometry": {
    "type": "Point",
    "coordinates": [
     113.98378,
     22.412004
    ]
   },
   "properties": {
    "station_id": "K58-U020",
    "route": "K58",
    "dir": "O",
    "seq": 2,
    "name_tc": "聚康山莊",
    "name_en": "Beneville",
    "ref": "K58"
   }
  },
  {
   "type": "Feature",
   "geometry": {
    "type": "Point",
    "coordinates": [
     113.982387,
     22.41059
    ]
   },
   "properties": {
    "station_id": "K58-U023",
    "route": "K58",
    "dir": "O",
    "seq": 3,
    "name_tc": "嶺南大學",
    "name_en": "Lingnan University",
    "ref": "K58"
   }
  },
  {
   "type": "Feature",
   "geometry": {
    "type": "Point",
    "coordinates": [
     113.980046,
     22.408575
    ]
   },
   "properties": {
    "station_id": "K58-U026",
    "route": "K58",
    "dir": "O",
    "seq": 4,
    "name_tc": "彩暉花園",
    "name_en": "Brilliant Garden",
    "ref": "K58"
   }
  },
  {
   "type": "Feature",
   "geometry": {
    "type": "Point",
    "coordinates": [
     113.978583,
     22.410247
    ]
   },
   "properties": {
    "station_id": "K58-U030",
    "route": "K58",
    "dir": "O",
    "seq": 5,
    "name_tc": "港鐵兆康站 (南) (輕鐵兆康站)",
    "name_en": "MTR Siu Hong Station (South) (LR Siu Hong Stop)",
    "ref": "K58"
   }
  },
  {
   "type": "Feature",
   "geometry": {
    "type": "Point",
    "coordinates": [
     113.976951,
     22.4137
    ]
   },
   "properties": {
    "station_id": "K58-U040",
    "route": "K58",
    "dir": "O",
    "seq": 6,
    "name_tc": "兆康苑",
    "name_en": "Siu Hong Court",
    "ref": "K58"
   }
  },
  {
   "type": "Feature",
   "geometry": {
    "type": "Point",
    "coordinates": [
     113.976505,
     22.41013
    ]
   },
   "properties": {
    "station_id": "K58-U050",
    "route": "K58",
    "dir": "O",
    "seq": 7,
    "name_tc": "輕鐵麒麟站",
    "name_en": "LR Kei Lun Stop",
    "ref": "K58"
   }
  },
  {
   "type": "Feature",
   "geometry": {
    "type": "Point",
    "coordinates": [
     113.975571,
     22.408609
    ]
   },
   "properties": {
    "station_id": "K58-U060",
    "route": "K58",
    "dir": "O",
    "seq": 8,
    "name_tc": "屯門醫院",
    "name_en": "Tuen Mun Hospital",
    "ref": "K58"
   }
  },
  {
   "type": "Feature",
   "geometry": {
    "type": "Point",
    "coordinates": [
     113.971935,
     22.406276
    ]
   },
   "properties": {
    "station_id": "K58-U070",
    "route": "K58",
    "dir": "O",
    "seq": 9,
    "name_tc": "青松觀",
    "name_en": "Tsing Chung Koon",
    "ref": "K58"
   }
  },
  {
   "type": "Feature",
   "geometry": {
    "type": "Point",
    "coordinates": [
     113.968844,
     22.404952
    ]
   },
   "properties": {
    "station_id": "K58-U080",
    "route": "K58",
    "dir": "O",
    "seq": 10,
    "name_tc": "保良局莊啟程第二小學",
    "name_en": "PLK Vicwood K.T. Chong No.2 Primary School",
    "ref": "K58"
   }
  },
  {
   "type": "Feature",
   "geometry": {
    "type": "Point",
    "coordinates": [
     113.967008,
     22.405728
    ]
   },
   "properties": {
    "station_id": "K58-U090",
    "route": "K58",
    "dir": "O",
    "seq": 11,
    "name_tc": "何壽基小學",
    "name_en": "Ho Sau Kei Primary School",
    "ref": "K58"
   }
  },
  {
   "type": "Feature",
   "geometry": {
    "type": "Point",
    "coordinates": [
     113.964247,
     22.407089
    ]
   },
   "properties": {
    "station_id": "K58-U100",
    "route": "K58",
    "dir": "O",
    "seq": 12,
    "name_tc": "良景邨",
    "name_en": "Leung King Estate",
    "ref": "K58"
   }
  },
  {
   "type": "Feature",
   "geometry": {
    "type": "Point",
    "coordinates": [
     113.964648,
     22.405394
    ]
   },
   "properties": {
    "station_id": "K58-U110",
    "route": "K58",
    "dir": "O",
    "seq": 13,
    "name_tc": "輕鐵新圍站",
    "name_en": "LR San Wai Stop",
    "ref": "K58"
   }
  },
  {
   "type": "Feature",
   "geometry": {
    "type": "Point",
    "coordinates": [
     113.96805,
     22.401886
    ]
   },
   "properties": {
    "station_id": "K58-U120",
    "route": "K58",
    "dir": "O",
    "seq": 14,
    "name_tc": "輕鐵石排站",
    "name_en": "LR Shek Pai Stop",
    "ref": "K58"
   }
  },
  {
   "type": "Feature",
   "geometry": {
    "type": "Point",
    "coordinates": [
     113.967622,
     22.396961
    ]
   },
   "properties": {
    "station_id": "K58-U130",
    "route": "K58",
    "dir": "O",
    "seq": 15,
    "name_tc": "輕鐵鳴琴站",
    "name_en": "LR Ming Kum Stop",
    "ref": "K58"
   }
  },
  {
   "type": "Feature",
   "geometry": {
    "type": "Point",
    "coordinates": [
     113.969976,
     22.395021
    ]
   },
   "properties": {
    "station_id": "K58-U140",
    "route": "K58",
    "dir": "O",
    "seq": 16,
    "name_tc": "輕鐵建安站",
    "name_en": "LR Kin On Stop",
    "ref": "K58"
   }
  },
  {
   "type": "Feature",
   "geometry": {
    "type": "Point",
    "coordinates": [
     113.973358,
     22.394225
    ]
   },
   "properties": {
    "station_id": "K58-U150",
    "route": "K58",
    "dir": "O",
    "seq": 17,
    "name_tc": "港鐵屯門站",
    "name_en": "MTR Tuen Mun Station",
    "ref": "K58"
   }
  },
  {
   "type": "Feature",
   "geometry": {
    "type": "Point",
    "coordinates": [
     113.975465,
     22.391389
    ]
   },
   "properties": {
    "station_id": "K58-U160",
    "route": "K58",
    "dir": "O",
    "seq": 18,
    "name_tc": "屯門市中心",
    "name_en": "Tuen Mun Town Centre",
    "ref": "K58"
   }
  },
  {
   "type": "Feature",
   "geometry": {
    "type": "Point",
    "coordinates": [
     113.978795,
     22.390652
    ]
   },
   "properties": {
    "station_id": "K58-U170",
    "route": "K58",
    "dir": "O",
    "seq": 19,
    "name_tc": "屯門官立中學",
    "name_en": "Tuen Mun Government Secondary School",
    "ref": "K58"
   }
  },
  {
   "type": "Feature",
   "geometry": {
    "type": "Point",
    "coordinates": [
     113.980743,
     22.387795
    ]
   },
   "properties": {
    "station_id": "K58-U180",
    "route": "K58",
    "dir": "O",
    "seq": 20,
    "name_tc": "恒順園",
    "name_en": "Handsome Court",
    "ref": "K58"
   }
  },
  {
   "type": "Feature",
   "geometry": {
    "type": "Point",
    "coordinates": [
     113.981071,
     22.385271
    ]
   },
   "properties": {
    "station_id": "K58-U190",
    "route": "K58",
    "dir": "O",
    "seq": 21,
    "name_tc": "恒豐園",
    "name_en": "Harvest Garden",
    "ref": "K58"
   }
  },
  {
   "type": "Feature",
   "geometry": {
    "type": "Point",
    "coordinates": [
     113.978852,
     22.381705
    ]
   },
   "properties": {
    "station_id": "K58-U200",
    "route": "K58",
    "dir": "O",
    "seq": 22,
    "name_tc": "三聖邨",
    "name_en": "Sam Shing Estate",
    "ref": "K58"
   }
  },
  {
   "type": "Feature",
   "geometry": {
    "type": "Point",
    "coordinates": [
     113.980763,
     22.378923
    ]
   },
   "properties": {
    "station_id": "K58-U215",
    "route": "K58",
    "dir": "O",
    "seq": 23,
    "name_tc": "青山灣",
    "name_en": "Castle Peak Beach",
    "ref": "K58"
   }
  },
  {
   "type": "Feature",
   "geometry": {
    "type": "Point",
    "coordinates": [
     113.983564,
     22.377877
    ]
   },
   "properties": {
    "station_id": "K58-U220",
    "route": "K58",
    "dir": "O",
    "seq": 24,
    "name_tc": "海景花園",
    "name_en": "Seaview Garden",
    "ref": "K58"
   }
  },
  {
   "type": "Feature",
   "geometry": {
    "type": "Point",
    "coordinates": [
     113.986745,
     22.374926
    ]
   },
   "properties": {
    "station_id": "K58-U230",
    "route": "K58",
    "dir": "O",
    "seq": 25,
    "name_tc": "咖啡灣",
    "name_en": "Cafeteria Beach",
    "ref": "K58"
   }
  },
  {
   "type": "Feature",
   "geometry": {
    "type": "Point",
    "coordinates": [
     113.990848,
     22.373785
    ]
   },
   "properties": {
    "station_id": "K58-U240",
    "route": "K58",
    "dir": "O",
    "seq": 26,
    "name_tc": "黃金泳灘",
    "name_en": "Golden Beach",
    "ref": "K58"
   }
  },
  {
   "type": "Feature",
   "geometry": {
    "type": "Point",
    "coordinates": [
     113.993608,
     22.372048
    ]
   },
   "properties": {
    "station_id": "K58-U250",
    "route": "K58",
    "dir": "O",
    "seq": 27,
    "name_tc": "香港黃金海岸",
    "name_en": "Hong Kong Gold Coast",
    "ref": "K58"
   }
  },
  {
   "type": "Feature",
   "geometry": {
    "type": "Point",
    "coordinates": [
     113.9954,
     22.371605
    ]
   },
   "properties": {
    "station_id": "K58-U260",
    "route": "K58",
    "dir": "O",
    "seq": 28,
    "name_tc": "愛琴海岸",
    "name_en": "Aegean Coast",
    "ref": "K58"
   }
  },
  {
   "type": "Feature",
   "geometry": {
    "type": "Point",
    "coordinates": [
     113.996144,
     22.373878
    ]
   },
   "properties": {
    "station_id": "K58-U270",
    "route": "K58",
    "dir": "O",
    "seq": 29,
    "name_tc": "掃管笏變電站",
    "name_en": "So Kwun Wat Sub-station",
    "ref": "K58"
   }
  },
  {
   "type": "Feature",
   "geometry": {
    "type": "Point",
    "coordinates": [
     113.999829,
     22.375743
    ]
   },
   "properties": {
    "station_id": "K58-U280",
    "route": "K58",
    "dir": "O",
    "seq": 30,
    "name_tc": "掃管笏村",
    "name_en": "So Kwun Wat Tsuen",
    "ref": "K58"
   }
  },
  {
   "type": "Feature",
   "geometry": {
    "type": "Point",
    "coordinates": [
     114.003593,
     22.372023
    ]
   },
   "properties": {
    "station_id": "K58-U290",
    "route": "K58",
    "dir": "O",
    "seq": 31,
    "name_tc": "掃管笏 (鄭任安夫人千禧小學)",
    "name_en": "So Kwun Wat (Mrs. Cheng Yam On Millennium School)",
    "ref": "K58"
   }
  },
  {
   "type": "Feature",
   "geometry": {
    "type": "Point",
    "coordinates": [
     114.002295,
     22.374216
    ]
   },
   "properties": {
    "station_id": "K58-U300",
    "route": "K58",
    "dir": "O",
    "seq": 32,
    "name_tc": "掃管笏路",
    "name_en": "So Kwun Wat Road",
    "ref": "K58"
   }
  },
  {
   "type": "Feature",
   "geometry": {
    "type": "Point",
    "coordinates": [
     113.999513,
     22.373699
    ]
   },
   "properties": {
    "station_id": "K58-U310",
    "route": "K58",
    "dir": "O",
    "seq": 33,
    "name_tc": "管翠路8號",
    "name_en": "8 Kwun Chui Road",
    "ref": "K58"
   }
  },
  {
   "type": "Feature",
   "geometry": {
    "type": "Point",
    "coordinates": [
     113.997707,
     22.375123
    ]
   },
   "properties": {
    "station_id": "K58-U320",
    "route": "K58",
    "dir": "O",
    "seq": 34,
    "name_tc": "管翠路",
    "name_en": "Kwun Chui Road",
    "ref": "K58"
   }
  },
  {
   "type": "Feature",
   "geometry": {
    "type": "Point",
    "coordinates": [
     113.999829,
     22.375743
    ]
   },
   "properties": {
    "station_id": "K58-D001",
    "route": "K58",
    "dir": "I",
    "seq": 1,
    "name_tc": "掃管笏村",
    "name_en": "So Kwun Wat Tsuen",
    "ref": "K58"
   }
  },
  {
   "type": "Feature",
   "geometry": {
    "type": "Point",
    "coordinates": [
     114.003593,
     22.372023
    ]
   },
   "properties": {
    "station_id": "K58-D002",
    "route": "K58",
    "dir": "I",
    "seq": 2,
    "name_tc": "掃管笏  (鄭任安夫人千禧小學)",
    "name_en": "So Kwun Wat (Mrs. Cheng Yam On Millennium School)",
    "ref": "K58"
   }
  },
  {
   "type": "Feature",
   "geometry": {
    "type": "Point",
    "coordinates": [
     114.002295,
     22.374216
    ]
   },
   "properties": {
    "station_id": "K58-D003",
    "route": "K58",
    "dir": "I",
    "seq": 3,
    "name_tc": "掃管笏路",
    "name_en": "So Kwun Wat Road",
    "ref": "K58"
   }
  },
  {
   "type": "Feature",
   "geometry": {
    "type": "Point",
    "coordinates": [
     113.999513,
     22.373699
    ]
   },
   "properties": {
    "station_id": "K58-D004",
    "route": "K58",
    "dir": "I",
    "seq": 4,
    "name_tc": "管翠路8號",
    "name_en": "8 Kwun Chui Road",
    "ref": "K58"
   }
  },
  {
   "type": "Feature",
   "geometry": {
    "type": "Point",
    "coordinates": [
     113.997707,
     22.375123
    ]
   },
   "properties": {
    "station_id": "K58-D005",
    "route": "K58",
    "dir": "I",
    "seq": 5,
    "name_tc": "管翠路",
    "name_en": "Kwun Chui Road",
    "ref": "K58"
   }
  },
  {
   "type": "Feature",
   "geometry": {
    "type": "Point",
    "coordinates": [
     113.995381,
     22.371473
    ]
   },
   "properties": {
    "station_id": "K58-D006",
    "route": "K58",
    "dir": "I",
    "seq": 6,
    "name_tc": "愛琴海岸",
    "name_en": "Aegean Coast",
    "ref": "K58"
   }
  },
  {
   "type": "Feature",
   "geometry": {
    "type": "Point",
    "coordinates": [
     113.993906,
     22.371294
    ]
   },
   "properties": {
    "station_id": "K58-D007",
    "route": "K58",
    "dir": "I",
    "seq": 7,
    "name_tc": "香港黃金海岸",
    "name_en": "Hong Kong Gold Coast",
    "ref": "K58"
   }
  },
  {
   "type": "Feature",
   "geometry": {
    "type": "Point",
    "coordinates": [
     113.991237,
     22.373653
    ]
   },
   "properties": {
    "station_id": "K58-D008",
    "route": "K58",
    "dir": "I",
    "seq": 8,
    "name_tc": "黃金泳灘",
    "name_en": "Golden Beach",
    "ref": "K58"
   }
  },
  {
   "type": "Feature",
   "geometry": {
    "type": "Point",
    "coordinates": [
     113.985662,
     22.375924
    ]
   },
   "properties": {
    "station_id": "K58-D009",
    "route": "K58",
    "dir": "I",
    "seq": 9,
    "name_tc": "咖啡灣",
    "name_en": "Cafeteria Beach",
    "ref": "K58"
   }
  },
  {
   "type": "Feature",
   "geometry": {
    "type": "Point",
    "coordinates": [
     113.983293,
     22.377941
    ]
   },
   "properties": {
    "station_id": "K58-D011",
    "route": "K58",
    "dir": "I",
    "seq": 10,
    "name_tc": "碧翠花園",
    "name_en": "Bayview Terrace",
    "ref": "K58"
   }
  },
  {
   "type": "Feature",
   "geometry": {
    "type": "Point",
    "coordinates": [
     113.980609,
     22.378954
    ]
   },
   "properties": {
    "station_id": "K58-D012",
    "route": "K58",
    "dir": "I",
    "seq": 11,
    "name_tc": "青山灣碼頭",
    "name_en": "Castle Peak Bay Pier",
    "ref": "K58"
   }
  },
  {
   "type": "Feature",
   "geometry": {
    "type": "Point",
    "coordinates": [
     113.979146,
     22.381189
    ]
   },
   "properties": {
    "station_id": "K58-D020",
    "route": "K58",
    "dir": "I",
    "seq": 12,
    "name_tc": "三聖邨",
    "name_en": "Sam Shing Estate",
    "ref": "K58"
   }
  },
  {
   "type": "Feature",
   "geometry": {
    "type": "Point",
    "coordinates": [
     113.97939,
     22.383774
    ]
   },
   "properties": {
    "station_id": "K58-D030",
    "route": "K58",
    "dir": "I",
    "seq": 13,
    "name_tc": "胡陳金枝中學",
    "name_en": "Mrs Aw Boon Haw Secondary School",
    "ref": "K58"
   }
  },
  {
   "type": "Feature",
   "geometry": {
    "type": "Point",
    "coordinates": [
     113.980659,
     22.38458
    ]
   },
   "properties": {
    "station_id": "K58-D040",
    "route": "K58",
    "dir": "I",
    "seq": 14,
    "name_tc": "青善遊樂場",
    "name_en": "Tsing Sin Playground",
    "ref": "K58"
   }
  },
  {
   "type": "Feature",
   "geometry": {
    "type": "Point",
    "coordinates": [
     113.980672,
     22.387305
    ]
   },
   "properties": {
    "station_id": "K58-D050",
    "route": "K58",
    "dir": "I",
    "seq": 15,
    "name_tc": "置樂花園",
    "name_en": "Chi Lok Fa Yuen",
    "ref": "K58"
   }
  },
  {
   "type": "Feature",
   "geometry": {
    "type": "Point",
    "coordinates": [
     113.978867,
     22.39043
    ]
   },
   "properties": {
    "station_id": "K58-D060",
    "route": "K58",
    "dir": "I",
    "seq": 16,
    "name_tc": "屯門官立中學",
    "name_en": "Tuen Mun Government Secondary School",
    "ref": "K58"
   }
  },
  {
   "type": "Feature",
   "geometry": {
    "type": "Point",
    "coordinates": [
     113.97512,
     22.392096
    ]
   },
   "properties": {
    "station_id": "K58-D070",
    "route": "K58",
    "dir": "I",
    "seq": 17,
    "name_tc": "輕鐵市中心站",
    "name_en": "LR Town Centre Stop",
    "ref": "K58"
   }
  },
  {
   "type": "Feature",
   "geometry": {
    "type": "Point",
    "coordinates": [
     113.9737,
     22.39395
    ]
   },
   "properties": {
    "station_id": "K58-D080",
    "route": "K58",
    "dir": "I",
    "seq": 18,
    "name_tc": "輕鐵屯門站 (港鐵屯門站)",
    "name_en": "LR Tuen Mun Stop (MTR Tuen Mun Station)",
    "ref": "K58"
   }
  },
  {
   "type": "Feature",
   "geometry": {
    "type": "Point",
    "coordinates": [
     113.970762,
     22.394699
    ]
   },
   "properties": {
    "station_id": "K58-D090",
    "route": "K58",
    "dir": "I",
    "seq": 19,
    "name_tc": "輕鐵建安站",
    "name_en": "LR Kin On Stop",
    "ref": "K58"
   }
  },
  {
   "type": "Feature",
   "geometry": {
    "type": "Point",
    "coordinates": [
     113.967425,
     22.396769
    ]
   },
   "properties": {
    "station_id": "K58-D100",
    "route": "K58",
    "dir": "I",
    "seq": 20,
    "name_tc": "輕鐵鳴琴站",
    "name_en": "LR Ming Kum Stop",
    "ref": "K58"
   }
  },
  {
   "type": "Feature",
   "geometry": {
    "type": "Point",
    "coordinates": [
     113.967883,
     22.401983
    ]
   },
   "properties": {
    "station_id": "K58-D110",
    "route": "K58",
    "dir": "I",
    "seq": 21,
    "name_tc": "輕鐵石排站",
    "name_en": "LR Shek Pai Stop",
    "ref": "K58"
   }
  },
  {
   "type": "Feature",
   "geometry": {
    "type": "Point",
    "coordinates": [
     113.963966,
     22.405404
    ]
   },
   "properties": {
    "station_id": "K58-D120",
    "route": "K58",
    "dir": "I",
    "seq": 22,
    "name_tc": "輕鐵新圍站",
    "name_en": "LR San Wai Stop",
    "ref": "K58"
   }
  },
  {
   "type": "Feature",
   "geometry": {
    "type": "Point",
    "coordinates": [
     113.96598,
     22.407716
    ]
   },
   "properties": {
    "station_id": "K58-D130",
    "route": "K58",
    "dir": "I",
    "seq": 23,
    "name_tc": "輕鐵田景站",
    "name_en": "LR Tin King Stop",
    "ref": "K58"
   }
  },
  {
   "type": "Feature",
   "geometry": {
    "type": "Point",
    "coordinates": [
     113.967207,
     22.405974
    ]
   },
   "properties": {
    "station_id": "K58-D140",
    "route": "K58",
    "dir": "I",
    "seq": 24,
    "name_tc": "青田遊樂場",
    "name_en": "Tsing Tin Playground",
    "ref": "K58"
   }
  },
  {
   "type": "Feature",
   "geometry": {
    "type": "Point",
    "coordinates": [
     113.968901,
     22.405169
    ]
   },
   "properties": {
    "station_id": "K58-D150",
    "route": "K58",
    "dir": "I",
    "seq": 25,
    "name_tc": "建生邨樂生樓",
    "name_en": "Lok Sang House, Kin Sang Estate",
    "ref": "K58"
   }
  },
  {
   "type": "Feature",
   "geometry": {
    "type": "Point",
    "coordinates": [
     113.971667,
     22.406394
    ]
   },
   "properties": {
    "station_id": "K58-D160",
    "route": "K58",
    "dir": "I",
    "seq": 26,
    "name_tc": "建生邨泰生樓",
    "name_en": "Tai Sang House, Kin Sang Estate",
    "ref": "K58"
   }
  },
  {
   "type": "Feature",
   "geometry": {
    "type": "Point",
    "coordinates": [
     113.97648,
     22.411042
    ]
   },
   "properties": {
    "station_id": "K58-D170",
    "route": "K58",
    "dir": "I",
    "seq": 27,
    "name_tc": "輕鐵麒麟站",
    "name_en": "LR Kei Lun Stop",
    "ref": "K58"
   }
  },
  {
   "type": "Feature",
   "geometry": {
    "type": "Point",
    "coordinates": [
     113.977143,
     22.414291
    ]
   },
   "properties": {
    "station_id": "K58-D180",
    "route": "K58",
    "dir": "I",
    "seq": 28,
    "name_tc": "欣田邨",
    "name_en": "Yan Tin Estate",
    "ref": "K58"
   }
  },
  {
   "type": "Feature",
   "geometry": {
    "type": "Point",
    "coordinates": [
     113.978607,
     22.410378
    ]
   },
   "properties": {
    "station_id": "K58-D190",
    "route": "K58",
    "dir": "I",
    "seq": 29,
    "name_tc": "港鐵兆康站 (南) (輕鐵兆康站)",
    "name_en": "MTR Siu Hong Station (South) (LR Siu Hong Stop)",
    "ref": "K58"
   }
  },
  {
   "type": "Feature",
   "geometry": {
    "type": "Point",
    "coordinates": [
     113.980397,
     22.408779
    ]
   },
   "properties": {
    "station_id": "K58-D193",
    "route": "K58",
    "dir": "I",
    "seq": 30,
    "name_tc": "彩暉花園",
    "name_en": "Brilliant Garden",
    "ref": "K58"
   }
  },
  {
   "type": "Feature",
   "geometry": {
    "type": "Point",
    "coordinates": [
     113.982212,
     22.410694
    ]
   },
   "properties": {
    "station_id": "K58-D196",
    "route": "K58",
    "dir": "I",
    "seq": 31,
    "name_tc": "嶺南大學",
    "name_en": "Lingnan University",
    "ref": "K58"
   }
  },
  {
   "type": "Feature",
   "geometry": {
    "type": "Point",
    "coordinates": [
     113.983238,
     22.411915
    ]
   },
   "properties": {
    "station_id": "K58-D200",
    "route": "K58",
    "dir": "I",
    "seq": 32,
    "name_tc": "倚嶺南庭",
    "name_en": "South Hillcrest",
    "ref": "K58"
   }
  },
  {
   "type": "Feature",
   "geometry": {
    "type": "Point",
    "coordinates": [
     113.982949,
     22.412815
    ]
   },
   "properties": {
    "station_id": "K58-D210",
    "route": "K58",
    "dir": "I",
    "seq": 33,
    "name_tc": "富泰",
    "name_en": "Fu Tai",
    "ref": "K58"
   }
  },
  {
   "type": "Feature",
   "geometry": {
    "type": "Point",
    "coordinates": [
     114.034518,
     22.446443
    ]
   },
   "properties": {
    "station_id": "K65-U010",
    "route": "K65",
    "dir": "O",
    "seq": 1,
    "name_tc": "元朗站 (輕鐵元朗站) (港鐵元朗站)",
    "name_en": "Yuen Long Station (LR Yuen Long Stop) (MTR Yuen Long Station)",
    "ref": "K65"
   }
  },
  {
   "type": "Feature",
   "geometry": {
    "type": "Point",
    "coordinates": [
     114.0315245,
     22.44451201
    ]
   },
   "properties": {
    "station_id": "K65-U020",
    "route": "K65",
    "dir": "O",
    "seq": 2,
    "name_tc": "又新街",
    "name_en": "Yau San Street",
    "ref": "K65"
   }
  },
  {
   "type": "Feature",
   "geometry": {
    "type": "Point",
    "coordinates": [
     114.028421,
     22.4446245
    ]
   },
   "properties": {
    "station_id": "K65-U030",
    "route": "K65",
    "dir": "O",
    "seq": 3,
    "name_tc": "大棠路",
    "name_en": "Tai Tong Road",
    "ref": "K65"
   }
  },
  {
   "type": "Feature",
   "geometry": {
    "type": "Point",
    "coordinates": [
     114.026429,
     22.44478103
    ]
   },
   "properties": {
    "station_id": "K65-U040",
    "route": "K65",
    "dir": "O",
    "seq": 4,
    "name_tc": "康樂路",
    "name_en": "Hong Lok Road",
    "ref": "K65"
   }
  },
  {
   "type": "Feature",
   "geometry": {
    "type": "Point",
    "coordinates": [
     114.024142,
     22.44449303
    ]
   },
   "properties": {
    "station_id": "K65-U050",
    "route": "K65",
    "dir": "O",
    "seq": 5,
    "name_tc": "元朗警署",
    "name_en": "Yuen Long Police Station",
    "ref": "K65"
   }
  },
  {
   "type": "Feature",
   "geometry": {
    "type": "Point",
    "coordinates": [
     114.02119,
     22.44449303
    ]
   },
   "properties": {
    "station_id": "K65-U060",
    "route": "K65",
    "dir": "O",
    "seq": 6,
    "name_tc": "輕鐵水邊圍站",
    "name_en": "LR Shui Pin Wai Stop",
    "ref": "K65"
   }
  },
  {
   "type": "Feature",
   "geometry": {
    "type": "Point",
    "coordinates": [
     114.018772,
     22.44416303
    ]
   },
   "properties": {
    "station_id": "K65-U070",
    "route": "K65",
    "dir": "O",
    "seq": 7,
    "name_tc": "元朗公園",
    "name_en": "Yuen Long Park",
    "ref": "K65"
   }
  },
  {
   "type": "Feature",
   "geometry": {
    "type": "Point",
    "coordinates": [
     114.014914,
     22.44347999
    ]
   },
   "properties": {
    "station_id": "K65-U080",
    "route": "K65",
    "dir": "O",
    "seq": 8,
    "name_tc": "朗邊",
    "name_en": "Long Bin",
    "ref": "K65"
   }
  },
  {
   "type": "Feature",
   "geometry": {
    "type": "Point",
    "coordinates": [
     114.009912,
     22.443597
    ]
   },
   "properties": {
    "station_id": "K65-U090",
    "route": "K65",
    "dir": "O",
    "seq": 9,
    "name_tc": "屏山屏興里",
    "name_en": "Ping Hing Lane, Ping Shan",
    "ref": "K65"
   }
  },
  {
   "type": "Feature",
   "geometry": {
    "type": "Point",
    "coordinates": [
     114.007739,
     22.44378098
    ]
   },
   "properties": {
    "station_id": "K65-U100",
    "route": "K65",
    "dir": "O",
    "seq": 10,
    "name_tc": "坑尾村",
    "name_en": "Hang Mei Tsuen",
    "ref": "K65"
   }
  },
  {
   "type": "Feature",
   "geometry": {
    "type": "Point",
    "coordinates": [
     114.004915,
     22.445754
    ]
   },
   "properties": {
    "station_id": "K65-U110",
    "route": "K65",
    "dir": "O",
    "seq": 11,
    "name_tc": "輕鐵坑尾村站",
    "name_en": "LR Hang Mei Tsuen Stop",
    "ref": "K65"
   }
  },
  {
   "type": "Feature",
   "geometry": {
    "type": "Point",
    "coordinates": [
     114.003126,
     22.44692696
    ]
   },
   "properties": {
    "station_id": "K65-U120",
    "route": "K65",
    "dir": "O",
    "seq": 12,
    "name_tc": "天盛苑 (港鐵天水圍站)",
    "name_en": "Tin Shing Court (MTR Tin Shui Wai Station)",
    "ref": "K65"
   }
  },
  {
   "type": "Feature",
   "geometry": {
    "type": "Point",
    "coordinates": [
     113.998121,
     22.44667601
    ]
   },
   "properties": {
    "station_id": "K65-U130",
    "route": "K65",
    "dir": "O",
    "seq": 13,
    "name_tc": "石埗路",
    "name_en": "Shek Po Road",
    "ref": "K65"
   }
  },
  {
   "type": "Feature",
   "geometry": {
    "type": "Point",
    "coordinates": [
     113.995464,
     22.44606899
    ]
   },
   "properties": {
    "station_id": "K65-U140",
    "route": "K65",
    "dir": "O",
    "seq": 14,
    "name_tc": "沙洲里村",
    "name_en": "Sha Chau Lei Tsuen",
    "ref": "K65"
   }
  },
  {
   "type": "Feature",
   "geometry": {
    "type": "Point",
    "coordinates": [
     113.9938825,
     22.44756503
    ]
   },
   "properties": {
    "station_id": "K65-U150",
    "route": "K65",
    "dir": "O",
    "seq": 15,
    "name_tc": "廈村",
    "name_en": "Ha Tsuen",
    "ref": "K65"
   }
  },
  {
   "type": "Feature",
   "geometry": {
    "type": "Point",
    "coordinates": [
     113.994281,
     22.44952099
    ]
   },
   "properties": {
    "station_id": "K65-U160",
    "route": "K65",
    "dir": "O",
    "seq": 16,
    "name_tc": "錫降圍",
    "name_en": "Shek Kong Wai",
    "ref": "K65"
   }
  },
  {
   "type": "Feature",
   "geometry": {
    "type": "Point",
    "coordinates": [
     113.994884,
     22.451291
    ]
   },
   "properties": {
    "station_id": "K65-U170",
    "route": "K65",
    "dir": "O",
    "seq": 17,
    "name_tc": "羅屋村",
    "name_en": "Lo Uk Tsuen",
    "ref": "K65"
   }
  },
  {
   "type": "Feature",
   "geometry": {
    "type": "Point",
    "coordinates": [
     113.994668,
     22.45294902
    ]
   },
   "properties": {
    "station_id": "K65-U180",
    "route": "K65",
    "dir": "O",
    "seq": 18,
    "name_tc": "東頭村 (南)",
    "name_en": "Tung Tau Tsuen (South)",
    "ref": "K65"
   }
  },
  {
   "type": "Feature",
   "geometry": {
    "type": "Point",
    "coordinates": [
     113.991661,
     22.45670102
    ]
   },
   "properties": {
    "station_id": "K65-U190",
    "route": "K65",
    "dir": "O",
    "seq": 19,
    "name_tc": "東頭村 (北)",
    "name_en": "Tung Tau Tsuen (North)",
    "ref": "K65"
   }
  },
  {
   "type": "Feature",
   "geometry": {
    "type": "Point",
    "coordinates": [
     113.990368,
     22.45909799
    ]
   },
   "properties": {
    "station_id": "K65-U200",
    "route": "K65",
    "dir": "O",
    "seq": 20,
    "name_tc": "鳳降村",
    "name_en": "Fung Kong Tsuen",
    "ref": "K65"
   }
  },
  {
   "type": "Feature",
   "geometry": {
    "type": "Point",
    "coordinates": [
     113.988875,
     22.46156302
    ]
   },
   "properties": {
    "station_id": "K65-U210",
    "route": "K65",
    "dir": "O",
    "seq": 21,
    "name_tc": "沙江圍",
    "name_en": "Sha Kong Wai",
    "ref": "K65"
   }
  },
  {
   "type": "Feature",
   "geometry": {
    "type": "Point",
    "coordinates": [
     113.986202,
     22.46464396
    ]
   },
   "properties": {
    "station_id": "K65-U220",
    "route": "K65",
    "dir": "O",
    "seq": 22,
    "name_tc": "新慶村",
    "name_en": "San Hing Tsuen",
    "ref": "K65"
   }
  },
  {
   "type": "Feature",
   "geometry": {
    "type": "Point",
    "coordinates": [
     113.983984,
     22.467614
    ]
   },
   "properties": {
    "station_id": "K65-U230",
    "route": "K65",
    "dir": "O",
    "seq": 23,
    "name_tc": "流浮山",
    "name_en": "Lau Fau Shan",
    "ref": "K65"
   }
  },
  {
   "type": "Feature",
   "geometry": {
    "type": "Point",
    "coordinates": [
     113.983984,
     22.467614
    ]
   },
   "properties": {
    "station_id": "K65-D010",
    "route": "K65",
    "dir": "I",
    "seq": 1,
    "name_tc": "流浮山",
    "name_en": "Lau Fau Shan",
    "ref": "K65"
   }
  },
  {
   "type": "Feature",
   "geometry": {
    "type": "Point",
    "coordinates": [
     113.986741,
     22.46416401
    ]
   },
   "properties": {
    "station_id": "K65-D020",
    "route": "K65",
    "dir": "I",
    "seq": 2,
    "name_tc": "新慶村",
    "name_en": "San Hing Tsuen",
    "ref": "K65"
   }
  },
  {
   "type": "Feature",
   "geometry": {
    "type": "Point",
    "coordinates": [
     113.989344,
     22.46140502
    ]
   },
   "properties": {
    "station_id": "K65-D030",
    "route": "K65",
    "dir": "I",
    "seq": 3,
    "name_tc": "沙江圍",
    "name_en": "Sha Kong Wai",
    "ref": "K65"
   }
  },
  {
   "type": "Feature",
   "geometry": {
    "type": "Point",
    "coordinates": [
     113.990515,
     22.45915096
    ]
   },
   "properties": {
    "station_id": "K65-D040",
    "route": "K65",
    "dir": "I",
    "seq": 4,
    "name_tc": "鳳降村",
    "name_en": "Fung Kong Tsuen",
    "ref": "K65"
   }
  },
  {
   "type": "Feature",
   "geometry": {
    "type": "Point",
    "coordinates": [
     113.992509,
     22.45592603
    ]
   },
   "properties": {
    "station_id": "K65-D050",
    "route": "K65",
    "dir": "I",
    "seq": 5,
    "name_tc": "東頭村",
    "name_en": "Tung Tau Tsuen",
    "ref": "K65"
   }
  },
  {
   "type": "Feature",
   "geometry": {
    "type": "Point",
    "coordinates": [
     113.994935,
     22.45256698
    ]
   },
   "properties": {
    "station_id": "K65-D060",
    "route": "K65",
    "dir": "I",
    "seq": 6,
    "name_tc": "羅屋村",
    "name_en": "Lo Uk Tsuen",
    "ref": "K65"
   }
  },
  {
   "type": "Feature",
   "geometry": {
    "type": "Point",
    "coordinates": [
     113.994128,
     22.44876897
    ]
   },
   "properties": {
    "station_id": "K65-D070",
    "route": "K65",
    "dir": "I",
    "seq": 7,
    "name_tc": "錫降圍",
    "name_en": "Shek Kong Wai",
    "ref": "K65"
   }
  },
  {
   "type": "Feature",
   "geometry": {
    "type": "Point",
    "coordinates": [
     113.994761,
     22.44670803
    ]
   },
   "properties": {
    "station_id": "K65-D080",
    "route": "K65",
    "dir": "I",
    "seq": 8,
    "name_tc": "廈村",
    "name_en": "Ha Tsuen",
    "ref": "K65"
   }
  },
  {
   "type": "Feature",
   "geometry": {
    "type": "Point",
    "coordinates": [
     113.997152,
     22.44663703
    ]
   },
   "properties": {
    "station_id": "K65-D090",
    "route": "K65",
    "dir": "I",
    "seq": 9,
    "name_tc": "沙洲里村",
    "name_en": "Sha Chau Lei Tsuen",
    "ref": "K65"
   }
  },
  {
   "type": "Feature",
   "geometry": {
    "type": "Point",
    "coordinates": [
     114.00282,
     22.44694096
    ]
   },
   "properties": {
    "station_id": "K65-D100",
    "route": "K65",
    "dir": "I",
    "seq": 10,
    "name_tc": "天盛苑 (港鐵天水圍站)",
    "name_en": "Tin Shing Court (MTR Tin Shui Wai Station)",
    "ref": "K65"
   }
  },
  {
   "type": "Feature",
   "geometry": {
    "type": "Point",
    "coordinates": [
     114.00512,
     22.44588903
    ]
   },
   "properties": {
    "station_id": "K65-D110",
    "route": "K65",
    "dir": "I",
    "seq": 11,
    "name_tc": "輕鐵坑尾村站",
    "name_en": "LR Hang Mei Tsuen Stop",
    "ref": "K65"
   }
  },
  {
   "type": "Feature",
   "geometry": {
    "type": "Point",
    "coordinates": [
     114.007678,
     22.44390302
    ]
   },
   "properties": {
    "station_id": "K65-D120",
    "route": "K65",
    "dir": "I",
    "seq": 12,
    "name_tc": "坑尾村",
    "name_en": "Hang Mei Tsuen",
    "ref": "K65"
   }
  },
  {
   "type": "Feature",
   "geometry": {
    "type": "Point",
    "coordinates": [
     114.010233,
     22.44370999
    ]
   },
   "properties": {
    "station_id": "K65-D130",
    "route": "K65",
    "dir": "I",
    "seq": 13,
    "name_tc": "屏山屏興里",
    "name_en": "Ping Hing Lane, Ping Shan",
    "ref": "K65"
   }
  },
  {
   "type": "Feature",
   "geometry": {
    "type": "Point",
    "coordinates": [
     114.012915,
     22.44322099
    ]
   },
   "properties": {
    "station_id": "K65-D140",
    "route": "K65",
    "dir": "I",
    "seq": 14,
    "name_tc": "輕鐵屏山站",
    "name_en": "LR Ping Shan Stop",
    "ref": "K65"
   }
  },
  {
   "type": "Feature",
   "geometry": {
    "type": "Point",
    "coordinates": [
     114.019733,
     22.44457601
    ]
   },
   "properties": {
    "station_id": "K65-D150",
    "route": "K65",
    "dir": "I",
    "seq": 15,
    "name_tc": "輕鐵水邊圍站",
    "name_en": "LR Shui Pin Wai Stop",
    "ref": "K65"
   }
  },
  {
   "type": "Feature",
   "geometry": {
    "type": "Point",
    "coordinates": [
     114.023787,
     22.44457601
    ]
   },
   "properties": {
    "station_id": "K65-D160",
    "route": "K65",
    "dir": "I",
    "seq": 16,
    "name_tc": "元朗廣場",
    "name_en": "Yuen Long Plaza",
    "ref": "K65"
   }
  },
  {
   "type": "Feature",
   "geometry": {
    "type": "Point",
    "coordinates": [
     114.02828,
     22.44446897
    ]
   },
   "properties": {
    "station_id": "K65-D170",
    "route": "K65",
    "dir": "I",
    "seq": 17,
    "name_tc": "開心廣場",
    "name_en": "Yuen Long Landmark",
    "ref": "K65"
   }
  },
  {
   "type": "Feature",
   "geometry": {
    "type": "Point",
    "coordinates": [
     114.030327,
     22.44441197
    ]
   },
   "properties": {
    "station_id": "K65-D180",
    "route": "K65",
    "dir": "I",
    "seq": 18,
    "name_tc": "谷亭街",
    "name_en": "Kuk Ting Street",
    "ref": "K65"
   }
  },
  {
   "type": "Feature",
   "geometry": {
    "type": "Point",
    "coordinates": [
     114.034518,
     22.446443
    ]
   },
   "properties": {
    "station_id": "K65-D190",
    "route": "K65",
    "dir": "I",
    "seq": 19,
    "name_tc": "元朗站 (輕鐵元朗站, 港鐵元朗站)",
    "name_en": "Yuen Long Station (LR Yuen Long Stop, MTR Yuen Long Station)",
    "ref": "K65"
   }
  },
  {
   "type": "Feature",
   "geometry": {
    "type": "Point",
    "coordinates": [
     114.0037516,
     22.44654
    ]
   },
   "properties": {
    "station_id": "K65A-U010",
    "route": "K65A",
    "dir": "O",
    "seq": 1,
    "name_tc": "天水圍站 (輕鐵天水圍站)",
    "name_en": "Tin Shui Wai Station (LR Tin Shui Wai Stop)",
    "ref": "K65A"
   }
  },
  {
   "type": "Feature",
   "geometry": {
    "type": "Point",
    "coordinates": [
     114.003126,
     22.44692696
    ]
   },
   "properties": {
    "station_id": "K65A-U020",
    "route": "K65A",
    "dir": "O",
    "seq": 2,
    "name_tc": "天盛苑 (港鐵天水圍站)",
    "name_en": "Tin Shing Court (MTR Tin Shui Wai Station)",
    "ref": "K65A"
   }
  },
  {
   "type": "Feature",
   "geometry": {
    "type": "Point",
    "coordinates": [
     113.998121,
     22.44667601
    ]
   },
   "properties": {
    "station_id": "K65A-U030",
    "route": "K65A",
    "dir": "O",
    "seq": 3,
    "name_tc": "石埗路",
    "name_en": "Shek Po Road",
    "ref": "K65A"
   }
  },
  {
   "type": "Feature",
   "geometry": {
    "type": "Point",
    "coordinates": [
     113.995464,
     22.44606899
    ]
   },
   "properties": {
    "station_id": "K65A-U040",
    "route": "K65A",
    "dir": "O",
    "seq": 4,
    "name_tc": "沙洲里村",
    "name_en": "Sha Chau Lei Tsuen",
    "ref": "K65A"
   }
  },
  {
   "type": "Feature",
   "geometry": {
    "type": "Point",
    "coordinates": [
     113.9938825,
     22.44756503
    ]
   },
   "properties": {
    "station_id": "K65A-U050",
    "route": "K65A",
    "dir": "O",
    "seq": 5,
    "name_tc": "廈村",
    "name_en": "Ha Tsuen",
    "ref": "K65A"
   }
  },
  {
   "type": "Feature",
   "geometry": {
    "type": "Point",
    "coordinates": [
     113.994281,
     22.44952099
    ]
   },
   "properties": {
    "station_id": "K65A-U060",
    "route": "K65A",
    "dir": "O",
    "seq": 6,
    "name_tc": "錫降圍",
    "name_en": "Shek Kong Wai",
    "ref": "K65A"
   }
  },
  {
   "type": "Feature",
   "geometry": {
    "type": "Point",
    "coordinates": [
     113.994884,
     22.451291
    ]
   },
   "properties": {
    "station_id": "K65A-U070",
    "route": "K65A",
    "dir": "O",
    "seq": 7,
    "name_tc": "羅屋村",
    "name_en": "Lo Uk Tsuen",
    "ref": "K65A"
   }
  },
  {
   "type": "Feature",
   "geometry": {
    "type": "Point",
    "coordinates": [
     113.994668,
     22.45294902
    ]
   },
   "properties": {
    "station_id": "K65A-U080",
    "route": "K65A",
    "dir": "O",
    "seq": 8,
    "name_tc": "東頭村 (南)",
    "name_en": "Tung Tau Tsuen (South)",
    "ref": "K65A"
   }
  },
  {
   "type": "Feature",
   "geometry": {
    "type": "Point",
    "coordinates": [
     113.991661,
     22.45670102
    ]
   },
   "properties": {
    "station_id": "K65A-U090",
    "route": "K65A",
    "dir": "O",
    "seq": 9,
    "name_tc": "東頭村 (北)",
    "name_en": "Tung Tau Tsuen (North)",
    "ref": "K65A"
   }
  },
  {
   "type": "Feature",
   "geometry": {
    "type": "Point",
    "coordinates": [
     113.990368,
     22.45909799
    ]
   },
   "properties": {
    "station_id": "K65A-U100",
    "route": "K65A",
    "dir": "O",
    "seq": 10,
    "name_tc": "鳳降村",
    "name_en": "Fung Kong Tsuen",
    "ref": "K65A"
   }
  },
  {
   "type": "Feature",
   "geometry": {
    "type": "Point",
    "coordinates": [
     113.988875,
     22.46156302
    ]
   },
   "properties": {
    "station_id": "K65A-U110",
    "route": "K65A",
    "dir": "O",
    "seq": 11,
    "name_tc": "沙江圍",
    "name_en": "Sha Kong Wai",
    "ref": "K65A"
   }
  },
  {
   "type": "Feature",
   "geometry": {
    "type": "Point",
    "coordinates": [
     113.986202,
     22.46464396
    ]
   },
   "properties": {
    "station_id": "K65A-U120",
    "route": "K65A",
    "dir": "O",
    "seq": 12,
    "name_tc": "新慶村",
    "name_en": "San Hing Tsuen",
    "ref": "K65A"
   }
  },
  {
   "type": "Feature",
   "geometry": {
    "type": "Point",
    "coordinates": [
     113.983984,
     22.467614
    ]
   },
   "properties": {
    "station_id": "K65A-U130",
    "route": "K65A",
    "dir": "O",
    "seq": 13,
    "name_tc": "流浮山",
    "name_en": "Lau Fau Shan",
    "ref": "K65A"
   }
  },
  {
   "type": "Feature",
   "geometry": {
    "type": "Point",
    "coordinates": [
     113.983984,
     22.467614
    ]
   },
   "properties": {
    "station_id": "K65A-D010",
    "route": "K65A",
    "dir": "I",
    "seq": 1,
    "name_tc": "流浮山",
    "name_en": "Lau Fau Shan",
    "ref": "K65A"
   }
  },
  {
   "type": "Feature",
   "geometry": {
    "type": "Point",
    "coordinates": [
     113.986741,
     22.46416401
    ]
   },
   "properties": {
    "station_id": "K65A-D020",
    "route": "K65A",
    "dir": "I",
    "seq": 2,
    "name_tc": "新慶村",
    "name_en": "San Hing Tsuen",
    "ref": "K65A"
   }
  },
  {
   "type": "Feature",
   "geometry": {
    "type": "Point",
    "coordinates": [
     113.989344,
     22.46140502
    ]
   },
   "properties": {
    "station_id": "K65A-D030",
    "route": "K65A",
    "dir": "I",
    "seq": 3,
    "name_tc": "沙江圍",
    "name_en": "Sha Kong Wai",
    "ref": "K65A"
   }
  },
  {
   "type": "Feature",
   "geometry": {
    "type": "Point",
    "coordinates": [
     113.990515,
     22.45915096
    ]
   },
   "properties": {
    "station_id": "K65A-D040",
    "route": "K65A",
    "dir": "I",
    "seq": 4,
    "name_tc": "鳳降村",
    "name_en": "Fung Kong Tsuen",
    "ref": "K65A"
   }
  },
  {
   "type": "Feature",
   "geometry": {
    "type": "Point",
    "coordinates": [
     113.992509,
     22.45592603
    ]
   },
   "properties": {
    "station_id": "K65A-D050",
    "route": "K65A",
    "dir": "I",
    "seq": 5,
    "name_tc": "東頭村",
    "name_en": "Tung Tau Tsuen",
    "ref": "K65A"
   }
  },
  {
   "type": "Feature",
   "geometry": {
    "type": "Point",
    "coordinates": [
     113.994935,
     22.45256698
    ]
   },
   "properties": {
    "station_id": "K65A-D060",
    "route": "K65A",
    "dir": "I",
    "seq": 6,
    "name_tc": "羅屋村",
    "name_en": "Lo Uk Tsuen",
    "ref": "K65A"
   }
  },
  {
   "type": "Feature",
   "geometry": {
    "type": "Point",
    "coordinates": [
     113.994128,
     22.44876897
    ]
   },
   "properties": {
    "station_id": "K65A-D070",
    "route": "K65A",
    "dir": "I",
    "seq": 7,
    "name_tc": "錫降圍",
    "name_en": "Shek Kong Wai",
    "ref": "K65A"
   }
  },
  {
   "type": "Feature",
   "geometry": {
    "type": "Point",
    "coordinates": [
     113.994761,
     22.44670803
    ]
   },
   "properties": {
    "station_id": "K65A-D080",
    "route": "K65A",
    "dir": "I",
    "seq": 8,
    "name_tc": "廈村",
    "name_en": "Ha Tsuen",
    "ref": "K65A"
   }
  },
  {
   "type": "Feature",
   "geometry": {
    "type": "Point",
    "coordinates": [
     113.997152,
     22.44663703
    ]
   },
   "properties": {
    "station_id": "K65A-D090",
    "route": "K65A",
    "dir": "I",
    "seq": 9,
    "name_tc": "沙洲里村",
    "name_en": "Sha Chau Lei Tsuen",
    "ref": "K65A"
   }
  },
  {
   "type": "Feature",
   "geometry": {
    "type": "Point",
    "coordinates": [
     114.00282,
     22.44694096
    ]
   },
   "properties": {
    "station_id": "K65A-D100",
    "route": "K65A",
    "dir": "I",
    "seq": 10,
    "name_tc": "天盛苑 (港鐵天水圍站)",
    "name_en": "Tin Shing Court (MTR Tin Shui Wai Station)",
    "ref": "K65A"
   }
  },
  {
   "type": "Feature",
   "geometry": {
    "type": "Point",
    "coordinates": [
     114.0037516,
     22.44654
    ]
   },
   "properties": {
    "station_id": "K65A-D110",
    "route": "K65A",
    "dir": "I",
    "seq": 11,
    "name_tc": "天水圍站 (輕鐵天水圍站)",
    "name_en": "Tin Shui Wai Station (LR Tin Shui Wai Stop)",
    "ref": "K65A"
   }
  },
  {
   "type": "Feature",
   "geometry": {
    "type": "Point",
    "coordinates": [
     114.0229286,
     22.45078121
    ]
   },
   "properties": {
    "station_id": "K66-U010",
    "route": "K66",
    "dir": "O",
    "seq": 1,
    "name_tc": "朗屏",
    "name_en": "Long Ping",
    "ref": "K66"
   }
  },
  {
   "type": "Feature",
   "geometry": {
    "type": "Point",
    "coordinates": [
     114.0254022,
     22.45134693
    ]
   },
   "properties": {
    "station_id": "K66-U020",
    "route": "K66",
    "dir": "O",
    "seq": 2,
    "name_tc": "楊屋村",
    "name_en": "Yeung Uk Tsuen",
    "ref": "K66"
   }
  },
  {
   "type": "Feature",
   "geometry": {
    "type": "Point",
    "coordinates": [
     114.023295,
     22.447672
    ]
   },
   "properties": {
    "station_id": "K66-U030",
    "route": "K66",
    "dir": "O",
    "seq": 3,
    "name_tc": "屏昌徑 (港鐵朗屏站)",
    "name_en": "Ping Cheong Path (MTR Long Ping Station)",
    "ref": "K66"
   }
  },
  {
   "type": "Feature",
   "geometry": {
    "type": "Point",
    "coordinates": [
     114.022607,
     22.446002
    ]
   },
   "properties": {
    "station_id": "K66-U040",
    "route": "K66",
    "dir": "O",
    "seq": 4,
    "name_tc": "元朗盲人安老院",
    "name_en": "Yuen Long Home for the Aged Blind",
    "ref": "K66"
   }
  },
  {
   "type": "Feature",
   "geometry": {
    "type": "Point",
    "coordinates": [
     114.0223167,
     22.4434668
    ]
   },
   "properties": {
    "station_id": "K66-U050",
    "route": "K66",
    "dir": "O",
    "seq": 5,
    "name_tc": "元朗大會堂 (輕鐵豐年路站)",
    "name_en": "Yuen Long Town Hall (LR Fung Nin Road Stop)",
    "ref": "K66"
   }
  },
  {
   "type": "Feature",
   "geometry": {
    "type": "Point",
    "coordinates": [
     114.0236577,
     22.44306167
    ]
   },
   "properties": {
    "station_id": "K66-U060",
    "route": "K66",
    "dir": "O",
    "seq": 6,
    "name_tc": "安康路",
    "name_en": "On Hong Road",
    "ref": "K66"
   }
  },
  {
   "type": "Feature",
   "geometry": {
    "type": "Point",
    "coordinates": [
     114.027754,
     22.44297
    ]
   },
   "properties": {
    "station_id": "K66-U070",
    "route": "K66",
    "dir": "O",
    "seq": 7,
    "name_tc": "元朗商業中心",
    "name_en": "Yuen Long Commercial Centre",
    "ref": "K66"
   }
  },
  {
   "type": "Feature",
   "geometry": {
    "type": "Point",
    "coordinates": [
     114.0294022,
     22.44120404
    ]
   },
   "properties": {
    "station_id": "K66-U080",
    "route": "K66",
    "dir": "O",
    "seq": 8,
    "name_tc": "富達廣場",
    "name_en": "Manhattan Plaza",
    "ref": "K66"
   }
  },
  {
   "type": "Feature",
   "geometry": {
    "type": "Point",
    "coordinates": [
     114.029411,
     22.436903
    ]
   },
   "properties": {
    "station_id": "K66-U090",
    "route": "K66",
    "dir": "O",
    "seq": 9,
    "name_tc": "蝶翠峰",
    "name_en": "Sereno Verde",
    "ref": "K66"
   }
  },
  {
   "type": "Feature",
   "geometry": {
    "type": "Point",
    "coordinates": [
     114.0287683,
     22.435406
    ]
   },
   "properties": {
    "station_id": "K66-U100",
    "route": "K66",
    "dir": "O",
    "seq": 10,
    "name_tc": "禮修村",
    "name_en": "Fraser Village",
    "ref": "K66"
   }
  },
  {
   "type": "Feature",
   "geometry": {
    "type": "Point",
    "coordinates": [
     114.0285876,
     22.43369688
    ]
   },
   "properties": {
    "station_id": "K66-U110",
    "route": "K66",
    "dir": "O",
    "seq": 11,
    "name_tc": "深涌村",
    "name_en": "Sham Chung Tsuen",
    "ref": "K66"
   }
  },
  {
   "type": "Feature",
   "geometry": {
    "type": "Point",
    "coordinates": [
     114.0285171,
     22.43240032
    ]
   },
   "properties": {
    "station_id": "K66-U120",
    "route": "K66",
    "dir": "O",
    "seq": 12,
    "name_tc": "羅家園",
    "name_en": "Law Ka Yuen",
    "ref": "K66"
   }
  },
  {
   "type": "Feature",
   "geometry": {
    "type": "Point",
    "coordinates": [
     114.0286105,
     22.42978906
    ]
   },
   "properties": {
    "station_id": "K66-U130",
    "route": "K66",
    "dir": "O",
    "seq": 13,
    "name_tc": "崇正公立學校",
    "name_en": "Shung Ching School",
    "ref": "K66"
   }
  },
  {
   "type": "Feature",
   "geometry": {
    "type": "Point",
    "coordinates": [
     114.0295088,
     22.42739559
    ]
   },
   "properties": {
    "station_id": "K66-U140",
    "route": "K66",
    "dir": "O",
    "seq": 14,
    "name_tc": "崇正菜站",
    "name_en": "Shung Ching Vegetable Market",
    "ref": "K66"
   }
  },
  {
   "type": "Feature",
   "geometry": {
    "type": "Point",
    "coordinates": [
     114.0312735,
     22.42562276
    ]
   },
   "properties": {
    "station_id": "K66-U150",
    "route": "K66",
    "dir": "O",
    "seq": 15,
    "name_tc": "老圍",
    "name_en": "Lo Wai",
    "ref": "K66"
   }
  },
  {
   "type": "Feature",
   "geometry": {
    "type": "Point",
    "coordinates": [
     114.0321846,
     22.42356303
    ]
   },
   "properties": {
    "station_id": "K66-U160",
    "route": "K66",
    "dir": "O",
    "seq": 16,
    "name_tc": "振華花園",
    "name_en": "Chun Wah Villas",
    "ref": "K66"
   }
  },
  {
   "type": "Feature",
   "geometry": {
    "type": "Point",
    "coordinates": [
     114.0308948,
     22.42265522
    ]
   },
   "properties": {
    "station_id": "K66-U170",
    "route": "K66",
    "dir": "O",
    "seq": 17,
    "name_tc": "南坑排",
    "name_en": "Nam Hang Pai",
    "ref": "K66"
   }
  },
  {
   "type": "Feature",
   "geometry": {
    "type": "Point",
    "coordinates": [
     114.0298802,
     22.42247664
    ]
   },
   "properties": {
    "station_id": "K66-U180",
    "route": "K66",
    "dir": "O",
    "seq": 18,
    "name_tc": "水蕉新村",
    "name_en": "Shui Chiu San Tsuen",
    "ref": "K66"
   }
  },
  {
   "type": "Feature",
   "geometry": {
    "type": "Point",
    "coordinates": [
     114.0282615,
     22.42193919
    ]
   },
   "properties": {
    "station_id": "K66-U190",
    "route": "K66",
    "dir": "O",
    "seq": 19,
    "name_tc": "華苑",
    "name_en": "Wah Yuen",
    "ref": "K66"
   }
  },
  {
   "type": "Feature",
   "geometry": {
    "type": "Point",
    "coordinates": [
     114.0256553,
     22.41836575
    ]
   },
   "properties": {
    "station_id": "K66-U200",
    "route": "K66",
    "dir": "O",
    "seq": 20,
    "name_tc": "大棠迴旋處",
    "name_en": "Tai Tong Roundabout",
    "ref": "K66"
   }
  },
  {
   "type": "Feature",
   "geometry": {
    "type": "Point",
    "coordinates": [
     114.0236994,
     22.41618728
    ]
   },
   "properties": {
    "station_id": "K66-U210",
    "route": "K66",
    "dir": "O",
    "seq": 21,
    "name_tc": "大棠山路",
    "name_en": "Tai Tong Shan Road",
    "ref": "K66"
   }
  },
  {
   "type": "Feature",
   "geometry": {
    "type": "Point",
    "coordinates": [
     114.021874,
     22.416389
    ]
   },
   "properties": {
    "station_id": "K66-U220",
    "route": "K66",
    "dir": "O",
    "seq": 22,
    "name_tc": "大棠黃泥墩村",
    "name_en": "Tai Tong Wong Nai Tun Tsuen",
    "ref": "K66"
   }
  },
  {
   "type": "Feature",
   "geometry": {
    "type": "Point",
    "coordinates": [
     114.021874,
     22.416389
    ]
   },
   "properties": {
    "station_id": "K66-D010",
    "route": "K66",
    "dir": "I",
    "seq": 1,
    "name_tc": "大棠黃泥墩村",
    "name_en": "Tai Tong Wong Nai Tun Tsuen",
    "ref": "K66"
   }
  },
  {
   "type": "Feature",
   "geometry": {
    "type": "Point",
    "coordinates": [
     114.0238973,
     22.41620604
    ]
   },
   "properties": {
    "station_id": "K66-D020",
    "route": "K66",
    "dir": "I",
    "seq": 2,
    "name_tc": "大棠山路",
    "name_en": "Tai Tong Shan Road",
    "ref": "K66"
   }
  },
  {
   "type": "Feature",
   "geometry": {
    "type": "Point",
    "coordinates": [
     114.02484,
     22.418334
    ]
   },
   "properties": {
    "station_id": "K66-D030",
    "route": "K66",
    "dir": "I",
    "seq": 3,
    "name_tc": "大棠迴旋處",
    "name_en": "Tai Tong Roundabout",
    "ref": "K66"
   }
  },
  {
   "type": "Feature",
   "geometry": {
    "type": "Point",
    "coordinates": [
     114.0283849,
     22.42207521
    ]
   },
   "properties": {
    "station_id": "K66-D040",
    "route": "K66",
    "dir": "I",
    "seq": 4,
    "name_tc": "華苑",
    "name_en": "Wah Yuen",
    "ref": "K66"
   }
  },
  {
   "type": "Feature",
   "geometry": {
    "type": "Point",
    "coordinates": [
     114.0299286,
     22.42253674
    ]
   },
   "properties": {
    "station_id": "K66-D050",
    "route": "K66",
    "dir": "I",
    "seq": 5,
    "name_tc": "水蕉新村",
    "name_en": "Shui Chiu San Tsuen",
    "ref": "K66"
   }
  },
  {
   "type": "Feature",
   "geometry": {
    "type": "Point",
    "coordinates": [
     114.0310276,
     22.42270841
    ]
   },
   "properties": {
    "station_id": "K66-D060",
    "route": "K66",
    "dir": "I",
    "seq": 6,
    "name_tc": "南坑排",
    "name_en": "Nam Hang Pai",
    "ref": "K66"
   }
  },
  {
   "type": "Feature",
   "geometry": {
    "type": "Point",
    "coordinates": [
     114.0322333,
     22.42418205
    ]
   },
   "properties": {
    "station_id": "K66-D070",
    "route": "K66",
    "dir": "I",
    "seq": 7,
    "name_tc": "南坑村",
    "name_en": "Nam Hang Tsuen",
    "ref": "K66"
   }
  },
  {
   "type": "Feature",
   "geometry": {
    "type": "Point",
    "coordinates": [
     114.0311155,
     22.42571102
    ]
   },
   "properties": {
    "station_id": "K66-D080",
    "route": "K66",
    "dir": "I",
    "seq": 8,
    "name_tc": "紅棗田村",
    "name_en": "Hung Tso Tin Tsuen",
    "ref": "K66"
   }
  },
  {
   "type": "Feature",
   "geometry": {
    "type": "Point",
    "coordinates": [
     114.0293547,
     22.42751631
    ]
   },
   "properties": {
    "station_id": "K66-D090",
    "route": "K66",
    "dir": "I",
    "seq": 9,
    "name_tc": "普盛圍",
    "name_en": "Po Shing Wai",
    "ref": "K66"
   }
  },
  {
   "type": "Feature",
   "geometry": {
    "type": "Point",
    "coordinates": [
     114.0285687,
     22.42993918
    ]
   },
   "properties": {
    "station_id": "K66-D100",
    "route": "K66",
    "dir": "I",
    "seq": 10,
    "name_tc": "崇正公立學校",
    "name_en": "Shung Ching School",
    "ref": "K66"
   }
  },
  {
   "type": "Feature",
   "geometry": {
    "type": "Point",
    "coordinates": [
     114.0284926,
     22.4321724
    ]
   },
   "properties": {
    "station_id": "K66-D110",
    "route": "K66",
    "dir": "I",
    "seq": 11,
    "name_tc": "羅家園",
    "name_en": "Law Ka Yuen",
    "ref": "K66"
   }
  },
  {
   "type": "Feature",
   "geometry": {
    "type": "Point",
    "coordinates": [
     114.0285624,
     22.43377173
    ]
   },
   "properties": {
    "station_id": "K66-D120",
    "route": "K66",
    "dir": "I",
    "seq": 12,
    "name_tc": "深涌村",
    "name_en": "Sham Chung Tsuen",
    "ref": "K66"
   }
  },
  {
   "type": "Feature",
   "geometry": {
    "type": "Point",
    "coordinates": [
     114.0287164,
     22.43543081
    ]
   },
   "properties": {
    "station_id": "K66-D130",
    "route": "K66",
    "dir": "I",
    "seq": 13,
    "name_tc": "禮修村",
    "name_en": "Fraser Village",
    "ref": "K66"
   }
  },
  {
   "type": "Feature",
   "geometry": {
    "type": "Point",
    "coordinates": [
     114.0295783,
     22.43724051
    ]
   },
   "properties": {
    "station_id": "K66-D140",
    "route": "K66",
    "dir": "I",
    "seq": 14,
    "name_tc": "蝶翠峰",
    "name_en": "Sereno Verde",
    "ref": "K66"
   }
  },
  {
   "type": "Feature",
   "geometry": {
    "type": "Point",
    "coordinates": [
     114.0294482,
     22.43836882
    ]
   },
   "properties": {
    "station_id": "K66-D150",
    "route": "K66",
    "dir": "I",
    "seq": 15,
    "name_tc": "恆香製餅廠",
    "name_en": "Hang Heung Cake Shop",
    "ref": "K66"
   }
  },
  {
   "type": "Feature",
   "geometry": {
    "type": "Point",
    "coordinates": [
     114.0293385,
     22.44119428
    ]
   },
   "properties": {
    "station_id": "K66-D160",
    "route": "K66",
    "dir": "I",
    "seq": 16,
    "name_tc": "富達廣場",
    "name_en": "Manhattan Plaza",
    "ref": "K66"
   }
  },
  {
   "type": "Feature",
   "geometry": {
    "type": "Point",
    "coordinates": [
     114.0278032,
     22.44298197
    ]
   },
   "properties": {
    "station_id": "K66-D170",
    "route": "K66",
    "dir": "I",
    "seq": 17,
    "name_tc": "千色廣場",
    "name_en": "Citi Mall",
    "ref": "K66"
   }
  },
  {
   "type": "Feature",
   "geometry": {
    "type": "Point",
    "coordinates": [
     114.0230108,
     22.44302568
    ]
   },
   "properties": {
    "station_id": "K66-D180",
    "route": "K66",
    "dir": "I",
    "seq": 18,
    "name_tc": "安康路",
    "name_en": "On Hong Road",
    "ref": "K66"
   }
  },
  {
   "type": "Feature",
   "geometry": {
    "type": "Point",
    "coordinates": [
     114.0222338,
     22.44362078
    ]
   },
   "properties": {
    "station_id": "K66-D190",
    "route": "K66",
    "dir": "I",
    "seq": 19,
    "name_tc": "元朗大會堂 (輕鐵豐年路站)",
    "name_en": "Yuen Long Town Hall (LR Fung Nin Road Stop)",
    "ref": "K66"
   }
  },
  {
   "type": "Feature",
   "geometry": {
    "type": "Point",
    "coordinates": [
     114.0213445,
     22.44613943
    ]
   },
   "properties": {
    "station_id": "K66-D200",
    "route": "K66",
    "dir": "I",
    "seq": 20,
    "name_tc": "水邊圍邨康水樓",
    "name_en": "Hong Shui House, Shui Pin Wai Estate",
    "ref": "K66"
   }
  },
  {
   "type": "Feature",
   "geometry": {
    "type": "Point",
    "coordinates": [
     114.0227269,
     22.44785153
    ]
   },
   "properties": {
    "station_id": "K66-D210",
    "route": "K66",
    "dir": "I",
    "seq": 21,
    "name_tc": "朗屏邨悅屏樓 (港鐵朗屏站)",
    "name_en": "Yuet Ping House, Long Ping Estate (MTR Long Ping Station)",
    "ref": "K66"
   }
  },
  {
   "type": "Feature",
   "geometry": {
    "type": "Point",
    "coordinates": [
     114.025532,
     22.449515
    ]
   },
   "properties": {
    "station_id": "K66-D220",
    "route": "K66",
    "dir": "I",
    "seq": 22,
    "name_tc": "惠州學校",
    "name_en": "Wai Chow School",
    "ref": "K66"
   }
  },
  {
   "type": "Feature",
   "geometry": {
    "type": "Point",
    "coordinates": [
     114.025334,
     22.451414
    ]
   },
   "properties": {
    "station_id": "K66-D230",
    "route": "K66",
    "dir": "I",
    "seq": 23,
    "name_tc": "朗屏邨珠屏樓",
    "name_en": "Chu Ping House, Long Ping Estate",
    "ref": "K66"
   }
  },
  {
   "type": "Feature",
   "geometry": {
    "type": "Point",
    "coordinates": [
     114.0229286,
     22.45078121
    ]
   },
   "properties": {
    "station_id": "K66-D240",
    "route": "K66",
    "dir": "I",
    "seq": 24,
    "name_tc": "朗屏",
    "name_en": "Long Ping",
    "ref": "K66"
   }
  },
  {
   "type": "Feature",
   "geometry": {
    "type": "Point",
    "coordinates": [
     114.021874,
     22.416389
    ]
   },
   "properties": {
    "station_id": "K66-D010",
    "route": "K66",
    "dir": "O",
    "seq": 1,
    "name_tc": "大棠黃泥墩村",
    "name_en": "Tai Tong Wong Nai Tun Tsuen",
    "ref": "K66-1"
   }
  },
  {
   "type": "Feature",
   "geometry": {
    "type": "Point",
    "coordinates": [
     114.0238973,
     22.41620604
    ]
   },
   "properties": {
    "station_id": "K66-D020",
    "route": "K66",
    "dir": "O",
    "seq": 2,
    "name_tc": "大棠山路",
    "name_en": "Tai Tong Shan Road",
    "ref": "K66-1"
   }
  },
  {
   "type": "Feature",
   "geometry": {
    "type": "Point",
    "coordinates": [
     114.02484,
     22.418334
    ]
   },
   "properties": {
    "station_id": "K66-D030",
    "route": "K66",
    "dir": "O",
    "seq": 3,
    "name_tc": "大棠迴旋處",
    "name_en": "Tai Tong Roundabout",
    "ref": "K66-1"
   }
  },
  {
   "type": "Feature",
   "geometry": {
    "type": "Point",
    "coordinates": [
     114.0283849,
     22.42207521
    ]
   },
   "properties": {
    "station_id": "K66-D040",
    "route": "K66",
    "dir": "O",
    "seq": 4,
    "name_tc": "華苑",
    "name_en": "Wah Yuen",
    "ref": "K66-1"
   }
  },
  {
   "type": "Feature",
   "geometry": {
    "type": "Point",
    "coordinates": [
     114.0299286,
     22.42253674
    ]
   },
   "properties": {
    "station_id": "K66-D050",
    "route": "K66",
    "dir": "O",
    "seq": 5,
    "name_tc": "水蕉新村",
    "name_en": "Shui Chiu San Tsuen",
    "ref": "K66-1"
   }
  },
  {
   "type": "Feature",
   "geometry": {
    "type": "Point",
    "coordinates": [
     114.0310276,
     22.42270841
    ]
   },
   "properties": {
    "station_id": "K66-D060",
    "route": "K66",
    "dir": "O",
    "seq": 6,
    "name_tc": "南坑排",
    "name_en": "Nam Hang Pai",
    "ref": "K66-1"
   }
  },
  {
   "type": "Feature",
   "geometry": {
    "type": "Point",
    "coordinates": [
     114.0322333,
     22.42418205
    ]
   },
   "properties": {
    "station_id": "K66-D070",
    "route": "K66",
    "dir": "O",
    "seq": 7,
    "name_tc": "南坑村",
    "name_en": "Nam Hang Tsuen",
    "ref": "K66-1"
   }
  },
  {
   "type": "Feature",
   "geometry": {
    "type": "Point",
    "coordinates": [
     114.0311155,
     22.42571102
    ]
   },
   "properties": {
    "station_id": "K66-D080",
    "route": "K66",
    "dir": "O",
    "seq": 8,
    "name_tc": "紅棗田村",
    "name_en": "Hung Tso Tin Tsuen",
    "ref": "K66-1"
   }
  },
  {
   "type": "Feature",
   "geometry": {
    "type": "Point",
    "coordinates": [
     114.0293547,
     22.42751631
    ]
   },
   "properties": {
    "station_id": "K66-D090",
    "route": "K66",
    "dir": "O",
    "seq": 9,
    "name_tc": "普盛圍",
    "name_en": "Po Shing Wai",
    "ref": "K66-1"
   }
  },
  {
   "type": "Feature",
   "geometry": {
    "type": "Point",
    "coordinates": [
     114.0285687,
     22.42993918
    ]
   },
   "properties": {
    "station_id": "K66-D100",
    "route": "K66",
    "dir": "O",
    "seq": 10,
    "name_tc": "崇正公立學校",
    "name_en": "Shung Ching School",
    "ref": "K66-1"
   }
  },
  {
   "type": "Feature",
   "geometry": {
    "type": "Point",
    "coordinates": [
     114.0284926,
     22.4321724
    ]
   },
   "properties": {
    "station_id": "K66-D110",
    "route": "K66",
    "dir": "O",
    "seq": 11,
    "name_tc": "羅家園",
    "name_en": "Law Ka Yuen",
    "ref": "K66-1"
   }
  },
  {
   "type": "Feature",
   "geometry": {
    "type": "Point",
    "coordinates": [
     114.0285624,
     22.43377173
    ]
   },
   "properties": {
    "station_id": "K66-D120",
    "route": "K66",
    "dir": "O",
    "seq": 12,
    "name_tc": "深涌村",
    "name_en": "Sham Chung Tsuen",
    "ref": "K66-1"
   }
  },
  {
   "type": "Feature",
   "geometry": {
    "type": "Point",
    "coordinates": [
     114.0287164,
     22.43543081
    ]
   },
   "properties": {
    "station_id": "K66-D130",
    "route": "K66",
    "dir": "O",
    "seq": 13,
    "name_tc": "禮修村",
    "name_en": "Fraser Village",
    "ref": "K66-1"
   }
  },
  {
   "type": "Feature",
   "geometry": {
    "type": "Point",
    "coordinates": [
     114.0295783,
     22.43724051
    ]
   },
   "properties": {
    "station_id": "K66-D140",
    "route": "K66",
    "dir": "O",
    "seq": 14,
    "name_tc": "蝶翠峰",
    "name_en": "Sereno Verde",
    "ref": "K66-1"
   }
  },
  {
   "type": "Feature",
   "geometry": {
    "type": "Point",
    "coordinates": [
     114.0294482,
     22.43836882
    ]
   },
   "properties": {
    "station_id": "K66-D150",
    "route": "K66",
    "dir": "O",
    "seq": 15,
    "name_tc": "恆香製餅廠",
    "name_en": "Hang Heung Cake Shop",
    "ref": "K66-1"
   }
  },
  {
   "type": "Feature",
   "geometry": {
    "type": "Point",
    "coordinates": [
     114.0293385,
     22.44119428
    ]
   },
   "properties": {
    "station_id": "K66-D160",
    "route": "K66",
    "dir": "O",
    "seq": 16,
    "name_tc": "富達廣場",
    "name_en": "Manhattan Plaza",
    "ref": "K66-1"
   }
  },
  {
   "type": "Feature",
   "geometry": {
    "type": "Point",
    "coordinates": [
     114.0278032,
     22.44298197
    ]
   },
   "properties": {
    "station_id": "K66-D170",
    "route": "K66",
    "dir": "O",
    "seq": 17,
    "name_tc": "千色廣場",
    "name_en": "Citi Mall",
    "ref": "K66-1"
   }
  },
  {
   "type": "Feature",
   "geometry": {
    "type": "Point",
    "coordinates": [
     114.0230108,
     22.44302568
    ]
   },
   "properties": {
    "station_id": "K66-D180",
    "route": "K66",
    "dir": "O",
    "seq": 18,
    "name_tc": "安康路",
    "name_en": "On Hong Road",
    "ref": "K66-1"
   }
  },
  {
   "type": "Feature",
   "geometry": {
    "type": "Point",
    "coordinates": [
     114.0222338,
     22.44362078
    ]
   },
   "properties": {
    "station_id": "K66-D190",
    "route": "K66",
    "dir": "O",
    "seq": 19,
    "name_tc": "元朗大會堂 ",
    "name_en": "Yuen Long Town Hall ",
    "ref": "K66-1"
   }
  },
  {
   "type": "Feature",
   "geometry": {
    "type": "Point",
    "coordinates": [
     114.0213445,
     22.44613943
    ]
   },
   "properties": {
    "station_id": "K66-D200",
    "route": "K66",
    "dir": "O",
    "seq": 20,
    "name_tc": "水邊圍邨康水樓",
    "name_en": "Hong Shui House, Shui Pin Wai Estate",
    "ref": "K66-1"
   }
  },
  {
   "type": "Feature",
   "geometry": {
    "type": "Point",
    "coordinates": [
     114.0227269,
     22.44785153
    ]
   },
   "properties": {
    "station_id": "K66-D210",
    "route": "K66",
    "dir": "O",
    "seq": 21,
    "name_tc": "朗屏邨悅屏樓 ",
    "name_en": "Yuet Ping House, Long Ping Estate ",
    "ref": "K66-1"
   }
  },
  {
   "type": "Feature",
   "geometry": {
    "type": "Point",
    "coordinates": [
     114.021874,
     22.416389
    ]
   },
   "properties": {
    "station_id": "K66-D010",
    "route": "K66",
    "dir": "O",
    "seq": 1,
    "name_tc": "大棠黃泥墩村",
    "name_en": "Tai Tong Wong Nai Tun Tsuen",
    "ref": "K66-2"
   }
  },
  {
   "type": "Feature",
   "geometry": {
    "type": "Point",
    "coordinates": [
     114.0238973,
     22.41620604
    ]
   },
   "properties": {
    "station_id": "K66-D020",
    "route": "K66",
    "dir": "O",
    "seq": 2,
    "name_tc": "大棠山路",
    "name_en": "Tai Tong Shan Road",
    "ref": "K66-2"
   }
  },
  {
   "type": "Feature",
   "geometry": {
    "type": "Point",
    "coordinates": [
     114.02484,
     22.418334
    ]
   },
   "properties": {
    "station_id": "K66-D030",
    "route": "K66",
    "dir": "O",
    "seq": 3,
    "name_tc": "大棠迴旋處",
    "name_en": "Tai Tong Roundabout",
    "ref": "K66-2"
   }
  },
  {
   "type": "Feature",
   "geometry": {
    "type": "Point",
    "coordinates": [
     114.0283849,
     22.42207521
    ]
   },
   "properties": {
    "station_id": "K66-D040",
    "route": "K66",
    "dir": "O",
    "seq": 4,
    "name_tc": "華苑",
    "name_en": "Wah Yuen",
    "ref": "K66-2"
   }
  },
  {
   "type": "Feature",
   "geometry": {
    "type": "Point",
    "coordinates": [
     114.0299286,
     22.42253674
    ]
   },
   "properties": {
    "station_id": "K66-D050",
    "route": "K66",
    "dir": "O",
    "seq": 5,
    "name_tc": "水蕉新村",
    "name_en": "Shui Chiu San Tsuen",
    "ref": "K66-2"
   }
  },
  {
   "type": "Feature",
   "geometry": {
    "type": "Point",
    "coordinates": [
     114.0310276,
     22.42270841
    ]
   },
   "properties": {
    "station_id": "K66-D060",
    "route": "K66",
    "dir": "O",
    "seq": 6,
    "name_tc": "南坑排",
    "name_en": "Nam Hang Pai",
    "ref": "K66-2"
   }
  },
  {
   "type": "Feature",
   "geometry": {
    "type": "Point",
    "coordinates": [
     114.0322333,
     22.42418205
    ]
   },
   "properties": {
    "station_id": "K66-D070",
    "route": "K66",
    "dir": "O",
    "seq": 7,
    "name_tc": "南坑村",
    "name_en": "Nam Hang Tsuen",
    "ref": "K66-2"
   }
  },
  {
   "type": "Feature",
   "geometry": {
    "type": "Point",
    "coordinates": [
     114.0311155,
     22.42571102
    ]
   },
   "properties": {
    "station_id": "K66-D080",
    "route": "K66",
    "dir": "O",
    "seq": 8,
    "name_tc": "紅棗田村",
    "name_en": "Hung Tso Tin Tsuen",
    "ref": "K66-2"
   }
  },
  {
   "type": "Feature",
   "geometry": {
    "type": "Point",
    "coordinates": [
     114.0293547,
     22.42751631
    ]
   },
   "properties": {
    "station_id": "K66-D090",
    "route": "K66",
    "dir": "O",
    "seq": 9,
    "name_tc": "普盛圍",
    "name_en": "Po Shing Wai",
    "ref": "K66-2"
   }
  },
  {
   "type": "Feature",
   "geometry": {
    "type": "Point",
    "coordinates": [
     114.0285687,
     22.42993918
    ]
   },
   "properties": {
    "station_id": "K66-D100",
    "route": "K66",
    "dir": "O",
    "seq": 10,
    "name_tc": "崇正公立學校",
    "name_en": "Shung Ching School",
    "ref": "K66-2"
   }
  },
  {
   "type": "Feature",
   "geometry": {
    "type": "Point",
    "coordinates": [
     114.0284926,
     22.4321724
    ]
   },
   "properties": {
    "station_id": "K66-D110",
    "route": "K66",
    "dir": "O",
    "seq": 11,
    "name_tc": "羅家園",
    "name_en": "Law Ka Yuen",
    "ref": "K66-2"
   }
  },
  {
   "type": "Feature",
   "geometry": {
    "type": "Point",
    "coordinates": [
     114.0285624,
     22.43377173
    ]
   },
   "properties": {
    "station_id": "K66-D120",
    "route": "K66",
    "dir": "O",
    "seq": 12,
    "name_tc": "深涌村",
    "name_en": "Sham Chung Tsuen",
    "ref": "K66-2"
   }
  },
  {
   "type": "Feature",
   "geometry": {
    "type": "Point",
    "coordinates": [
     114.0287164,
     22.43543081
    ]
   },
   "properties": {
    "station_id": "K66-D130",
    "route": "K66",
    "dir": "O",
    "seq": 13,
    "name_tc": "禮修村",
    "name_en": "Fraser Village",
    "ref": "K66-2"
   }
  },
  {
   "type": "Feature",
   "geometry": {
    "type": "Point",
    "coordinates": [
     114.0295783,
     22.43724051
    ]
   },
   "properties": {
    "station_id": "K66-D140",
    "route": "K66",
    "dir": "O",
    "seq": 14,
    "name_tc": "蝶翠峰",
    "name_en": "Sereno Verde",
    "ref": "K66-2"
   }
  },
  {
   "type": "Feature",
   "geometry": {
    "type": "Point",
    "coordinates": [
     114.0294482,
     22.43836882
    ]
   },
   "properties": {
    "station_id": "K66-D150",
    "route": "K66",
    "dir": "O",
    "seq": 15,
    "name_tc": "恆香製餅廠",
    "name_en": "Hang Heung Cake Shop",
    "ref": "K66-2"
   }
  },
  {
   "type": "Feature",
   "geometry": {
    "type": "Point",
    "coordinates": [
     114.0293385,
     22.44119428
    ]
   },
   "properties": {
    "station_id": "K66-D160",
    "route": "K66",
    "dir": "O",
    "seq": 16,
    "name_tc": "富達廣場",
    "name_en": "Manhattan Plaza",
    "ref": "K66-2"
   }
  },
  {
   "type": "Feature",
   "geometry": {
    "type": "Point",
    "coordinates": [
     114.0278032,
     22.44298197
    ]
   },
   "properties": {
    "station_id": "K66-D170",
    "route": "K66",
    "dir": "O",
    "seq": 17,
    "name_tc": "千色廣場",
    "name_en": "Citi Mall",
    "ref": "K66-2"
   }
  },
  {
   "type": "Feature",
   "geometry": {
    "type": "Point",
    "coordinates": [
     114.0230108,
     22.44302568
    ]
   },
   "properties": {
    "station_id": "K66-D180",
    "route": "K66",
    "dir": "O",
    "seq": 18,
    "name_tc": "安康路",
    "name_en": "On Hong Road",
    "ref": "K66-2"
   }
  },
  {
   "type": "Feature",
   "geometry": {
    "type": "Point",
    "coordinates": [
     114.0310276,
     22.42270841
    ]
   },
   "properties": {
    "station_id": "K66-D060",
    "route": "K66",
    "dir": "O",
    "seq": 1,
    "name_tc": "南坑排",
    "name_en": "Nam Hang Pai",
    "ref": "K66-3"
   }
  },
  {
   "type": "Feature",
   "geometry": {
    "type": "Point",
    "coordinates": [
     114.0322333,
     22.42418205
    ]
   },
   "properties": {
    "station_id": "K66-D070",
    "route": "K66",
    "dir": "O",
    "seq": 2,
    "name_tc": "南坑村",
    "name_en": "Nam Hang Tsuen",
    "ref": "K66-3"
   }
  },
  {
   "type": "Feature",
   "geometry": {
    "type": "Point",
    "coordinates": [
     114.0311155,
     22.42571102
    ]
   },
   "properties": {
    "station_id": "K66-D080",
    "route": "K66",
    "dir": "O",
    "seq": 3,
    "name_tc": "紅棗田村",
    "name_en": "Hung Tso Tin Tsuen",
    "ref": "K66-3"
   }
  },
  {
   "type": "Feature",
   "geometry": {
    "type": "Point",
    "coordinates": [
     114.0293547,
     22.42751631
    ]
   },
   "properties": {
    "station_id": "K66-D090",
    "route": "K66",
    "dir": "O",
    "seq": 4,
    "name_tc": "普盛圍",
    "name_en": "Po Shing Wai",
    "ref": "K66-3"
   }
  },
  {
   "type": "Feature",
   "geometry": {
    "type": "Point",
    "coordinates": [
     114.0285687,
     22.42993918
    ]
   },
   "properties": {
    "station_id": "K66-D100",
    "route": "K66",
    "dir": "O",
    "seq": 5,
    "name_tc": "崇正公立學校",
    "name_en": "Shung Ching School",
    "ref": "K66-3"
   }
  },
  {
   "type": "Feature",
   "geometry": {
    "type": "Point",
    "coordinates": [
     114.0284926,
     22.4321724
    ]
   },
   "properties": {
    "station_id": "K66-D110",
    "route": "K66",
    "dir": "O",
    "seq": 6,
    "name_tc": "羅家園",
    "name_en": "Law Ka Yuen",
    "ref": "K66-3"
   }
  },
  {
   "type": "Feature",
   "geometry": {
    "type": "Point",
    "coordinates": [
     114.0285624,
     22.43377173
    ]
   },
   "properties": {
    "station_id": "K66-D120",
    "route": "K66",
    "dir": "O",
    "seq": 7,
    "name_tc": "深涌村",
    "name_en": "Sham Chung Tsuen",
    "ref": "K66-3"
   }
  },
  {
   "type": "Feature",
   "geometry": {
    "type": "Point",
    "coordinates": [
     114.0287164,
     22.43543081
    ]
   },
   "properties": {
    "station_id": "K66-D130",
    "route": "K66",
    "dir": "O",
    "seq": 8,
    "name_tc": "禮修村",
    "name_en": "Fraser Village",
    "ref": "K66-3"
   }
  },
  {
   "type": "Feature",
   "geometry": {
    "type": "Point",
    "coordinates": [
     114.0295783,
     22.43724051
    ]
   },
   "properties": {
    "station_id": "K66-D140",
    "route": "K66",
    "dir": "O",
    "seq": 9,
    "name_tc": "蝶翠峰",
    "name_en": "Sereno Verde",
    "ref": "K66-3"
   }
  },
  {
   "type": "Feature",
   "geometry": {
    "type": "Point",
    "coordinates": [
     114.0294482,
     22.43836882
    ]
   },
   "properties": {
    "station_id": "K66-D150",
    "route": "K66",
    "dir": "O",
    "seq": 10,
    "name_tc": "恆香製餅廠",
    "name_en": "Hang Heung Cake Shop",
    "ref": "K66-3"
   }
  },
  {
   "type": "Feature",
   "geometry": {
    "type": "Point",
    "coordinates": [
     114.0293385,
     22.44119428
    ]
   },
   "properties": {
    "station_id": "K66-D160",
    "route": "K66",
    "dir": "O",
    "seq": 11,
    "name_tc": "富達廣場",
    "name_en": "Manhattan Plaza",
    "ref": "K66-3"
   }
  },
  {
   "type": "Feature",
   "geometry": {
    "type": "Point",
    "coordinates": [
     114.0278032,
     22.44298197
    ]
   },
   "properties": {
    "station_id": "K66-D170",
    "route": "K66",
    "dir": "O",
    "seq": 12,
    "name_tc": "千色廣場",
    "name_en": "Citi Mall",
    "ref": "K66-3"
   }
  },
  {
   "type": "Feature",
   "geometry": {
    "type": "Point",
    "coordinates": [
     114.0230108,
     22.44302568
    ]
   },
   "properties": {
    "station_id": "K66-D180",
    "route": "K66",
    "dir": "O",
    "seq": 13,
    "name_tc": "安康路",
    "name_en": "On Hong Road",
    "ref": "K66-3"
   }
  },
  {
   "type": "Feature",
   "geometry": {
    "type": "Point",
    "coordinates": [
     114.0222338,
     22.44362078
    ]
   },
   "properties": {
    "station_id": "K66-D190",
    "route": "K66",
    "dir": "O",
    "seq": 14,
    "name_tc": "元朗大會堂 ",
    "name_en": "Yuen Long Town Hall ",
    "ref": "K66-3"
   }
  },
  {
   "type": "Feature",
   "geometry": {
    "type": "Point",
    "coordinates": [
     114.0213445,
     22.44613943
    ]
   },
   "properties": {
    "station_id": "K66-D200",
    "route": "K66",
    "dir": "O",
    "seq": 15,
    "name_tc": "水邊圍邨康水樓",
    "name_en": "Hong Shui House, Shui Pin Wai Estate",
    "ref": "K66-3"
   }
  },
  {
   "type": "Feature",
   "geometry": {
    "type": "Point",
    "coordinates": [
     114.0227269,
     22.44785153
    ]
   },
   "properties": {
    "station_id": "K66-D210",
    "route": "K66",
    "dir": "O",
    "seq": 16,
    "name_tc": "朗屏邨悅屏樓 ",
    "name_en": "Yuet Ping House, Long Ping Estate ",
    "ref": "K66-3"
   }
  },
  {
   "type": "Feature",
   "geometry": {
    "type": "Point",
    "coordinates": [
     114.025532,
     22.449515
    ]
   },
   "properties": {
    "station_id": "K66-D220",
    "route": "K66",
    "dir": "O",
    "seq": 17,
    "name_tc": "惠州學校",
    "name_en": "Wai Chow School",
    "ref": "K66-3"
   }
  },
  {
   "type": "Feature",
   "geometry": {
    "type": "Point",
    "coordinates": [
     114.025334,
     22.451414
    ]
   },
   "properties": {
    "station_id": "K66-D230",
    "route": "K66",
    "dir": "O",
    "seq": 18,
    "name_tc": "朗屏邨珠屏樓",
    "name_en": "Chu Ping House, Long Ping Estate",
    "ref": "K66-3"
   }
  },
  {
   "type": "Feature",
   "geometry": {
    "type": "Point",
    "coordinates": [
     114.0229286,
     22.45078121
    ]
   },
   "properties": {
    "station_id": "K66-D240",
    "route": "K66",
    "dir": "O",
    "seq": 19,
    "name_tc": "朗屏",
    "name_en": "Long Ping",
    "ref": "K66-3"
   }
  },
  {
   "type": "Feature",
   "geometry": {
    "type": "Point",
    "coordinates": [
     114.026513,
     22.460827
    ]
   },
   "properties": {
    "station_id": "K68-U010",
    "route": "K68",
    "dir": "O",
    "seq": 1,
    "name_tc": "元朗工業邨",
    "name_en": "Yuen Long Industrial Estate",
    "ref": "K68"
   }
  },
  {
   "type": "Feature",
   "geometry": {
    "type": "Point",
    "coordinates": [
     114.028979,
     22.462075
    ]
   },
   "properties": {
    "station_id": "K68-U020",
    "route": "K68",
    "dir": "O",
    "seq": 2,
    "name_tc": "凸版資訊卡",
    "name_en": "Toppan Forms Card Tech Ltd",
    "ref": "K68"
   }
  },
  {
   "type": "Feature",
   "geometry": {
    "type": "Point",
    "coordinates": [
     114.027581,
     22.463753
    ]
   },
   "properties": {
    "station_id": "K68-U030",
    "route": "K68",
    "dir": "O",
    "seq": 3,
    "name_tc": "雀巢",
    "name_en": "Nestle (HK) Ltd",
    "ref": "K68"
   }
  },
  {
   "type": "Feature",
   "geometry": {
    "type": "Point",
    "coordinates": [
     114.026843,
     22.465525
    ]
   },
   "properties": {
    "station_id": "K68-U040",
    "route": "K68",
    "dir": "O",
    "seq": 4,
    "name_tc": "元朗污水處理廠",
    "name_en": "Yuen Long Sewage Treatment Works",
    "ref": "K68"
   }
  },
  {
   "type": "Feature",
   "geometry": {
    "type": "Point",
    "coordinates": [
     114.024822,
     22.464754
    ]
   },
   "properties": {
    "station_id": "K68-U050",
    "route": "K68",
    "dir": "O",
    "seq": 5,
    "name_tc": "位元堂藥業大廈",
    "name_en": "Wai Yuen Tong Medicine Building",
    "ref": "K68"
   }
  },
  {
   "type": "Feature",
   "geometry": {
    "type": "Point",
    "coordinates": [
     114.023448,
     22.462219
    ]
   },
   "properties": {
    "station_id": "K68-U060",
    "route": "K68",
    "dir": "O",
    "seq": 6,
    "name_tc": "東電化電子零件",
    "name_en": "TDK Manufacturing (HK) Co Ltd",
    "ref": "K68"
   }
  },
  {
   "type": "Feature",
   "geometry": {
    "type": "Point",
    "coordinates": [
     114.022169,
     22.46039
    ]
   },
   "properties": {
    "station_id": "K68-U070",
    "route": "K68",
    "dir": "O",
    "seq": 7,
    "name_tc": "凸版印刷",
    "name_en": "Toppan Printing Co (HK) Ltd",
    "ref": "K68"
   }
  },
  {
   "type": "Feature",
   "geometry": {
    "type": "Point",
    "coordinates": [
     114.023157,
     22.45845
    ]
   },
   "properties": {
    "station_id": "K68-U080",
    "route": "K68",
    "dir": "O",
    "seq": 8,
    "name_tc": "匯泉國際實業",
    "name_en": "Telford International Industries Ltd",
    "ref": "K68"
   }
  },
  {
   "type": "Feature",
   "geometry": {
    "type": "Point",
    "coordinates": [
     114.024092,
     22.455119
    ]
   },
   "properties": {
    "station_id": "K68-U090",
    "route": "K68",
    "dir": "O",
    "seq": 9,
    "name_tc": "橫洲福慶村",
    "name_en": "Wang Chau Fuk Hing Tsuen",
    "ref": "K68"
   }
  },
  {
   "type": "Feature",
   "geometry": {
    "type": "Point",
    "coordinates": [
     114.0229286,
     22.45078121
    ]
   },
   "properties": {
    "station_id": "K68-U100",
    "route": "K68",
    "dir": "O",
    "seq": 10,
    "name_tc": "朗屏 (巴士總站)",
    "name_en": "Long Ping (Bus Terminus)",
    "ref": "K68"
   }
  },
  {
   "type": "Feature",
   "geometry": {
    "type": "Point",
    "coordinates": [
     114.025576,
     22.451379
    ]
   },
   "properties": {
    "station_id": "K68-U110",
    "route": "K68",
    "dir": "O",
    "seq": 11,
    "name_tc": "楊屋村",
    "name_en": "Yeung Uk Tsuen",
    "ref": "K68"
   }
  },
  {
   "type": "Feature",
   "geometry": {
    "type": "Point",
    "coordinates": [
     114.023001,
     22.447648
    ]
   },
   "properties": {
    "station_id": "K68-U120",
    "route": "K68",
    "dir": "O",
    "seq": 12,
    "name_tc": "屏昌徑 (港鐵朗屏站)",
    "name_en": "Ping Cheong Path (MTR Long Ping Station)",
    "ref": "K68"
   }
  },
  {
   "type": "Feature",
   "geometry": {
    "type": "Point",
    "coordinates": [
     114.022607,
     22.446002
    ]
   },
   "properties": {
    "station_id": "K68-U130",
    "route": "K68",
    "dir": "O",
    "seq": 13,
    "name_tc": "元朗盲人安老院",
    "name_en": "Yuen Long Home for the Aged Blind",
    "ref": "K68"
   }
  },
  {
   "type": "Feature",
   "geometry": {
    "type": "Point",
    "coordinates": [
     114.022245,
     22.442588
    ]
   },
   "properties": {
    "station_id": "K68-U140",
    "route": "K68",
    "dir": "O",
    "seq": 14,
    "name_tc": "聿修堂 (輕鐵豐年路站)",
    "name_en": "Lut Sau Hall (LR Fung Nin Road Stop)",
    "ref": "K68"
   }
  },
  {
   "type": "Feature",
   "geometry": {
    "type": "Point",
    "coordinates": [
     114.02224,
     22.441306
    ]
   },
   "properties": {
    "station_id": "K68-U150",
    "route": "K68",
    "dir": "O",
    "seq": 15,
    "name_tc": "元朗劇院",
    "name_en": "Yuen Long Theatre",
    "ref": "K68"
   }
  },
  {
   "type": "Feature",
   "geometry": {
    "type": "Point",
    "coordinates": [
     114.02226,
     22.43953
    ]
   },
   "properties": {
    "station_id": "K68-U160",
    "route": "K68",
    "dir": "O",
    "seq": 16,
    "name_tc": "銀田花園",
    "name_en": "Silver Field Garden",
    "ref": "K68"
   }
  },
  {
   "type": "Feature",
   "geometry": {
    "type": "Point",
    "coordinates": [
     114.02024,
     22.438801
    ]
   },
   "properties": {
    "station_id": "K68-U170",
    "route": "K68",
    "dir": "O",
    "seq": 17,
    "name_tc": "南元朗官立小學",
    "name_en": "South Yuen Long Government Primary School",
    "ref": "K68"
   }
  },
  {
   "type": "Feature",
   "geometry": {
    "type": "Point",
    "coordinates": [
     114.02007,
     22.44193
    ]
   },
   "properties": {
    "station_id": "K68-D010",
    "route": "K68",
    "dir": "O",
    "seq": 18,
    "name_tc": "元朗公園",
    "name_en": "Yuen Long Park",
    "ref": "K68"
   }
  },
  {
   "type": "Feature",
   "geometry": {
    "type": "Point",
    "coordinates": [
     114.017663,
     22.442503
    ]
   },
   "properties": {
    "station_id": "K68-D020",
    "route": "K68",
    "dir": "O",
    "seq": 19,
    "name_tc": "御豪山莊",
    "name_en": "Park Royale",
    "ref": "K68"
   }
  },
  {
   "type": "Feature",
   "geometry": {
    "type": "Point",
    "coordinates": [
     114.019048,
     22.440088
    ]
   },
   "properties": {
    "station_id": "K68-D030",
    "route": "K68",
    "dir": "O",
    "seq": 20,
    "name_tc": "藝典居",
    "name_en": "Villa Art Deco",
    "ref": "K68"
   }
  },
  {
   "type": "Feature",
   "geometry": {
    "type": "Point",
    "coordinates": [
     114.021312,
     22.440407
    ]
   },
   "properties": {
    "station_id": "K68-D040",
    "route": "K68",
    "dir": "O",
    "seq": 21,
    "name_tc": "御庭居",
    "name_en": "Springdale Villas",
    "ref": "K68"
   }
  },
  {
   "type": "Feature",
   "geometry": {
    "type": "Point",
    "coordinates": [
     114.0221389,
     22.44149722
    ]
   },
   "properties": {
    "station_id": "K68-D050",
    "route": "K68",
    "dir": "O",
    "seq": 22,
    "name_tc": "元朗游泳池",
    "name_en": "Yuen Long Swimming Pool",
    "ref": "K68"
   }
  },
  {
   "type": "Feature",
   "geometry": {
    "type": "Point",
    "coordinates": [
     114.022164,
     22.443644
    ]
   },
   "properties": {
    "station_id": "K68-D060",
    "route": "K68",
    "dir": "O",
    "seq": 23,
    "name_tc": "元朗大會堂",
    "name_en": "Yuen Long Town Hall",
    "ref": "K68"
   }
  },
  {
   "type": "Feature",
   "geometry": {
    "type": "Point",
    "coordinates": [
     114.023705,
     22.444676
    ]
   },
   "properties": {
    "station_id": "K68-D070",
    "route": "K68",
    "dir": "O",
    "seq": 24,
    "name_tc": "元朗廣場 (輕鐵豐年路站)",
    "name_en": "Yuen Long Plaza (LR Fung Nin Road Stop)",
    "ref": "K68"
   }
  },
  {
   "type": "Feature",
   "geometry": {
    "type": "Point",
    "coordinates": [
     114.026583,
     22.446157
    ]
   },
   "properties": {
    "station_id": "K68-D080",
    "route": "K68",
    "dir": "O",
    "seq": 25,
    "name_tc": "元朗安寧路",
    "name_en": "Yuen Long On Ning Road",
    "ref": "K68"
   }
  },
  {
   "type": "Feature",
   "geometry": {
    "type": "Point",
    "coordinates": [
     114.026826,
     22.447538
    ]
   },
   "properties": {
    "station_id": "K68-D090",
    "route": "K68",
    "dir": "O",
    "seq": 26,
    "name_tc": "大橋村 (港鐵朗屏站)",
    "name_en": "Tai Kiu Tsuen (MTR Long Ping Station)",
    "ref": "K68"
   }
  },
  {
   "type": "Feature",
   "geometry": {
    "type": "Point",
    "coordinates": [
     114.025532,
     22.449497
    ]
   },
   "properties": {
    "station_id": "K68-D100",
    "route": "K68",
    "dir": "O",
    "seq": 27,
    "name_tc": "惠州學校",
    "name_en": "Wai Chow School",
    "ref": "K68"
   }
  },
  {
   "type": "Feature",
   "geometry": {
    "type": "Point",
    "coordinates": [
     114.025324,
     22.451434
    ]
   },
   "properties": {
    "station_id": "K68-D110",
    "route": "K68",
    "dir": "O",
    "seq": 28,
    "name_tc": "朗屏邨珠屏樓",
    "name_en": "Chu Ping House, Long Ping Estate",
    "ref": "K68"
   }
  },
  {
   "type": "Feature",
   "geometry": {
    "type": "Point",
    "coordinates": [
     114.0229286,
     22.45078121
    ]
   },
   "properties": {
    "station_id": "K68-D120",
    "route": "K68",
    "dir": "O",
    "seq": 29,
    "name_tc": "朗屏 (巴士總站)",
    "name_en": "Long Ping (Bus Terminus)",
    "ref": "K68"
   }
  },
  {
   "type": "Feature",
   "geometry": {
    "type": "Point",
    "coordinates": [
     114.02403,
     22.455166
    ]
   },
   "properties": {
    "station_id": "K68-D130",
    "route": "K68",
    "dir": "O",
    "seq": 30,
    "name_tc": "橫洲福慶村",
    "name_en": "Wang Chau Fuk Hing Tsuen",
    "ref": "K68"
   }
  },
  {
   "type": "Feature",
   "geometry": {
    "type": "Point",
    "coordinates": [
     114.023353,
     22.45789
    ]
   },
   "properties": {
    "station_id": "K68-D140",
    "route": "K68",
    "dir": "O",
    "seq": 31,
    "name_tc": "元朗紡織品",
    "name_en": "Yuen Long Textile Co Ltd",
    "ref": "K68"
   }
  },
  {
   "type": "Feature",
   "geometry": {
    "type": "Point",
    "coordinates": [
     114.022242,
     22.460236
    ]
   },
   "properties": {
    "station_id": "K68-D150",
    "route": "K68",
    "dir": "O",
    "seq": 32,
    "name_tc": "大昌行食品加工及物流中心",
    "name_en": "DCH Food Processing & Logistics Centre",
    "ref": "K68"
   }
  },
  {
   "type": "Feature",
   "geometry": {
    "type": "Point",
    "coordinates": [
     114.023412,
     22.462306
    ]
   },
   "properties": {
    "station_id": "K68-D160",
    "route": "K68",
    "dir": "O",
    "seq": 33,
    "name_tc": "有生鉛水(熱浸鋅)",
    "name_en": "Yau Sang Galvanizers (Hot-Dip) Co Ltd",
    "ref": "K68"
   }
  },
  {
   "type": "Feature",
   "geometry": {
    "type": "Point",
    "coordinates": [
     114.024783,
     22.464968
    ]
   },
   "properties": {
    "station_id": "K68-D170",
    "route": "K68",
    "dir": "O",
    "seq": 34,
    "name_tc": "余仁生中心",
    "name_en": "Eu Yan Sang Centre",
    "ref": "K68"
   }
  },
  {
   "type": "Feature",
   "geometry": {
    "type": "Point",
    "coordinates": [
     114.026899,
     22.465479
    ]
   },
   "properties": {
    "station_id": "K68-D180",
    "route": "K68",
    "dir": "O",
    "seq": 35,
    "name_tc": "元朗污水處理廠",
    "name_en": "Yuen Long Sewage Treatment Works",
    "ref": "K68"
   }
  },
  {
   "type": "Feature",
   "geometry": {
    "type": "Point",
    "coordinates": [
     114.027638,
     22.463782
    ]
   },
   "properties": {
    "station_id": "K68-D190",
    "route": "K68",
    "dir": "O",
    "seq": 36,
    "name_tc": "雀巢",
    "name_en": "Nestle (HK) Ltd",
    "ref": "K68"
   }
  },
  {
   "type": "Feature",
   "geometry": {
    "type": "Point",
    "coordinates": [
     114.029313,
     22.461655
    ]
   },
   "properties": {
    "station_id": "K68-D200",
    "route": "K68",
    "dir": "O",
    "seq": 37,
    "name_tc": "牛尾香港",
    "name_en": "Ushio HK Ltd",
    "ref": "K68"
   }
  },
  {
   "type": "Feature",
   "geometry": {
    "type": "Point",
    "coordinates": [
     114.026513,
     22.460827
    ]
   },
   "properties": {
    "station_id": "K68-U011",
    "route": "K68",
    "dir": "O",
    "seq": 38,
    "name_tc": "元朗工業邨",
    "name_en": "Yuen Long Industrial Estate",
    "ref": "K68"
   }
  },
  {
   "type": "Feature",
   "geometry": {
    "type": "Point",
    "coordinates": [
     114.02226,
     22.43953
    ]
   },
   "properties": {
    "station_id": "K68-U160",
    "route": "K68",
    "dir": "O",
    "seq": 1,
    "name_tc": "銀田花園",
    "name_en": "Silver Field Garden",
    "ref": "K68-1"
   }
  },
  {
   "type": "Feature",
   "geometry": {
    "type": "Point",
    "coordinates": [
     114.02024,
     22.438801
    ]
   },
   "properties": {
    "station_id": "K68-U170",
    "route": "K68",
    "dir": "O",
    "seq": 2,
    "name_tc": "南元朗官立小學",
    "name_en": "South Yuen Long Government Primary School",
    "ref": "K68-1"
   }
  },
  {
   "type": "Feature",
   "geometry": {
    "type": "Point",
    "coordinates": [
     114.02007,
     22.44193
    ]
   },
   "properties": {
    "station_id": "K68-D010",
    "route": "K68",
    "dir": "O",
    "seq": 3,
    "name_tc": "元朗公園",
    "name_en": "Yuen Long Park",
    "ref": "K68-1"
   }
  },
  {
   "type": "Feature",
   "geometry": {
    "type": "Point",
    "coordinates": [
     114.017663,
     22.442503
    ]
   },
   "properties": {
    "station_id": "K68-D020",
    "route": "K68",
    "dir": "O",
    "seq": 4,
    "name_tc": "御豪山莊",
    "name_en": "Park Royale",
    "ref": "K68-1"
   }
  },
  {
   "type": "Feature",
   "geometry": {
    "type": "Point",
    "coordinates": [
     114.019048,
     22.440088
    ]
   },
   "properties": {
    "station_id": "K68-D030",
    "route": "K68",
    "dir": "O",
    "seq": 5,
    "name_tc": "藝典居",
    "name_en": "Villa Art Deco",
    "ref": "K68-1"
   }
  },
  {
   "type": "Feature",
   "geometry": {
    "type": "Point",
    "coordinates": [
     114.021312,
     22.440407
    ]
   },
   "properties": {
    "station_id": "K68-D040",
    "route": "K68",
    "dir": "O",
    "seq": 6,
    "name_tc": "御庭居",
    "name_en": "Springdale Villas",
    "ref": "K68-1"
   }
  },
  {
   "type": "Feature",
   "geometry": {
    "type": "Point",
    "coordinates": [
     114.0221389,
     22.44149722
    ]
   },
   "properties": {
    "station_id": "K68-D050",
    "route": "K68",
    "dir": "O",
    "seq": 7,
    "name_tc": "元朗游泳池",
    "name_en": "Yuen Long Swimming Pool",
    "ref": "K68-1"
   }
  },
  {
   "type": "Feature",
   "geometry": {
    "type": "Point",
    "coordinates": [
     114.022164,
     22.443644
    ]
   },
   "properties": {
    "station_id": "K68-D060",
    "route": "K68",
    "dir": "O",
    "seq": 8,
    "name_tc": "元朗大會堂",
    "name_en": "Yuen Long Town Hall",
    "ref": "K68-1"
   }
  },
  {
   "type": "Feature",
   "geometry": {
    "type": "Point",
    "coordinates": [
     114.023705,
     22.444676
    ]
   },
   "properties": {
    "station_id": "K68-D070",
    "route": "K68",
    "dir": "O",
    "seq": 9,
    "name_tc": "元朗廣場 ",
    "name_en": "Yuen Long Plaza ",
    "ref": "K68-1"
   }
  },
  {
   "type": "Feature",
   "geometry": {
    "type": "Point",
    "coordinates": [
     114.026583,
     22.446157
    ]
   },
   "properties": {
    "station_id": "K68-D080",
    "route": "K68",
    "dir": "O",
    "seq": 10,
    "name_tc": "元朗安寧路",
    "name_en": "Yuen Long On Ning Road",
    "ref": "K68-1"
   }
  },
  {
   "type": "Feature",
   "geometry": {
    "type": "Point",
    "coordinates": [
     114.026826,
     22.447538
    ]
   },
   "properties": {
    "station_id": "K68-D090",
    "route": "K68",
    "dir": "O",
    "seq": 11,
    "name_tc": "大橋村 ",
    "name_en": "Tai Kiu Tsuen ",
    "ref": "K68-1"
   }
  },
  {
   "type": "Feature",
   "geometry": {
    "type": "Point",
    "coordinates": [
     114.025532,
     22.449497
    ]
   },
   "properties": {
    "station_id": "K68-D100",
    "route": "K68",
    "dir": "O",
    "seq": 12,
    "name_tc": "惠州學校",
    "name_en": "Wai Chow School",
    "ref": "K68-1"
   }
  },
  {
   "type": "Feature",
   "geometry": {
    "type": "Point",
    "coordinates": [
     114.025324,
     22.451434
    ]
   },
   "properties": {
    "station_id": "K68-D110",
    "route": "K68",
    "dir": "O",
    "seq": 13,
    "name_tc": "朗屏邨珠屏樓",
    "name_en": "Chu Ping House, Long Ping Estate",
    "ref": "K68-1"
   }
  },
  {
   "type": "Feature",
   "geometry": {
    "type": "Point",
    "coordinates": [
     114.0229286,
     22.45078121
    ]
   },
   "properties": {
    "station_id": "K68-D120",
    "route": "K68",
    "dir": "O",
    "seq": 14,
    "name_tc": "朗屏 ",
    "name_en": "Long Ping ",
    "ref": "K68-1"
   }
  },
  {
   "type": "Feature",
   "geometry": {
    "type": "Point",
    "coordinates": [
     114.02403,
     22.455166
    ]
   },
   "properties": {
    "station_id": "K68-D130",
    "route": "K68",
    "dir": "O",
    "seq": 15,
    "name_tc": "橫洲福慶村",
    "name_en": "Wang Chau Fuk Hing Tsuen",
    "ref": "K68-1"
   }
  },
  {
   "type": "Feature",
   "geometry": {
    "type": "Point",
    "coordinates": [
     114.023353,
     22.45789
    ]
   },
   "properties": {
    "station_id": "K68-D140",
    "route": "K68",
    "dir": "O",
    "seq": 16,
    "name_tc": "元朗紡織品",
    "name_en": "Yuen Long Textile Co Ltd",
    "ref": "K68-1"
   }
  },
  {
   "type": "Feature",
   "geometry": {
    "type": "Point",
    "coordinates": [
     114.022242,
     22.460236
    ]
   },
   "properties": {
    "station_id": "K68-D150",
    "route": "K68",
    "dir": "O",
    "seq": 17,
    "name_tc": "大昌行食品加工及物流中心",
    "name_en": "DCH Food Processing & Logistics Centre",
    "ref": "K68-1"
   }
  },
  {
   "type": "Feature",
   "geometry": {
    "type": "Point",
    "coordinates": [
     114.023412,
     22.462306
    ]
   },
   "properties": {
    "station_id": "K68-D160",
    "route": "K68",
    "dir": "O",
    "seq": 18,
    "name_tc": "有生鉛水(熱浸鋅)",
    "name_en": "Yau Sang Galvanizers (Hot-Dip) Co Ltd",
    "ref": "K68-1"
   }
  },
  {
   "type": "Feature",
   "geometry": {
    "type": "Point",
    "coordinates": [
     114.024783,
     22.464968
    ]
   },
   "properties": {
    "station_id": "K68-D170",
    "route": "K68",
    "dir": "O",
    "seq": 19,
    "name_tc": "余仁生中心",
    "name_en": "Eu Yan Sang Centre",
    "ref": "K68-1"
   }
  },
  {
   "type": "Feature",
   "geometry": {
    "type": "Point",
    "coordinates": [
     114.026899,
     22.465479
    ]
   },
   "properties": {
    "station_id": "K68-D180",
    "route": "K68",
    "dir": "O",
    "seq": 20,
    "name_tc": "元朗污水處理廠",
    "name_en": "Yuen Long Sewage Treatment Works",
    "ref": "K68-1"
   }
  },
  {
   "type": "Feature",
   "geometry": {
    "type": "Point",
    "coordinates": [
     114.027638,
     22.463782
    ]
   },
   "properties": {
    "station_id": "K68-D190",
    "route": "K68",
    "dir": "O",
    "seq": 21,
    "name_tc": "雀巢",
    "name_en": "Nestle (HK) Ltd",
    "ref": "K68-1"
   }
  },
  {
   "type": "Feature",
   "geometry": {
    "type": "Point",
    "coordinates": [
     114.029313,
     22.461655
    ]
   },
   "properties": {
    "station_id": "K68-D200",
    "route": "K68",
    "dir": "O",
    "seq": 22,
    "name_tc": "牛尾香港",
    "name_en": "Ushio HK Ltd",
    "ref": "K68-1"
   }
  },
  {
   "type": "Feature",
   "geometry": {
    "type": "Point",
    "coordinates": [
     114.026513,
     22.460827
    ]
   },
   "properties": {
    "station_id": "K68-U011",
    "route": "K68",
    "dir": "O",
    "seq": 23,
    "name_tc": "元朗工業邨",
    "name_en": "Yuen Long Industrial Estate",
    "ref": "K68-1"
   }
  },
  {
   "type": "Feature",
   "geometry": {
    "type": "Point",
    "coordinates": [
     114.023705,
     22.444676
    ]
   },
   "properties": {
    "station_id": "K68-D070",
    "route": "K68",
    "dir": "O",
    "seq": 1,
    "name_tc": "元朗廣場 ",
    "name_en": "Yuen Long Plaza ",
    "ref": "K68-2"
   }
  },
  {
   "type": "Feature",
   "geometry": {
    "type": "Point",
    "coordinates": [
     114.026583,
     22.446157
    ]
   },
   "properties": {
    "station_id": "K68-D080",
    "route": "K68",
    "dir": "O",
    "seq": 2,
    "name_tc": "元朗安寧路",
    "name_en": "Yuen Long On Ning Road",
    "ref": "K68-2"
   }
  },
  {
   "type": "Feature",
   "geometry": {
    "type": "Point",
    "coordinates": [
     114.026826,
     22.447538
    ]
   },
   "properties": {
    "station_id": "K68-D090",
    "route": "K68",
    "dir": "O",
    "seq": 3,
    "name_tc": "大橋村 ",
    "name_en": "Tai Kiu Tsuen ",
    "ref": "K68-2"
   }
  },
  {
   "type": "Feature",
   "geometry": {
    "type": "Point",
    "coordinates": [
     114.025532,
     22.449497
    ]
   },
   "properties": {
    "station_id": "K68-D100",
    "route": "K68",
    "dir": "O",
    "seq": 4,
    "name_tc": "惠州學校",
    "name_en": "Wai Chow School",
    "ref": "K68-2"
   }
  },
  {
   "type": "Feature",
   "geometry": {
    "type": "Point",
    "coordinates": [
     114.025324,
     22.451434
    ]
   },
   "properties": {
    "station_id": "K68-D110",
    "route": "K68",
    "dir": "O",
    "seq": 5,
    "name_tc": "朗屏邨珠屏樓",
    "name_en": "Chu Ping House, Long Ping Estate",
    "ref": "K68-2"
   }
  },
  {
   "type": "Feature",
   "geometry": {
    "type": "Point",
    "coordinates": [
     114.0229286,
     22.45078121
    ]
   },
   "properties": {
    "station_id": "K68-D120",
    "route": "K68",
    "dir": "O",
    "seq": 6,
    "name_tc": "朗屏 ",
    "name_en": "Long Ping ",
    "ref": "K68-2"
   }
  },
  {
   "type": "Feature",
   "geometry": {
    "type": "Point",
    "coordinates": [
     114.02403,
     22.455166
    ]
   },
   "properties": {
    "station_id": "K68-D130",
    "route": "K68",
    "dir": "O",
    "seq": 7,
    "name_tc": "橫洲福慶村",
    "name_en": "Wang Chau Fuk Hing Tsuen",
    "ref": "K68-2"
   }
  },
  {
   "type": "Feature",
   "geometry": {
    "type": "Point",
    "coordinates": [
     114.023353,
     22.45789
    ]
   },
   "properties": {
    "station_id": "K68-D140",
    "route": "K68",
    "dir": "O",
    "seq": 8,
    "name_tc": "元朗紡織品",
    "name_en": "Yuen Long Textile Co Ltd",
    "ref": "K68-2"
   }
  },
  {
   "type": "Feature",
   "geometry": {
    "type": "Point",
    "coordinates": [
     114.022242,
     22.460236
    ]
   },
   "properties": {
    "station_id": "K68-D150",
    "route": "K68",
    "dir": "O",
    "seq": 9,
    "name_tc": "大昌行食品加工及物流中心",
    "name_en": "DCH Food Processing & Logistics Centre",
    "ref": "K68-2"
   }
  },
  {
   "type": "Feature",
   "geometry": {
    "type": "Point",
    "coordinates": [
     114.023412,
     22.462306
    ]
   },
   "properties": {
    "station_id": "K68-D160",
    "route": "K68",
    "dir": "O",
    "seq": 10,
    "name_tc": "有生鉛水(熱浸鋅)",
    "name_en": "Yau Sang Galvanizers (Hot-Dip) Co Ltd",
    "ref": "K68-2"
   }
  },
  {
   "type": "Feature",
   "geometry": {
    "type": "Point",
    "coordinates": [
     114.024783,
     22.464968
    ]
   },
   "properties": {
    "station_id": "K68-D170",
    "route": "K68",
    "dir": "O",
    "seq": 11,
    "name_tc": "余仁生中心",
    "name_en": "Eu Yan Sang Centre",
    "ref": "K68-2"
   }
  },
  {
   "type": "Feature",
   "geometry": {
    "type": "Point",
    "coordinates": [
     114.026899,
     22.465479
    ]
   },
   "properties": {
    "station_id": "K68-D180",
    "route": "K68",
    "dir": "O",
    "seq": 12,
    "name_tc": "元朗污水處理廠",
    "name_en": "Yuen Long Sewage Treatment Works",
    "ref": "K68-2"
   }
  },
  {
   "type": "Feature",
   "geometry": {
    "type": "Point",
    "coordinates": [
     114.027638,
     22.463782
    ]
   },
   "properties": {
    "station_id": "K68-D190",
    "route": "K68",
    "dir": "O",
    "seq": 13,
    "name_tc": "雀巢",
    "name_en": "Nestle (HK) Ltd",
    "ref": "K68-2"
   }
  },
  {
   "type": "Feature",
   "geometry": {
    "type": "Point",
    "coordinates": [
     114.029313,
     22.461655
    ]
   },
   "properties": {
    "station_id": "K68-D200",
    "route": "K68",
    "dir": "O",
    "seq": 14,
    "name_tc": "牛尾香港",
    "name_en": "Ushio HK Ltd",
    "ref": "K68-2"
   }
  },
  {
   "type": "Feature",
   "geometry": {
    "type": "Point",
    "coordinates": [
     114.026513,
     22.460827
    ]
   },
   "properties": {
    "station_id": "K68-U011",
    "route": "K68",
    "dir": "O",
    "seq": 15,
    "name_tc": "元朗工業邨",
    "name_en": "Yuen Long Industrial Estate",
    "ref": "K68-2"
   }
  },
  {
   "type": "Feature",
   "geometry": {
    "type": "Point",
    "coordinates": [
     114.026826,
     22.447538
    ]
   },
   "properties": {
    "station_id": "K68-D090",
    "route": "K68",
    "dir": "O",
    "seq": 1,
    "name_tc": "大橋村 ",
    "name_en": "Tai Kiu Tsuen ",
    "ref": "K68-3"
   }
  },
  {
   "type": "Feature",
   "geometry": {
    "type": "Point",
    "coordinates": [
     114.025532,
     22.449497
    ]
   },
   "properties": {
    "station_id": "K68-D100",
    "route": "K68",
    "dir": "O",
    "seq": 2,
    "name_tc": "惠州學校",
    "name_en": "Wai Chow School",
    "ref": "K68-3"
   }
  },
  {
   "type": "Feature",
   "geometry": {
    "type": "Point",
    "coordinates": [
     114.025324,
     22.451434
    ]
   },
   "properties": {
    "station_id": "K68-D110",
    "route": "K68",
    "dir": "O",
    "seq": 3,
    "name_tc": "朗屏邨珠屏樓",
    "name_en": "Chu Ping House, Long Ping Estate",
    "ref": "K68-3"
   }
  },
  {
   "type": "Feature",
   "geometry": {
    "type": "Point",
    "coordinates": [
     114.0229286,
     22.45078121
    ]
   },
   "properties": {
    "station_id": "K68-D120",
    "route": "K68",
    "dir": "O",
    "seq": 4,
    "name_tc": "朗屏 ",
    "name_en": "Long Ping ",
    "ref": "K68-3"
   }
  },
  {
   "type": "Feature",
   "geometry": {
    "type": "Point",
    "coordinates": [
     114.02403,
     22.455166
    ]
   },
   "properties": {
    "station_id": "K68-D130",
    "route": "K68",
    "dir": "O",
    "seq": 5,
    "name_tc": "橫洲福慶村",
    "name_en": "Wang Chau Fuk Hing Tsuen",
    "ref": "K68-3"
   }
  },
  {
   "type": "Feature",
   "geometry": {
    "type": "Point",
    "coordinates": [
     114.023353,
     22.45789
    ]
   },
   "properties": {
    "station_id": "K68-D140",
    "route": "K68",
    "dir": "O",
    "seq": 6,
    "name_tc": "元朗紡織品",
    "name_en": "Yuen Long Textile Co Ltd",
    "ref": "K68-3"
   }
  },
  {
   "type": "Feature",
   "geometry": {
    "type": "Point",
    "coordinates": [
     114.022242,
     22.460236
    ]
   },
   "properties": {
    "station_id": "K68-D150",
    "route": "K68",
    "dir": "O",
    "seq": 7,
    "name_tc": "大昌行食品加工及物流中心",
    "name_en": "DCH Food Processing & Logistics Centre",
    "ref": "K68-3"
   }
  },
  {
   "type": "Feature",
   "geometry": {
    "type": "Point",
    "coordinates": [
     114.023412,
     22.462306
    ]
   },
   "properties": {
    "station_id": "K68-D160",
    "route": "K68",
    "dir": "O",
    "seq": 8,
    "name_tc": "有生鉛水(熱浸鋅)",
    "name_en": "Yau Sang Galvanizers (Hot-Dip) Co Ltd",
    "ref": "K68-3"
   }
  },
  {
   "type": "Feature",
   "geometry": {
    "type": "Point",
    "coordinates": [
     114.024783,
     22.464968
    ]
   },
   "properties": {
    "station_id": "K68-D170",
    "route": "K68",
    "dir": "O",
    "seq": 9,
    "name_tc": "余仁生中心",
    "name_en": "Eu Yan Sang Centre",
    "ref": "K68-3"
   }
  },
  {
   "type": "Feature",
   "geometry": {
    "type": "Point",
    "coordinates": [
     114.026899,
     22.465479
    ]
   },
   "properties": {
    "station_id": "K68-D180",
    "route": "K68",
    "dir": "O",
    "seq": 10,
    "name_tc": "元朗污水處理廠",
    "name_en": "Yuen Long Sewage Treatment Works",
    "ref": "K68-3"
   }
  },
  {
   "type": "Feature",
   "geometry": {
    "type": "Point",
    "coordinates": [
     114.027638,
     22.463782
    ]
   },
   "properties": {
    "station_id": "K68-D190",
    "route": "K68",
    "dir": "O",
    "seq": 11,
    "name_tc": "雀巢",
    "name_en": "Nestle (HK) Ltd",
    "ref": "K68-3"
   }
  },
  {
   "type": "Feature",
   "geometry": {
    "type": "Point",
    "coordinates": [
     114.029313,
     22.461655
    ]
   },
   "properties": {
    "station_id": "K68-D200",
    "route": "K68",
    "dir": "O",
    "seq": 12,
    "name_tc": "牛尾香港",
    "name_en": "Ushio HK Ltd",
    "ref": "K68-3"
   }
  },
  {
   "type": "Feature",
   "geometry": {
    "type": "Point",
    "coordinates": [
     114.026513,
     22.460827
    ]
   },
   "properties": {
    "station_id": "K68-U011",
    "route": "K68",
    "dir": "O",
    "seq": 13,
    "name_tc": "元朗工業邨",
    "name_en": "Yuen Long Industrial Estate",
    "ref": "K68-3"
   }
  },
  {
   "type": "Feature",
   "geometry": {
    "type": "Point",
    "coordinates": [
     114.026513,
     22.460827
    ]
   },
   "properties": {
    "station_id": "K68-U010",
    "route": "K68",
    "dir": "O",
    "seq": 1,
    "name_tc": "元朗工業邨",
    "name_en": "Yuen Long Industrial Estate",
    "ref": "K68-4"
   }
  },
  {
   "type": "Feature",
   "geometry": {
    "type": "Point",
    "coordinates": [
     114.028979,
     22.462075
    ]
   },
   "properties": {
    "station_id": "K68-U020",
    "route": "K68",
    "dir": "O",
    "seq": 2,
    "name_tc": "凸版資訊卡",
    "name_en": "Toppan Forms Card Tech Ltd",
    "ref": "K68-4"
   }
  },
  {
   "type": "Feature",
   "geometry": {
    "type": "Point",
    "coordinates": [
     114.027581,
     22.463753
    ]
   },
   "properties": {
    "station_id": "K68-U030",
    "route": "K68",
    "dir": "O",
    "seq": 3,
    "name_tc": "雀巢",
    "name_en": "Nestle (HK) Ltd",
    "ref": "K68-4"
   }
  },
  {
   "type": "Feature",
   "geometry": {
    "type": "Point",
    "coordinates": [
     114.026843,
     22.465525
    ]
   },
   "properties": {
    "station_id": "K68-U040",
    "route": "K68",
    "dir": "O",
    "seq": 4,
    "name_tc": "元朗污水處理廠",
    "name_en": "Yuen Long Sewage Treatment Works",
    "ref": "K68-4"
   }
  },
  {
   "type": "Feature",
   "geometry": {
    "type": "Point",
    "coordinates": [
     114.024822,
     22.464754
    ]
   },
   "properties": {
    "station_id": "K68-U050",
    "route": "K68",
    "dir": "O",
    "seq": 5,
    "name_tc": "位元堂藥業大廈",
    "name_en": "Wai Yuen Tong Medicine Building",
    "ref": "K68-4"
   }
  },
  {
   "type": "Feature",
   "geometry": {
    "type": "Point",
    "coordinates": [
     114.023448,
     22.462219
    ]
   },
   "properties": {
    "station_id": "K68-U060",
    "route": "K68",
    "dir": "O",
    "seq": 6,
    "name_tc": "東電化電子零件",
    "name_en": "TDK Manufacturing (HK) Co Ltd",
    "ref": "K68-4"
   }
  },
  {
   "type": "Feature",
   "geometry": {
    "type": "Point",
    "coordinates": [
     114.022169,
     22.46039
    ]
   },
   "properties": {
    "station_id": "K68-U070",
    "route": "K68",
    "dir": "O",
    "seq": 7,
    "name_tc": "凸版印刷",
    "name_en": "Toppan Printing Co (HK) Ltd",
    "ref": "K68-4"
   }
  },
  {
   "type": "Feature",
   "geometry": {
    "type": "Point",
    "coordinates": [
     114.023157,
     22.45845
    ]
   },
   "properties": {
    "station_id": "K68-U080",
    "route": "K68",
    "dir": "O",
    "seq": 8,
    "name_tc": "匯泉國際實業",
    "name_en": "Telford International Industries Ltd",
    "ref": "K68-4"
   }
  },
  {
   "type": "Feature",
   "geometry": {
    "type": "Point",
    "coordinates": [
     114.024092,
     22.455119
    ]
   },
   "properties": {
    "station_id": "K68-U090",
    "route": "K68",
    "dir": "O",
    "seq": 9,
    "name_tc": "橫洲福慶村",
    "name_en": "Wang Chau Fuk Hing Tsuen",
    "ref": "K68-4"
   }
  },
  {
   "type": "Feature",
   "geometry": {
    "type": "Point",
    "coordinates": [
     114.0229286,
     22.45078121
    ]
   },
   "properties": {
    "station_id": "K68-U100",
    "route": "K68",
    "dir": "O",
    "seq": 10,
    "name_tc": "朗屏 ",
    "name_en": "Long Ping ",
    "ref": "K68-4"
   }
  },
  {
   "type": "Feature",
   "geometry": {
    "type": "Point",
    "coordinates": [
     114.025576,
     22.451379
    ]
   },
   "properties": {
    "station_id": "K68-U110",
    "route": "K68",
    "dir": "O",
    "seq": 11,
    "name_tc": "楊屋村",
    "name_en": "Yeung Uk Tsuen",
    "ref": "K68-4"
   }
  },
  {
   "type": "Feature",
   "geometry": {
    "type": "Point",
    "coordinates": [
     114.026826,
     22.447538
    ]
   },
   "properties": {
    "station_id": "K68-D090",
    "route": "K68",
    "dir": "O",
    "seq": 12,
    "name_tc": "大橋村 ",
    "name_en": "Tai Kiu Tsuen ",
    "ref": "K68-4"
   }
  },
  {
   "type": "Feature",
   "geometry": {
    "type": "Point",
    "coordinates": [
     113.999661,
     22.469006
    ]
   },
   "properties": {
    "station_id": "K73-U010",
    "route": "K73",
    "dir": "O",
    "seq": 1,
    "name_tc": "天恆",
    "name_en": "Tin Heng",
    "ref": "K73"
   }
  },
  {
   "type": "Feature",
   "geometry": {
    "type": "Point",
    "coordinates": [
     113.999163,
     22.468098
    ]
   },
   "properties": {
    "station_id": "K73-U020",
    "route": "K73",
    "dir": "O",
    "seq": 2,
    "name_tc": "天逸邨逸潭樓",
    "name_en": "Yat Tam House, Tin Yat Estate",
    "ref": "K73"
   }
  },
  {
   "type": "Feature",
   "geometry": {
    "type": "Point",
    "coordinates": [
     114.00016,
     22.465511
    ]
   },
   "properties": {
    "station_id": "K73-U030",
    "route": "K73",
    "dir": "O",
    "seq": 3,
    "name_tc": "天逸邨逸洋樓",
    "name_en": "Yat Yeung House, Tin Yat Estate",
    "ref": "K73"
   }
  },
  {
   "type": "Feature",
   "geometry": {
    "type": "Point",
    "coordinates": [
     114.003129,
     22.464482
    ]
   },
   "properties": {
    "station_id": "K73-U040",
    "route": "K73",
    "dir": "O",
    "seq": 4,
    "name_tc": "天晴邨晴碧樓",
    "name_en": "Ching Pik House, Tin Ching Estate",
    "ref": "K73"
   }
  },
  {
   "type": "Feature",
   "geometry": {
    "type": "Point",
    "coordinates": [
     114.004136,
     22.463253
    ]
   },
   "properties": {
    "station_id": "K73-U050",
    "route": "K73",
    "dir": "O",
    "seq": 5,
    "name_tc": "香港青年協會李兆基書院",
    "name_en": "HKFYG Lee Shau Kee College",
    "ref": "K73"
   }
  },
  {
   "type": "Feature",
   "geometry": {
    "type": "Point",
    "coordinates": [
     114.004565,
     22.46082
    ]
   },
   "properties": {
    "station_id": "K73-U060",
    "route": "K73",
    "dir": "O",
    "seq": 6,
    "name_tc": "天葵路美湖居",
    "name_en": "Maywood Court, Tin Kwai Road",
    "ref": "K73"
   }
  },
  {
   "type": "Feature",
   "geometry": {
    "type": "Point",
    "coordinates": [
     114.005577,
     22.457444
    ]
   },
   "properties": {
    "station_id": "K73-U070",
    "route": "K73",
    "dir": "O",
    "seq": 7,
    "name_tc": "天城路景湖居",
    "name_en": "Kenswood Court, Tin Shing Road",
    "ref": "K73"
   }
  },
  {
   "type": "Feature",
   "geometry": {
    "type": "Point",
    "coordinates": [
     114.006118,
     22.453279
    ]
   },
   "properties": {
    "station_id": "K73-U080",
    "route": "K73",
    "dir": "O",
    "seq": 8,
    "name_tc": "天慈邨",
    "name_en": "Tin Tsz Estate",
    "ref": "K73"
   }
  },
  {
   "type": "Feature",
   "geometry": {
    "type": "Point",
    "coordinates": [
     114.018634,
     22.44845
    ]
   },
   "properties": {
    "station_id": "K73-U090",
    "route": "K73",
    "dir": "O",
    "seq": 9,
    "name_tc": "鳳池村",
    "name_en": "Fung Chi Tsuen",
    "ref": "K73"
   }
  },
  {
   "type": "Feature",
   "geometry": {
    "type": "Point",
    "coordinates": [
     114.0229286,
     22.45078121
    ]
   },
   "properties": {
    "station_id": "K73-U100",
    "route": "K73",
    "dir": "O",
    "seq": 10,
    "name_tc": "朗屏 (巴士總站)",
    "name_en": "Long Ping (Bus Terminus)",
    "ref": "K73"
   }
  },
  {
   "type": "Feature",
   "geometry": {
    "type": "Point",
    "coordinates": [
     114.022607,
     22.446002
    ]
   },
   "properties": {
    "station_id": "K73-U110",
    "route": "K73",
    "dir": "O",
    "seq": 11,
    "name_tc": "元朗盲人安老院",
    "name_en": "Yuen Long Home for the Aged Blind",
    "ref": "K73"
   }
  },
  {
   "type": "Feature",
   "geometry": {
    "type": "Point",
    "coordinates": [
     114.024919,
     22.445181
    ]
   },
   "properties": {
    "station_id": "K73-U120",
    "route": "K73",
    "dir": "O",
    "seq": 12,
    "name_tc": "元朗西 (輕鐵豐年路站)",
    "name_en": "Yuen Long West (LR Fung Nin Road Stop)",
    "ref": "K73"
   }
  },
  {
   "type": "Feature",
   "geometry": {
    "type": "Point",
    "coordinates": [
     114.024919,
     22.445181
    ]
   },
   "properties": {
    "station_id": "K73-D010",
    "route": "K73",
    "dir": "I",
    "seq": 1,
    "name_tc": "元朗西 (輕鐵豐年路站)",
    "name_en": "Yuen Long West (LR Fung Nin Road Stop)",
    "ref": "K73"
   }
  },
  {
   "type": "Feature",
   "geometry": {
    "type": "Point",
    "coordinates": [
     114.026731,
     22.446162
    ]
   },
   "properties": {
    "station_id": "K73-D020",
    "route": "K73",
    "dir": "I",
    "seq": 2,
    "name_tc": "元朗安寧路",
    "name_en": "Yuen Long On Ning Road",
    "ref": "K73"
   }
  },
  {
   "type": "Feature",
   "geometry": {
    "type": "Point",
    "coordinates": [
     114.026856,
     22.447489
    ]
   },
   "properties": {
    "station_id": "K73-D030",
    "route": "K73",
    "dir": "I",
    "seq": 3,
    "name_tc": "大橋村 (港鐵朗屏站)",
    "name_en": "Tai Kiu Tsuen (MTR Long Ping Station)",
    "ref": "K73"
   }
  },
  {
   "type": "Feature",
   "geometry": {
    "type": "Point",
    "coordinates": [
     114.02552,
     22.449497
    ]
   },
   "properties": {
    "station_id": "K73-D040",
    "route": "K73",
    "dir": "I",
    "seq": 4,
    "name_tc": "惠州學校",
    "name_en": "Wai Chow School",
    "ref": "K73"
   }
  },
  {
   "type": "Feature",
   "geometry": {
    "type": "Point",
    "coordinates": [
     114.025329,
     22.451408
    ]
   },
   "properties": {
    "station_id": "K73-D050",
    "route": "K73",
    "dir": "I",
    "seq": 5,
    "name_tc": "朗屏邨珠屏樓",
    "name_en": "Chu Ping House, Long Ping Estate",
    "ref": "K73"
   }
  },
  {
   "type": "Feature",
   "geometry": {
    "type": "Point",
    "coordinates": [
     114.0229286,
     22.45078121
    ]
   },
   "properties": {
    "station_id": "K73-D070",
    "route": "K73",
    "dir": "I",
    "seq": 7,
    "name_tc": "朗屏 (巴士總站)",
    "name_en": "Long Ping (Bus Terminus)",
    "ref": "K73"
   }
  },
  {
   "type": "Feature",
   "geometry": {
    "type": "Point",
    "coordinates": [
     114.018562,
     22.448299
    ]
   },
   "properties": {
    "station_id": "K73-D080",
    "route": "K73",
    "dir": "I",
    "seq": 8,
    "name_tc": "鳳池村",
    "name_en": "Fung Chi Tsuen",
    "ref": "K73"
   }
  },
  {
   "type": "Feature",
   "geometry": {
    "type": "Point",
    "coordinates": [
     114.00589,
     22.453358
    ]
   },
   "properties": {
    "station_id": "K73-D090",
    "route": "K73",
    "dir": "I",
    "seq": 9,
    "name_tc": "輕鐵天慈站",
    "name_en": "LR Tin Tsz Stop",
    "ref": "K73"
   }
  },
  {
   "type": "Feature",
   "geometry": {
    "type": "Point",
    "coordinates": [
     114.007159,
     22.455038
    ]
   },
   "properties": {
    "station_id": "K73-D100",
    "route": "K73",
    "dir": "I",
    "seq": 10,
    "name_tc": "天水圍游泳池",
    "name_en": "Tin Shui Wai Swimming Pool",
    "ref": "K73"
   }
  },
  {
   "type": "Feature",
   "geometry": {
    "type": "Point",
    "coordinates": [
     114.005282,
     22.458987
    ]
   },
   "properties": {
    "station_id": "K73-D110",
    "route": "K73",
    "dir": "I",
    "seq": 11,
    "name_tc": "天龍路景湖居",
    "name_en": "Kenswood Court, Tin Lung Road",
    "ref": "K73"
   }
  },
  {
   "type": "Feature",
   "geometry": {
    "type": "Point",
    "coordinates": [
     114.004634,
     22.460486
    ]
   },
   "properties": {
    "station_id": "K73-D120",
    "route": "K73",
    "dir": "I",
    "seq": 12,
    "name_tc": "天葵路麗湖居",
    "name_en": "Lynwood Court, Tin Kwai Road",
    "ref": "K73"
   }
  },
  {
   "type": "Feature",
   "geometry": {
    "type": "Point",
    "coordinates": [
     114.00392,
     22.463375
    ]
   },
   "properties": {
    "station_id": "K73-D130",
    "route": "K73",
    "dir": "I",
    "seq": 13,
    "name_tc": "天晴邨晴雲樓",
    "name_en": "Ching Wan House, Tin Ching Estate",
    "ref": "K73"
   }
  },
  {
   "type": "Feature",
   "geometry": {
    "type": "Point",
    "coordinates": [
     114.000072,
     22.465398
    ]
   },
   "properties": {
    "station_id": "K73-D140",
    "route": "K73",
    "dir": "I",
    "seq": 14,
    "name_tc": "天富苑能富閣",
    "name_en": "Nang Fu House, Tin Fu Court",
    "ref": "K73"
   }
  },
  {
   "type": "Feature",
   "geometry": {
    "type": "Point",
    "coordinates": [
     113.999183,
     22.468127
    ]
   },
   "properties": {
    "station_id": "K73-D150",
    "route": "K73",
    "dir": "I",
    "seq": 15,
    "name_tc": "天澤邨",
    "name_en": "Tin Chak Estate",
    "ref": "K73"
   }
  },
  {
   "type": "Feature",
   "geometry": {
    "type": "Point",
    "coordinates": [
     113.999661,
     22.469006
    ]
   },
   "properties": {
    "station_id": "K73-D160",
    "route": "K73",
    "dir": "I",
    "seq": 16,
    "name_tc": "天恆",
    "name_en": "Tin Heng",
    "ref": "K73"
   }
  },
  {
   "type": "Feature",
   "geometry": {
    "type": "Point",
    "coordinates": [
     113.996295,
     22.462566
    ]
   },
   "properties": {
    "station_id": "K73-U025",
    "route": "K73",
    "dir": "O",
    "seq": 1,
    "name_tc": "天恩",
    "name_en": "Tin Yan",
    "ref": "K73-1"
   }
  },
  {
   "type": "Feature",
   "geometry": {
    "type": "Point",
    "coordinates": [
     113.999639,
     22.462045
    ]
   },
   "properties": {
    "station_id": "K73-U045",
    "route": "K73",
    "dir": "O",
    "seq": 2,
    "name_tc": "天悅邨",
    "name_en": "Tin Yuet Estate",
    "ref": "K73-1"
   }
  },
  {
   "type": "Feature",
   "geometry": {
    "type": "Point",
    "coordinates": [
     114.004565,
     22.46082
    ]
   },
   "properties": {
    "station_id": "K73-U060",
    "route": "K73",
    "dir": "O",
    "seq": 3,
    "name_tc": "天葵路美湖居",
    "name_en": "Maywood Court, Tin Kwai Road",
    "ref": "K73-1"
   }
  },
  {
   "type": "Feature",
   "geometry": {
    "type": "Point",
    "coordinates": [
     114.005577,
     22.457444
    ]
   },
   "properties": {
    "station_id": "K73-U070",
    "route": "K73",
    "dir": "O",
    "seq": 4,
    "name_tc": "天城路景湖居",
    "name_en": "Kenswood Court, Tin Shing Road",
    "ref": "K73-1"
   }
  },
  {
   "type": "Feature",
   "geometry": {
    "type": "Point",
    "coordinates": [
     114.006118,
     22.453279
    ]
   },
   "properties": {
    "station_id": "K73-U080",
    "route": "K73",
    "dir": "O",
    "seq": 5,
    "name_tc": "天慈邨",
    "name_en": "Tin Tsz Estate",
    "ref": "K73-1"
   }
  },
  {
   "type": "Feature",
   "geometry": {
    "type": "Point",
    "coordinates": [
     114.018634,
     22.44845
    ]
   },
   "properties": {
    "station_id": "K73-U090",
    "route": "K73",
    "dir": "O",
    "seq": 6,
    "name_tc": "鳳池村",
    "name_en": "Fung Chi Tsuen",
    "ref": "K73-1"
   }
  },
  {
   "type": "Feature",
   "geometry": {
    "type": "Point",
    "coordinates": [
     114.0229286,
     22.45078121
    ]
   },
   "properties": {
    "station_id": "K73-U100",
    "route": "K73",
    "dir": "O",
    "seq": 7,
    "name_tc": "朗屏 ",
    "name_en": "Long Ping ",
    "ref": "K73-1"
   }
  },
  {
   "type": "Feature",
   "geometry": {
    "type": "Point",
    "coordinates": [
     114.022607,
     22.446002
    ]
   },
   "properties": {
    "station_id": "K73-U110",
    "route": "K73",
    "dir": "O",
    "seq": 8,
    "name_tc": "元朗盲人安老院",
    "name_en": "Yuen Long Home for the Aged Blind",
    "ref": "K73-1"
   }
  },
  {
   "type": "Feature",
   "geometry": {
    "type": "Point",
    "coordinates": [
     114.024919,
     22.445181
    ]
   },
   "properties": {
    "station_id": "K73-U120",
    "route": "K73",
    "dir": "O",
    "seq": 9,
    "name_tc": "元朗西 ",
    "name_en": "Yuen Long West ",
    "ref": "K73-1"
   }
  },
  {
   "type": "Feature",
   "geometry": {
    "type": "Point",
    "coordinates": [
     114.004136,
     22.463253
    ]
   },
   "properties": {
    "station_id": "K73-U050",
    "route": "K73",
    "dir": "O",
    "seq": 1,
    "name_tc": "香港青年協會李兆基書院",
    "name_en": "HKFYG Lee Shau Kee College",
    "ref": "K73-2"
   }
  },
  {
   "type": "Feature",
   "geometry": {
    "type": "Point",
    "coordinates": [
     114.004565,
     22.46082
    ]
   },
   "properties": {
    "station_id": "K73-U060",
    "route": "K73",
    "dir": "O",
    "seq": 2,
    "name_tc": "天葵路美湖居",
    "name_en": "Maywood Court, Tin Kwai Road",
    "ref": "K73-2"
   }
  },
  {
   "type": "Feature",
   "geometry": {
    "type": "Point",
    "coordinates": [
     114.005577,
     22.457444
    ]
   },
   "properties": {
    "station_id": "K73-U070",
    "route": "K73",
    "dir": "O",
    "seq": 3,
    "name_tc": "天城路景湖居",
    "name_en": "Kenswood Court, Tin Shing Road",
    "ref": "K73-2"
   }
  },
  {
   "type": "Feature",
   "geometry": {
    "type": "Point",
    "coordinates": [
     114.006118,
     22.453279
    ]
   },
   "properties": {
    "station_id": "K73-U080",
    "route": "K73",
    "dir": "O",
    "seq": 4,
    "name_tc": "天慈邨",
    "name_en": "Tin Tsz Estate",
    "ref": "K73-2"
   }
  },
  {
   "type": "Feature",
   "geometry": {
    "type": "Point",
    "coordinates": [
     114.018634,
     22.44845
    ]
   },
   "properties": {
    "station_id": "K73-U090",
    "route": "K73",
    "dir": "O",
    "seq": 5,
    "name_tc": "鳳池村",
    "name_en": "Fung Chi Tsuen",
    "ref": "K73-2"
   }
  },
  {
   "type": "Feature",
   "geometry": {
    "type": "Point",
    "coordinates": [
     114.0229286,
     22.45078121
    ]
   },
   "properties": {
    "station_id": "K73-U100",
    "route": "K73",
    "dir": "O",
    "seq": 6,
    "name_tc": "朗屏 ",
    "name_en": "Long Ping ",
    "ref": "K73-2"
   }
  },
  {
   "type": "Feature",
   "geometry": {
    "type": "Point",
    "coordinates": [
     114.022607,
     22.446002
    ]
   },
   "properties": {
    "station_id": "K73-U110",
    "route": "K73",
    "dir": "O",
    "seq": 7,
    "name_tc": "元朗盲人安老院",
    "name_en": "Yuen Long Home for the Aged Blind",
    "ref": "K73-2"
   }
  },
  {
   "type": "Feature",
   "geometry": {
    "type": "Point",
    "coordinates": [
     114.024919,
     22.445181
    ]
   },
   "properties": {
    "station_id": "K73-U120",
    "route": "K73",
    "dir": "O",
    "seq": 8,
    "name_tc": "元朗西 ",
    "name_en": "Yuen Long West ",
    "ref": "K73-2"
   }
  },
  {
   "type": "Feature",
   "geometry": {
    "type": "Point",
    "coordinates": [
     114.001415,
     22.458553
    ]
   },
   "properties": {
    "station_id": "K74-U001",
    "route": "K74",
    "dir": "O",
    "seq": 1,
    "name_tc": "天水圍市中心",
    "name_en": "Tin Shui Wai Town Centre",
    "ref": "K74"
   }
  },
  {
   "type": "Feature",
   "geometry": {
    "type": "Point",
    "coordinates": [
     114.000382,
     22.461849
    ]
   },
   "properties": {
    "station_id": "K74-U004",
    "route": "K74",
    "dir": "O",
    "seq": 2,
    "name_tc": "天頌苑頌棋閣",
    "name_en": "Chung Ki House Tin Chung Court",
    "ref": "K74"
   }
  },
  {
   "type": "Feature",
   "geometry": {
    "type": "Point",
    "coordinates": [
     113.997158,
     22.460735
    ]
   },
   "properties": {
    "station_id": "K74-U007",
    "route": "K74",
    "dir": "O",
    "seq": 3,
    "name_tc": "天頌苑",
    "name_en": "Tin Chung Court",
    "ref": "K74"
   }
  },
  {
   "type": "Feature",
   "geometry": {
    "type": "Point",
    "coordinates": [
     113.998689,
     22.455322
    ]
   },
   "properties": {
    "station_id": "K74-U010",
    "route": "K74",
    "dir": "O",
    "seq": 4,
    "name_tc": "天瑞",
    "name_en": "Tin Shui",
    "ref": "K74"
   }
  },
  {
   "type": "Feature",
   "geometry": {
    "type": "Point",
    "coordinates": [
     114.003146,
     22.454452
    ]
   },
   "properties": {
    "station_id": "K74-U020",
    "route": "K74",
    "dir": "O",
    "seq": 5,
    "name_tc": "天水圍公園",
    "name_en": "Tin Shui Wai Park",
    "ref": "K74"
   }
  },
  {
   "type": "Feature",
   "geometry": {
    "type": "Point",
    "coordinates": [
     114.006135,
     22.453288
    ]
   },
   "properties": {
    "station_id": "K74-U030",
    "route": "K74",
    "dir": "O",
    "seq": 6,
    "name_tc": "天慈邨",
    "name_en": "Tin Tsz Estate",
    "ref": "K74"
   }
  },
  {
   "type": "Feature",
   "geometry": {
    "type": "Point",
    "coordinates": [
     114.018601,
     22.448467
    ]
   },
   "properties": {
    "station_id": "K74-U040",
    "route": "K74",
    "dir": "O",
    "seq": 7,
    "name_tc": "鳳池村",
    "name_en": "Fung Chi Tsuen",
    "ref": "K74"
   }
  },
  {
   "type": "Feature",
   "geometry": {
    "type": "Point",
    "coordinates": [
     114.022688,
     22.450549
    ]
   },
   "properties": {
    "station_id": "K74-U050",
    "route": "K74",
    "dir": "O",
    "seq": 8,
    "name_tc": "朗屏 (巴士總站)",
    "name_en": "Long Ping (Bus Terminus)",
    "ref": "K74"
   }
  },
  {
   "type": "Feature",
   "geometry": {
    "type": "Point",
    "coordinates": [
     114.022572,
     22.445968
    ]
   },
   "properties": {
    "station_id": "K74-U060",
    "route": "K74",
    "dir": "O",
    "seq": 9,
    "name_tc": "元朗盲人安老院",
    "name_en": "Yuen Long Home for the Aged Blind",
    "ref": "K74"
   }
  },
  {
   "type": "Feature",
   "geometry": {
    "type": "Point",
    "coordinates": [
     114.023718,
     22.44467
    ]
   },
   "properties": {
    "station_id": "K74-U070",
    "route": "K74",
    "dir": "O",
    "seq": 10,
    "name_tc": "元朗廣場 (輕鐵豐年路站)",
    "name_en": "Yuen Long Plaza (LR Fung Nin Road Stop)",
    "ref": "K74"
   }
  },
  {
   "type": "Feature",
   "geometry": {
    "type": "Point",
    "coordinates": [
     114.02836,
     22.4444
    ]
   },
   "properties": {
    "station_id": "K74-U080",
    "route": "K74",
    "dir": "O",
    "seq": 11,
    "name_tc": "開心廣場",
    "name_en": "Yuen Long Landmark",
    "ref": "K74"
   }
  },
  {
   "type": "Feature",
   "geometry": {
    "type": "Point",
    "coordinates": [
     114.0349444,
     22.446625
    ]
   },
   "properties": {
    "station_id": "K74-U090",
    "route": "K74",
    "dir": "O",
    "seq": 12,
    "name_tc": "港鐵元朗站(朗日路)  (港鐵元朗站)",
    "name_en": "MTR Yuen Long Station (Long Yat Road) (MTR Yuen Long Station)",
    "ref": "K74"
   }
  },
  {
   "type": "Feature",
   "geometry": {
    "type": "Point",
    "coordinates": [
     114.040379,
     22.444787
    ]
   },
   "properties": {
    "station_id": "K74-U100",
    "route": "K74",
    "dir": "O",
    "seq": 13,
    "name_tc": "博愛醫院",
    "name_en": "Pok Oi Hospital",
    "ref": "K74"
   }
  },
  {
   "type": "Feature",
   "geometry": {
    "type": "Point",
    "coordinates": [
     114.0436667,
     22.44436944
    ]
   },
   "properties": {
    "station_id": "K74-D010",
    "route": "K74",
    "dir": "O",
    "seq": 14,
    "name_tc": "東成里",
    "name_en": "Tung Shing Lei",
    "ref": "K74"
   }
  },
  {
   "type": "Feature",
   "geometry": {
    "type": "Point",
    "coordinates": [
     114.0439444,
     22.44403889
    ]
   },
   "properties": {
    "station_id": "K74-D020",
    "route": "K74",
    "dir": "O",
    "seq": 15,
    "name_tc": "東華三院馬振玉中學(近朗善邨)",
    "name_en": "TWGHs C.Y.Ma Memorial College (near Long Shin Estate)",
    "ref": "K74"
   }
  },
  {
   "type": "Feature",
   "geometry": {
    "type": "Point",
    "coordinates": [
     114.026853,
     22.447487
    ]
   },
   "properties": {
    "station_id": "K74-D030",
    "route": "K74",
    "dir": "O",
    "seq": 16,
    "name_tc": "大橋村 (港鐵朗屏站)",
    "name_en": "Tai Kiu Tsuen (MTR Long Ping Station)",
    "ref": "K74"
   }
  },
  {
   "type": "Feature",
   "geometry": {
    "type": "Point",
    "coordinates": [
     114.025527,
     22.449502
    ]
   },
   "properties": {
    "station_id": "K74-D040",
    "route": "K74",
    "dir": "O",
    "seq": 17,
    "name_tc": "惠州學校",
    "name_en": "Wai Chow School",
    "ref": "K74"
   }
  },
  {
   "type": "Feature",
   "geometry": {
    "type": "Point",
    "coordinates": [
     114.025317,
     22.451421
    ]
   },
   "properties": {
    "station_id": "K74-D050",
    "route": "K74",
    "dir": "O",
    "seq": 18,
    "name_tc": "朗屏邨珠屏樓",
    "name_en": "Chu Ping House, Long Ping Estate",
    "ref": "K74"
   }
  },
  {
   "type": "Feature",
   "geometry": {
    "type": "Point",
    "coordinates": [
     114.022688,
     22.450549
    ]
   },
   "properties": {
    "station_id": "K74-D060",
    "route": "K74",
    "dir": "O",
    "seq": 19,
    "name_tc": "朗屏 (巴士總站)",
    "name_en": "Long Ping (Bus Terminus)",
    "ref": "K74"
   }
  },
  {
   "type": "Feature",
   "geometry": {
    "type": "Point",
    "coordinates": [
     114.018583,
     22.448256
    ]
   },
   "properties": {
    "station_id": "K74-D070",
    "route": "K74",
    "dir": "O",
    "seq": 20,
    "name_tc": "鳳池村",
    "name_en": "Fung Chi Tsuen",
    "ref": "K74"
   }
  },
  {
   "type": "Feature",
   "geometry": {
    "type": "Point",
    "coordinates": [
     114.005918,
     22.45321
    ]
   },
   "properties": {
    "station_id": "K74-D080",
    "route": "K74",
    "dir": "O",
    "seq": 21,
    "name_tc": "輕鐵天慈站",
    "name_en": "LR Tin Tsz Stop",
    "ref": "K74"
   }
  },
  {
   "type": "Feature",
   "geometry": {
    "type": "Point",
    "coordinates": [
     114.002637,
     22.454616
    ]
   },
   "properties": {
    "station_id": "K74-D090",
    "route": "K74",
    "dir": "O",
    "seq": 22,
    "name_tc": "天水圍公園",
    "name_en": "Tin Shui Wai Park",
    "ref": "K74"
   }
  },
  {
   "type": "Feature",
   "geometry": {
    "type": "Point",
    "coordinates": [
     113.999096,
     22.45677
    ]
   },
   "properties": {
    "station_id": "K74-U011",
    "route": "K74",
    "dir": "O",
    "seq": 23,
    "name_tc": "天瑞",
    "name_en": "Tin Shui",
    "ref": "K74"
   }
  },
  {
   "type": "Feature",
   "geometry": {
    "type": "Point",
    "coordinates": [
     113.997021,
     22.460285
    ]
   },
   "properties": {
    "station_id": "K74-D100",
    "route": "K74",
    "dir": "O",
    "seq": 24,
    "name_tc": "天華邨",
    "name_en": "Tin Wah Estate",
    "ref": "K74"
   }
  },
  {
   "type": "Feature",
   "geometry": {
    "type": "Point",
    "coordinates": [
     113.999639,
     22.462045
    ]
   },
   "properties": {
    "station_id": "K74-D110",
    "route": "K74",
    "dir": "O",
    "seq": 25,
    "name_tc": "天悅邨",
    "name_en": "Tin Yuet Estate",
    "ref": "K74"
   }
  },
  {
   "type": "Feature",
   "geometry": {
    "type": "Point",
    "coordinates": [
     114.001471,
     22.458332
    ]
   },
   "properties": {
    "station_id": "K74-U002",
    "route": "K74",
    "dir": "O",
    "seq": 26,
    "name_tc": "天水圍市中心",
    "name_en": "Tin Shui Wai Town Centre",
    "ref": "K74"
   }
  },
  {
   "type": "Feature",
   "geometry": {
    "type": "Point",
    "coordinates": [
     114.0037516,
     22.44654
    ]
   },
   "properties": {
    "station_id": "K75A-U010",
    "route": "K75A",
    "dir": "O",
    "seq": 1,
    "name_tc": "天水圍站 (輕鐵天水圍站)",
    "name_en": "Tin Shui Wai Station (LR Tin Shui Wai Stop)",
    "ref": "K75A"
   }
  },
  {
   "type": "Feature",
   "geometry": {
    "type": "Point",
    "coordinates": [
     114.00307,
     22.446839
    ]
   },
   "properties": {
    "station_id": "K75A-U020",
    "route": "K75A",
    "dir": "O",
    "seq": 2,
    "name_tc": "天盛苑 (港鐵天水圍站)",
    "name_en": "Tin Shing Court (MTR Tin Shui Wai Station)",
    "ref": "K75A"
   }
  },
  {
   "type": "Feature",
   "geometry": {
    "type": "Point",
    "coordinates": [
     113.998965,
     22.440307
    ]
   },
   "properties": {
    "station_id": "K75A-U030",
    "route": "K75A",
    "dir": "O",
    "seq": 3,
    "name_tc": "石埗村",
    "name_en": "Shek Po Tsuen",
    "ref": "K75A"
   }
  },
  {
   "type": "Feature",
   "geometry": {
    "type": "Point",
    "coordinates": [
     113.99772,
     22.433489
    ]
   },
   "properties": {
    "station_id": "K75A-D010",
    "route": "K75A",
    "dir": "O",
    "seq": 4,
    "name_tc": "輕鐵洪水橋站",
    "name_en": "LR Hung Shui Kiu Stop",
    "ref": "K75A"
   }
  },
  {
   "type": "Feature",
   "geometry": {
    "type": "Point",
    "coordinates": [
     113.992837,
     22.432897
    ]
   },
   "properties": {
    "station_id": "K75A-D020",
    "route": "K75A",
    "dir": "O",
    "seq": 5,
    "name_tc": "鄉事委員會",
    "name_en": "Rural Committee",
    "ref": "K75A"
   }
  },
  {
   "type": "Feature",
   "geometry": {
    "type": "Point",
    "coordinates": [
     113.992613,
     22.434526
    ]
   },
   "properties": {
    "station_id": "K75A-D030",
    "route": "K75A",
    "dir": "O",
    "seq": 6,
    "name_tc": "田心",
    "name_en": "Tin Sam",
    "ref": "K75A"
   }
  },
  {
   "type": "Feature",
   "geometry": {
    "type": "Point",
    "coordinates": [
     113.991851,
     22.436504
    ]
   },
   "properties": {
    "station_id": "K75A-D040",
    "route": "K75A",
    "dir": "O",
    "seq": 7,
    "name_tc": "新李屋村",
    "name_en": "San Lee Uk Tsuen",
    "ref": "K75A"
   }
  },
  {
   "type": "Feature",
   "geometry": {
    "type": "Point",
    "coordinates": [
     113.991583,
     22.439615
    ]
   },
   "properties": {
    "station_id": "K75A-D050",
    "route": "K75A",
    "dir": "O",
    "seq": 8,
    "name_tc": "新生村",
    "name_en": "San Sang Tsuen",
    "ref": "K75A"
   }
  },
  {
   "type": "Feature",
   "geometry": {
    "type": "Point",
    "coordinates": [
     113.991309,
     22.443545
    ]
   },
   "properties": {
    "station_id": "K75A-D060",
    "route": "K75A",
    "dir": "O",
    "seq": 9,
    "name_tc": "李屋村",
    "name_en": "Lee Uk Tsuen",
    "ref": "K75A"
   }
  },
  {
   "type": "Feature",
   "geometry": {
    "type": "Point",
    "coordinates": [
     113.992349,
     22.445107
    ]
   },
   "properties": {
    "station_id": "K75A-D070",
    "route": "K75A",
    "dir": "O",
    "seq": 10,
    "name_tc": "新屋村",
    "name_en": "San Uk Tsuen",
    "ref": "K75A"
   }
  },
  {
   "type": "Feature",
   "geometry": {
    "type": "Point",
    "coordinates": [
     113.993342,
     22.446257
    ]
   },
   "properties": {
    "station_id": "K75A-D080",
    "route": "K75A",
    "dir": "O",
    "seq": 11,
    "name_tc": "廈村市",
    "name_en": "Ha Tsuen Shi",
    "ref": "K75A"
   }
  },
  {
   "type": "Feature",
   "geometry": {
    "type": "Point",
    "coordinates": [
     113.994761,
     22.44670803
    ]
   },
   "properties": {
    "station_id": "K75A-D090",
    "route": "K75A",
    "dir": "O",
    "seq": 12,
    "name_tc": "廈村",
    "name_en": "Ha Tsuen ",
    "ref": "K75A"
   }
  },
  {
   "type": "Feature",
   "geometry": {
    "type": "Point",
    "coordinates": [
     113.997152,
     22.44663703
    ]
   },
   "properties": {
    "station_id": "K75A-D100",
    "route": "K75A",
    "dir": "O",
    "seq": 13,
    "name_tc": "沙洲里村",
    "name_en": "Sha Chau Lei Tsuen",
    "ref": "K75A"
   }
  },
  {
   "type": "Feature",
   "geometry": {
    "type": "Point",
    "coordinates": [
     114.002891,
     22.446928
    ]
   },
   "properties": {
    "station_id": "K75A-D110",
    "route": "K75A",
    "dir": "O",
    "seq": 14,
    "name_tc": "天盛苑 (港鐵天水圍站)",
    "name_en": "Tin Shing Court (MTR Tin Shui Wai Station)",
    "ref": "K75A"
   }
  },
  {
   "type": "Feature",
   "geometry": {
    "type": "Point",
    "coordinates": [
     114.0037516,
     22.44654
    ]
   },
   "properties": {
    "station_id": "K75A-U011",
    "route": "K75A",
    "dir": "O",
    "seq": 15,
    "name_tc": "天水圍站 (輕鐵天水圍站)",
    "name_en": "Tin Shui Wai Station (LR Tin Shui Wai Stop)",
    "ref": "K75A"
   }
  },
  {
   "type": "Feature",
   "geometry": {
    "type": "Point",
    "coordinates": [
     113.998975,
     22.455356
    ]
   },
   "properties": {
    "station_id": "K75P-U010",
    "route": "K75P",
    "dir": "O",
    "seq": 1,
    "name_tc": "天瑞",
    "name_en": "Tin Shui",
    "ref": "K75P"
   }
  },
  {
   "type": "Feature",
   "geometry": {
    "type": "Point",
    "coordinates": [
     114.003128,
     22.454494
    ]
   },
   "properties": {
    "station_id": "K75P-U020",
    "route": "K75P",
    "dir": "O",
    "seq": 2,
    "name_tc": "天水圍公園",
    "name_en": "Tin Shui Wai Park",
    "ref": "K75P"
   }
  },
  {
   "type": "Feature",
   "geometry": {
    "type": "Point",
    "coordinates": [
     114.002244,
     22.452347
    ]
   },
   "properties": {
    "station_id": "K75P-U030",
    "route": "K75P",
    "dir": "O",
    "seq": 3,
    "name_tc": "天耀邨耀盛樓",
    "name_en": "Yiu Shing House, Tin Yiu Estate",
    "ref": "K75P"
   }
  },
  {
   "type": "Feature",
   "geometry": {
    "type": "Point",
    "coordinates": [
     114.002836,
     22.450039
    ]
   },
   "properties": {
    "station_id": "K75P-U040",
    "route": "K75P",
    "dir": "O",
    "seq": 4,
    "name_tc": "輕鐵天耀站",
    "name_en": "LR Tin Yiu Stop",
    "ref": "K75P"
   }
  },
  {
   "type": "Feature",
   "geometry": {
    "type": "Point",
    "coordinates": [
     114.003097,
     22.446917
    ]
   },
   "properties": {
    "station_id": "K75P-U050",
    "route": "K75P",
    "dir": "O",
    "seq": 5,
    "name_tc": "天盛苑 (港鐵天水圍站)",
    "name_en": "Tin Shing Court (MTR Tin Shui Wai Station)",
    "ref": "K75P"
   }
  },
  {
   "type": "Feature",
   "geometry": {
    "type": "Point",
    "coordinates": [
     113.998247,
     22.446711
    ]
   },
   "properties": {
    "station_id": "K75P-U060",
    "route": "K75P",
    "dir": "O",
    "seq": 6,
    "name_tc": "石埗路",
    "name_en": "Shek Po Road",
    "ref": "K75P"
   }
  },
  {
   "type": "Feature",
   "geometry": {
    "type": "Point",
    "coordinates": [
     113.995617,
     22.446108
    ]
   },
   "properties": {
    "station_id": "K75P-U070",
    "route": "K75P",
    "dir": "O",
    "seq": 7,
    "name_tc": "沙洲里村",
    "name_en": "Sha Chau Lei Tsuen",
    "ref": "K75P"
   }
  },
  {
   "type": "Feature",
   "geometry": {
    "type": "Point",
    "coordinates": [
     113.993353,
     22.446186
    ]
   },
   "properties": {
    "station_id": "K75P-U080",
    "route": "K75P",
    "dir": "O",
    "seq": 8,
    "name_tc": "廈村市",
    "name_en": "Ha Tsuen Shi",
    "ref": "K75P"
   }
  },
  {
   "type": "Feature",
   "geometry": {
    "type": "Point",
    "coordinates": [
     113.992378,
     22.445111
    ]
   },
   "properties": {
    "station_id": "K75P-U090",
    "route": "K75P",
    "dir": "O",
    "seq": 9,
    "name_tc": "新屋村",
    "name_en": "San Uk Tsuen",
    "ref": "K75P"
   }
  },
  {
   "type": "Feature",
   "geometry": {
    "type": "Point",
    "coordinates": [
     113.991383,
     22.443717
    ]
   },
   "properties": {
    "station_id": "K75P-U100",
    "route": "K75P",
    "dir": "O",
    "seq": 10,
    "name_tc": "李屋村",
    "name_en": "Lee Uk Tsuen",
    "ref": "K75P"
   }
  },
  {
   "type": "Feature",
   "geometry": {
    "type": "Point",
    "coordinates": [
     113.991708,
     22.440183
    ]
   },
   "properties": {
    "station_id": "K75P-U110",
    "route": "K75P",
    "dir": "O",
    "seq": 11,
    "name_tc": "新生村",
    "name_en": "San Sang Tsuen",
    "ref": "K75P"
   }
  },
  {
   "type": "Feature",
   "geometry": {
    "type": "Point",
    "coordinates": [
     113.992242,
     22.436125
    ]
   },
   "properties": {
    "station_id": "K75P-U120",
    "route": "K75P",
    "dir": "O",
    "seq": 12,
    "name_tc": "新李屋村",
    "name_en": "San Lee Uk Tsuen",
    "ref": "K75P"
   }
  },
  {
   "type": "Feature",
   "geometry": {
    "type": "Point",
    "coordinates": [
     113.992694,
     22.433431
    ]
   },
   "properties": {
    "station_id": "K75P-U130",
    "route": "K75P",
    "dir": "O",
    "seq": 13,
    "name_tc": "田心",
    "name_en": "Tin Sam",
    "ref": "K75P"
   }
  },
  {
   "type": "Feature",
   "geometry": {
    "type": "Point",
    "coordinates": [
     113.992822,
     22.431597
    ]
   },
   "properties": {
    "station_id": "K75P-U140",
    "route": "K75P",
    "dir": "O",
    "seq": 14,
    "name_tc": "鄉事委員會",
    "name_en": "Rural Committee",
    "ref": "K75P"
   }
  },
  {
   "type": "Feature",
   "geometry": {
    "type": "Point",
    "coordinates": [
     113.997633,
     22.433889
    ]
   },
   "properties": {
    "station_id": "K75P-D010",
    "route": "K75P",
    "dir": "O",
    "seq": 15,
    "name_tc": "輕鐵洪水橋站",
    "name_en": "LR Hung Shui Kiu Stop",
    "ref": "K75P"
   }
  },
  {
   "type": "Feature",
   "geometry": {
    "type": "Point",
    "coordinates": [
     113.99985,
     22.436081
    ]
   },
   "properties": {
    "station_id": "K75P-D020",
    "route": "K75P",
    "dir": "O",
    "seq": 16,
    "name_tc": "洪水橋巴士廠",
    "name_en": "Hung Shui Kiu Bus Depot",
    "ref": "K75P"
   }
  },
  {
   "type": "Feature",
   "geometry": {
    "type": "Point",
    "coordinates": [
     113.999028,
     22.437436
    ]
   },
   "properties": {
    "station_id": "K75P-D030",
    "route": "K75P",
    "dir": "O",
    "seq": 17,
    "name_tc": "洪福邨",
    "name_en": "Hung Fuk Estate",
    "ref": "K75P"
   }
  },
  {
   "type": "Feature",
   "geometry": {
    "type": "Point",
    "coordinates": [
     113.998406,
     22.440381
    ]
   },
   "properties": {
    "station_id": "K75P-D040",
    "route": "K75P",
    "dir": "O",
    "seq": 18,
    "name_tc": "石埗村",
    "name_en": "Shek Po Tsuen",
    "ref": "K75P"
   }
  },
  {
   "type": "Feature",
   "geometry": {
    "type": "Point",
    "coordinates": [
     114.002789,
     22.446897
    ]
   },
   "properties": {
    "station_id": "K75P-D050",
    "route": "K75P",
    "dir": "O",
    "seq": 19,
    "name_tc": "天盛苑 (港鐵天水圍站)",
    "name_en": "Tin Shing Court (MTR Tin Shui Wai Station)",
    "ref": "K75P"
   }
  },
  {
   "type": "Feature",
   "geometry": {
    "type": "Point",
    "coordinates": [
     114.002956,
     22.449461
    ]
   },
   "properties": {
    "station_id": "K75P-D060",
    "route": "K75P",
    "dir": "O",
    "seq": 20,
    "name_tc": "天水圍警署",
    "name_en": "Tin Shui Wai Police Station",
    "ref": "K75P"
   }
  },
  {
   "type": "Feature",
   "geometry": {
    "type": "Point",
    "coordinates": [
     114.002228,
     22.452539
    ]
   },
   "properties": {
    "station_id": "K75P-D070",
    "route": "K75P",
    "dir": "O",
    "seq": 21,
    "name_tc": "賞湖居",
    "name_en": "Sherwood Court",
    "ref": "K75P"
   }
  },
  {
   "type": "Feature",
   "geometry": {
    "type": "Point",
    "coordinates": [
     114.002736,
     22.454522
    ]
   },
   "properties": {
    "station_id": "K75P-D080",
    "route": "K75P",
    "dir": "O",
    "seq": 22,
    "name_tc": "天水圍公園",
    "name_en": "Tin Shui Wai Park",
    "ref": "K75P"
   }
  },
  {
   "type": "Feature",
   "geometry": {
    "type": "Point",
    "coordinates": [
     113.998975,
     22.455356
    ]
   },
   "properties": {
    "station_id": "K75P-U011",
    "route": "K75P",
    "dir": "O",
    "seq": 23,
    "name_tc": "天瑞",
    "name_en": "Tin Shui",
    "ref": "K75P"
   }
  },
  {
   "type": "Feature",
   "geometry": {
    "type": "Point",
    "coordinates": [
     113.99985,
     22.436081
    ]
   },
   "properties": {
    "station_id": "K75P-D020",
    "route": "K75P",
    "dir": "O",
    "seq": 1,
    "name_tc": "洪水橋巴士廠",
    "name_en": "Hung Shui Kiu Bus Depot",
    "ref": "K75P1"
   }
  },
  {
   "type": "Feature",
   "geometry": {
    "type": "Point",
    "coordinates": [
     113.999028,
     22.437436
    ]
   },
   "properties": {
    "station_id": "K75P-D030",
    "route": "K75P",
    "dir": "O",
    "seq": 2,
    "name_tc": "洪福邨",
    "name_en": "Hung Fuk Estate",
    "ref": "K75P1"
   }
  },
  {
   "type": "Feature",
   "geometry": {
    "type": "Point",
    "coordinates": [
     113.998406,
     22.440381
    ]
   },
   "properties": {
    "station_id": "K75P-D040",
    "route": "K75P",
    "dir": "O",
    "seq": 3,
    "name_tc": "石埗村",
    "name_en": "Shek Po Tsuen",
    "ref": "K75P1"
   }
  },
  {
   "type": "Feature",
   "geometry": {
    "type": "Point",
    "coordinates": [
     114.002789,
     22.446897
    ]
   },
   "properties": {
    "station_id": "K75P-D050",
    "route": "K75P",
    "dir": "O",
    "seq": 4,
    "name_tc": "天盛苑 ",
    "name_en": "Tin Shing Court ",
    "ref": "K75P1"
   }
  },
  {
   "type": "Feature",
   "geometry": {
    "type": "Point",
    "coordinates": [
     114.002956,
     22.449461
    ]
   },
   "properties": {
    "station_id": "K75P-D060",
    "route": "K75P",
    "dir": "O",
    "seq": 5,
    "name_tc": "天水圍警署",
    "name_en": "Tin Shui Wai Police Station",
    "ref": "K75P1"
   }
  },
  {
   "type": "Feature",
   "geometry": {
    "type": "Point",
    "coordinates": [
     114.002228,
     22.452539
    ]
   },
   "properties": {
    "station_id": "K75P-D070",
    "route": "K75P",
    "dir": "O",
    "seq": 6,
    "name_tc": "賞湖居",
    "name_en": "Sherwood Court",
    "ref": "K75P1"
   }
  },
  {
   "type": "Feature",
   "geometry": {
    "type": "Point",
    "coordinates": [
     114.002736,
     22.454522
    ]
   },
   "properties": {
    "station_id": "K75P-D080",
    "route": "K75P",
    "dir": "O",
    "seq": 7,
    "name_tc": "天水圍公園",
    "name_en": "Tin Shui Wai Park",
    "ref": "K75P1"
   }
  },
  {
   "type": "Feature",
   "geometry": {
    "type": "Point",
    "coordinates": [
     113.998975,
     22.455356
    ]
   },
   "properties": {
    "station_id": "K75P-U011",
    "route": "K75P",
    "dir": "O",
    "seq": 8,
    "name_tc": "天瑞",
    "name_en": "Tin Shui",
    "ref": "K75P1"
   }
  },
  {
   "type": "Feature",
   "geometry": {
    "type": "Point",
    "coordinates": [
     113.99985,
     22.436081
    ]
   },
   "properties": {
    "station_id": "K75S-U040",
    "route": "K75S",
    "dir": "O",
    "seq": 1,
    "name_tc": "洪水橋巴士廠",
    "name_en": "Hung Shui Kiu Bus Depot",
    "ref": "K75S1"
   }
  },
  {
   "type": "Feature",
   "geometry": {
    "type": "Point",
    "coordinates": [
     113.999028,
     22.437436
    ]
   },
   "properties": {
    "station_id": "K75S-D010",
    "route": "K75S",
    "dir": "O",
    "seq": 2,
    "name_tc": "洪福邨",
    "name_en": "Hung Fuk Estate",
    "ref": "K75S1"
   }
  },
  {
   "type": "Feature",
   "geometry": {
    "type": "Point",
    "coordinates": [
     113.998406,
     22.440381
    ]
   },
   "properties": {
    "station_id": "K75S-D020",
    "route": "K75S",
    "dir": "O",
    "seq": 3,
    "name_tc": "石埗村",
    "name_en": "Shek Po Tsuen",
    "ref": "K75S1"
   }
  },
  {
   "type": "Feature",
   "geometry": {
    "type": "Point",
    "coordinates": [
     114.002789,
     22.446897
    ]
   },
   "properties": {
    "station_id": "K75S-D030",
    "route": "K75S",
    "dir": "O",
    "seq": 4,
    "name_tc": "天盛苑 ",
    "name_en": "Tin Shing Court ",
    "ref": "K75S1"
   }
  },
  {
   "type": "Feature",
   "geometry": {
    "type": "Point",
    "coordinates": [
     114.0037516,
     22.44654
    ]
   },
   "properties": {
    "station_id": "K75S-U011",
    "route": "K75S",
    "dir": "O",
    "seq": 5,
    "name_tc": "天水圍站 ",
    "name_en": "Tin Shui Wai Station ",
    "ref": "K75S1"
   }
  },
  {
   "type": "Feature",
   "geometry": {
    "type": "Point",
    "coordinates": [
     114.0037516,
     22.44654
    ]
   },
   "properties": {
    "station_id": "K75S-U010",
    "route": "K75S",
    "dir": "O",
    "seq": 1,
    "name_tc": "天水圍站 ",
    "name_en": "Tin Shui Wai Station ",
    "ref": "K75S"
   }
  },
  {
   "type": "Feature",
   "geometry": {
    "type": "Point",
    "coordinates": [
     114.00307,
     22.446839
    ]
   },
   "properties": {
    "station_id": "K75S-U020",
    "route": "K75S",
    "dir": "O",
    "seq": 2,
    "name_tc": "天盛苑 ",
    "name_en": "Tin Shing Court ",
    "ref": "K75S"
   }
  },
  {
   "type": "Feature",
   "geometry": {
    "type": "Point",
    "coordinates": [
     113.998965,
     22.440307
    ]
   },
   "properties": {
    "station_id": "K75S-U030",
    "route": "K75S",
    "dir": "O",
    "seq": 3,
    "name_tc": "石埗村",
    "name_en": "Shek Po Tsuen",
    "ref": "K75S"
   }
  },
  {
   "type": "Feature",
   "geometry": {
    "type": "Point",
    "coordinates": [
     113.99985,
     22.436081
    ]
   },
   "properties": {
    "station_id": "K75S-U040",
    "route": "K75S",
    "dir": "O",
    "seq": 4,
    "name_tc": "洪水橋巴士廠",
    "name_en": "Hung Shui Kiu Bus Depot",
    "ref": "K75S"
   }
  },
  {
   "type": "Feature",
   "geometry": {
    "type": "Point",
    "coordinates": [
     113.999028,
     22.437436
    ]
   },
   "properties": {
    "station_id": "K75S-D010",
    "route": "K75S",
    "dir": "O",
    "seq": 5,
    "name_tc": "洪福邨",
    "name_en": "Hung Fuk Estate",
    "ref": "K75S"
   }
  },
  {
   "type": "Feature",
   "geometry": {
    "type": "Point",
    "coordinates": [
     113.998406,
     22.440381
    ]
   },
   "properties": {
    "station_id": "K75S-D020",
    "route": "K75S",
    "dir": "O",
    "seq": 6,
    "name_tc": "石埗村",
    "name_en": "Shek Po Tsuen",
    "ref": "K75S"
   }
  },
  {
   "type": "Feature",
   "geometry": {
    "type": "Point",
    "coordinates": [
     114.002789,
     22.446897
    ]
   },
   "properties": {
    "station_id": "K75S-D030",
    "route": "K75S",
    "dir": "O",
    "seq": 7,
    "name_tc": "天盛苑 ",
    "name_en": "Tin Shing Court ",
    "ref": "K75S"
   }
  },
  {
   "type": "Feature",
   "geometry": {
    "type": "Point",
    "coordinates": [
     114.0037516,
     22.44654
    ]
   },
   "properties": {
    "station_id": "K75S-U011",
    "route": "K75S",
    "dir": "O",
    "seq": 8,
    "name_tc": "天水圍站 ",
    "name_en": "Tin Shui Wai Station ",
    "ref": "K75S"
   }
  },
  {
   "type": "Feature",
   "geometry": {
    "type": "Point",
    "coordinates": [
     113.999661,
     22.469006
    ]
   },
   "properties": {
    "station_id": "K76-U010",
    "route": "K76",
    "dir": "O",
    "seq": 1,
    "name_tc": "天恆",
    "name_en": "Tin Heng",
    "ref": "K76"
   }
  },
  {
   "type": "Feature",
   "geometry": {
    "type": "Point",
    "coordinates": [
     113.999383,
     22.468178
    ]
   },
   "properties": {
    "station_id": "K76-U020",
    "route": "K76",
    "dir": "O",
    "seq": 2,
    "name_tc": "天逸邨逸潭樓",
    "name_en": "Yat Tam House, Tin Yat Estate",
    "ref": "K76"
   }
  },
  {
   "type": "Feature",
   "geometry": {
    "type": "Point",
    "coordinates": [
     113.997442,
     22.464353
    ]
   },
   "properties": {
    "station_id": "K76-U030",
    "route": "K76",
    "dir": "O",
    "seq": 3,
    "name_tc": "天富苑欣富閣",
    "name_en": "Yan Fu House, Tin Fu Court",
    "ref": "K76"
   }
  },
  {
   "type": "Feature",
   "geometry": {
    "type": "Point",
    "coordinates": [
     114.002819,
     22.446864
    ]
   },
   "properties": {
    "station_id": "K76-U040",
    "route": "K76",
    "dir": "O",
    "seq": 4,
    "name_tc": "天盛苑 (港鐵天水圍站)",
    "name_en": "Tin Shing Court (MTR Tin Shui Wai Station)",
    "ref": "K76"
   }
  },
  {
   "type": "Feature",
   "geometry": {
    "type": "Point",
    "coordinates": [
     114.003731,
     22.446556
    ]
   },
   "properties": {
    "station_id": "K76-U050",
    "route": "K76",
    "dir": "O",
    "seq": 5,
    "name_tc": "天水圍站 (港鐵天水圍站)",
    "name_en": "Tin Shui Wai Station (MTR Tin Shui Wai Station)",
    "ref": "K76"
   }
  },
  {
   "type": "Feature",
   "geometry": {
    "type": "Point",
    "coordinates": [
     114.003731,
     22.446556
    ]
   },
   "properties": {
    "station_id": "K76-D010",
    "route": "K76",
    "dir": "I",
    "seq": 1,
    "name_tc": "天水圍站 (港鐵天水圍站)",
    "name_en": "Tin Shui Wai Station (MTR Tin Shui Wai Station)",
    "ref": "K76"
   }
  },
  {
   "type": "Feature",
   "geometry": {
    "type": "Point",
    "coordinates": [
     113.99725,
     22.464592
    ]
   },
   "properties": {
    "station_id": "K76-D020",
    "route": "K76",
    "dir": "I",
    "seq": 2,
    "name_tc": "天恩邨",
    "name_en": "Tin Yan Estate",
    "ref": "K76"
   }
  },
  {
   "type": "Feature",
   "geometry": {
    "type": "Point",
    "coordinates": [
     113.999058,
     22.468061
    ]
   },
   "properties": {
    "station_id": "K76-D030",
    "route": "K76",
    "dir": "I",
    "seq": 3,
    "name_tc": "天澤邨",
    "name_en": "Tin Chak Estate",
    "ref": "K76"
   }
  },
  {
   "type": "Feature",
   "geometry": {
    "type": "Point",
    "coordinates": [
     113.999661,
     22.469006
    ]
   },
   "properties": {
    "station_id": "K76-D040",
    "route": "K76",
    "dir": "I",
    "seq": 4,
    "name_tc": "天恆",
    "name_en": "Tin Heng",
    "ref": "K76"
   }
  },
  {
   "type": "Feature",
   "geometry": {
    "type": "Point",
    "coordinates": [
     114.006304,
     22.465762
    ]
   },
   "properties": {
    "station_id": "K76S-U010",
    "route": "K76S",
    "dir": "O",
    "seq": 1,
    "name_tc": "濕地公園路(近天葵路)",
    "name_en": "Wetland Park Road (near Tin Kwai Road)",
    "ref": "K76S"
   }
  },
  {
   "type": "Feature",
   "geometry": {
    "type": "Point",
    "coordinates": [
     114.002755,
     22.469204
    ]
   },
   "properties": {
    "station_id": "K76S-U015",
    "route": "K76S",
    "dir": "O",
    "seq": 2,
    "name_tc": "輕鐵濕地公園站",
    "name_en": "LR Wetland Park Stop",
    "ref": "K76S"
   }
  },
  {
   "type": "Feature",
   "geometry": {
    "type": "Point",
    "coordinates": [
     113.999383,
     22.468178
    ]
   },
   "properties": {
    "station_id": "K76S-U020",
    "route": "K76S",
    "dir": "O",
    "seq": 3,
    "name_tc": "天逸邨逸潭樓",
    "name_en": "Yat Tam House, Tin Yat Estate",
    "ref": "K76S"
   }
  },
  {
   "type": "Feature",
   "geometry": {
    "type": "Point",
    "coordinates": [
     113.997442,
     22.464353
    ]
   },
   "properties": {
    "station_id": "K76S-U030",
    "route": "K76S",
    "dir": "O",
    "seq": 4,
    "name_tc": "天富苑欣富閣",
    "name_en": "Yan Fu House, Tin Fu Court",
    "ref": "K76S"
   }
  },
  {
   "type": "Feature",
   "geometry": {
    "type": "Point",
    "coordinates": [
     114.002819,
     22.446864
    ]
   },
   "properties": {
    "station_id": "K76S-U040",
    "route": "K76S",
    "dir": "O",
    "seq": 5,
    "name_tc": "天盛苑",
    "name_en": "Tin Shing Court",
    "ref": "K76S"
   }
  },
  {
   "type": "Feature",
   "geometry": {
    "type": "Point",
    "coordinates": [
     114.003731,
     22.446556
    ]
   },
   "properties": {
    "station_id": "K76S-D010",
    "route": "K76S",
    "dir": "I",
    "seq": 1,
    "name_tc": "天水圍站 ",
    "name_en": "Tin Shui Wai Station ",
    "ref": "K76S"
   }
  },
  {
   "type": "Feature",
   "geometry": {
    "type": "Point",
    "coordinates": [
     113.99725,
     22.464592
    ]
   },
   "properties": {
    "station_id": "K76S-D020",
    "route": "K76S",
    "dir": "I",
    "seq": 2,
    "name_tc": "天恩邨",
    "name_en": "Tin Yan Estate",
    "ref": "K76S"
   }
  },
  {
   "type": "Feature",
   "geometry": {
    "type": "Point",
    "coordinates": [
     113.999058,
     22.468061
    ]
   },
   "properties": {
    "station_id": "K76S-D030",
    "route": "K76S",
    "dir": "I",
    "seq": 3,
    "name_tc": "天澤邨",
    "name_en": "Tin Chak Estate",
    "ref": "K76S"
   }
  },
  {
   "type": "Feature",
   "geometry": {
    "type": "Point",
    "coordinates": [
     114.002782,
     22.469919
    ]
   },
   "properties": {
    "station_id": "K76S-D040",
    "route": "K76S",
    "dir": "I",
    "seq": 4,
    "name_tc": "輕鐵濕地公園站",
    "name_en": "LR Wetland Park Stop",
    "ref": "K76S"
   }
  },
  {
   "type": "Feature",
   "geometry": {
    "type": "Point",
    "coordinates": [
     114.006408,
     22.466018
    ]
   },
   "properties": {
    "station_id": "K76S-D050",
    "route": "K76S",
    "dir": "I",
    "seq": 5,
    "name_tc": "濕地公園路(近天葵路)",
    "name_en": "Wetland Park Road (near Tin Kwai Road)",
    "ref": "K76S"
   }
  }
 ]
}